2026-09-23 00:13:52.914 INFO  [payment-service,8f640e14bcf81f57,f84ad341] [settlement-5] com.example.payment.ReconciliationJob - Reconciled 459 rows, 2 mismatches
2026-09-23 00:19:45.639 INFO  [payment-service,2b4487705f9f5be2,fb55ac01] [settlement-4] com.example.payment.ReconciliationJob - Reconciled 529 rows, 0 mismatches
2026-09-23 00:22:58.751 INFO  [payment-service,8e1d881def081ba6,56e9356d] [http-nio-8081-exec-5] com.example.payment.PayoutController - POST /api/v1/payouts 201 in 222ms
2026-09-23 00:33:50.350 INFO  [payment-service,8f1802142acc2ce7,863854c3] [http-nio-8081-exec-6] com.example.payment.PayoutController - POST /api/v1/payouts 201 in 53ms
2026-09-23 00:43:41.423 INFO  [payment-service,fd74780d1673de57,83f2a325] [http-nio-8081-exec-3] com.example.payment.PaymentRetryClient - Settled reference SET-844665 amount=6297
2026-09-23 00:53:22.212 INFO  [payment-service,be98a9e7d318f2f5,fbf6fc7f] [settlement-3] com.example.payment.ReconciliationJob - Reconciled 1135 rows, 3 mismatches
2026-09-23 01:17:58.036 DEBUG [payment-service,5b732658244dd4e1,8b0e83cf] [settlement-1] com.example.payment.SettlementApiClient - POST https://bank.example.com/v2/settle -> 200 in 900ms
2026-09-23 01:22:45.747 WARN  [payment-service,986aeac2f4b8f6db,d7227ba6] [settlement-2] com.example.payment.SettlementApiClient - Upstream latency 1609ms exceeds the 1000ms budget
2026-09-23 01:26:52.777 INFO  [payment-service,bf463d8b83a1017d,909a2d43] [http-nio-8081-exec-4] com.example.payment.PayoutController - POST /api/v1/payouts 201 in 242ms
2026-09-23 01:56:14.192 WARN  [payment-service,604e62550712b900,3619b4b0] [settlement-8] com.example.payment.SettlementApiClient - Upstream latency 1412ms exceeds the 1000ms budget
2026-09-23 02:12:41.811 INFO  [payment-service,de16871c484b0e5c,047947fc] [settlement-7] com.example.payment.PayoutController - POST /api/v1/payouts 201 in 277ms
2026-09-23 02:23:29.224 WARN  [payment-service,9964c0d6868f88eb,e69ee977] [settlement-6] com.example.payment.SettlementApiClient - Upstream latency 1551ms exceeds the 1000ms budget
2026-09-23 02:29:09.519 WARN  [payment-service,e1d0bd5b64f103ca,7aa5b377] [http-nio-8081-exec-9] com.example.payment.SettlementApiClient - Upstream latency 1694ms exceeds the 1000ms budget
2026-09-23 02:46:00.000 INFO  [payment-service,5564694cbba909af,51640992] [settlement-9] com.example.payment.ReconciliationJob - Reconciled 1177 rows, 1 mismatches
2026-09-23 02:48:57.399 WARN  [payment-service,839586f5426f8370,49742738] [http-nio-8081-exec-1] com.example.payment.SettlementApiClient - Upstream latency 1221ms exceeds the 1000ms budget
2026-09-23 02:50:04.539 DEBUG [payment-service,20bd77a48c345bd4,53c68e23] [settlement-3] com.example.payment.SettlementApiClient - POST https://bank.example.com/v2/settle -> 200 in 168ms
2026-09-23 03:06:33.545 INFO  [payment-service,d1621a67ee0321ad,45d65a67] [http-nio-8081-exec-7] com.example.payment.ReconciliationJob - Reconciled 511 rows, 2 mismatches
2026-09-23 03:06:53.052 INFO  [payment-service,2c25b387e517594d,2ab3358e] [settlement-5] com.example.payment.PaymentRetryClient - Settled reference SET-496647 amount=41391
2026-09-23 03:15:45.862 INFO  [payment-service,d2ef250103747c94,85587cc6] [settlement-2] com.example.payment.ReconciliationJob - Reconciled 1130 rows, 3 mismatches
2026-09-23 03:30:35.992 INFO  [payment-service,b2ea488cba7290bb,905a09de] [http-nio-8081-exec-5] com.example.payment.PaymentRetryClient - Settled reference SET-446093 amount=84752
2026-09-23 03:40:05.267 INFO  [payment-service,3c32d189a6570fcf,25e68b0c] [http-nio-8081-exec-8] com.example.payment.PayoutController - POST /api/v1/payouts 201 in 276ms
2026-09-23 03:40:10.324 INFO  [payment-service,9200910ffd86e4ef,cf7c2d03] [http-nio-8081-exec-5] com.example.payment.PayoutController - POST /api/v1/payouts 201 in 195ms
2026-09-23 03:54:57.475 INFO  [payment-service,7c4d6301c49439ad,e1fc743c] [settlement-3] com.example.payment.PayoutController - POST /api/v1/payouts 201 in 87ms
2026-09-23 04:22:17.214 INFO  [payment-service,ce174cb94f7695fb,71f4bba8] [settlement-6] com.example.payment.PaymentRetryClient - Settled reference SET-877960 amount=9067
2026-09-23 04:33:46.778 INFO  [payment-service,dccb9054942d1303,00f707f4] [settlement-6] com.example.payment.PayoutController - POST /api/v1/payouts 201 in 180ms
2026-09-23 04:36:08.631 ERROR [payment-service,a7b5520adc3dc833,83768bac] [http-nio-8081-exec-1] com.example.payment.PayoutController - Payout preview failed for payee 60278
java.lang.NullPointerException: Cannot invoke "String.charAt(int)" because "middleName" is null
	at com.example.common.NameFormatter.initials(NameFormatter.java:22)
	at com.example.payment.PaymentProfileEnricher.payeeInitials(PaymentProfileEnricher.java:15)
	at com.example.payment.PayoutController.preview(PayoutController.java:112)
	at java.base/java.lang.Thread.run(Thread.java:1583)
2026-09-23 04:38:05.030 ERROR [payment-service,919f300c3eb10914,de187ea4] [http-nio-8081-exec-6] com.example.payment.PayoutController - Payout preview failed for payee 82760
java.lang.NullPointerException: Cannot invoke "String.charAt(int)" because "middleName" is null
	at com.example.common.NameFormatter.initials(NameFormatter.java:22)
	at com.example.payment.PaymentProfileEnricher.payeeInitials(PaymentProfileEnricher.java:15)
	at com.example.payment.PayoutController.preview(PayoutController.java:112)
	at java.base/java.lang.Thread.run(Thread.java:1583)
2026-09-23 04:38:06.101 INFO  [payment-service,d93a8155bda2769d,6d9aad16] [settlement-4] com.example.payment.PaymentRetryClient - Settled reference SET-117159 amount=60556
2026-09-23 04:50:42.537 INFO  [payment-service,b013a2b81eaa9bd2,e8776069] [http-nio-8081-exec-2] com.example.payment.ReconciliationJob - Reconciled 476 rows, 3 mismatches
2026-09-23 04:57:19.530 INFO  [payment-service,fa5062ce9f1d44ad,2375fd4e] [http-nio-8081-exec-4] com.example.payment.ReconciliationJob - Reconciled 587 rows, 2 mismatches
2026-09-23 05:14:46.925 ERROR [payment-service,77cffdc9162d52e3,894407f8] [http-nio-8081-exec-3] com.example.payment.PayoutController - Payout preview failed for payee 30299
java.lang.NullPointerException: Cannot invoke "String.charAt(int)" because "middleName" is null
	at com.example.common.NameFormatter.initials(NameFormatter.java:22)
	at com.example.payment.PaymentProfileEnricher.payeeInitials(PaymentProfileEnricher.java:15)
	at com.example.payment.PayoutController.preview(PayoutController.java:112)
	at java.base/java.lang.Thread.run(Thread.java:1583)
2026-09-23 05:15:12.851 DEBUG [payment-service,bb8450982e3fcb1d,521755f8] [http-nio-8081-exec-6] com.example.payment.SettlementApiClient - POST https://bank.example.com/v2/settle -> 200 in 419ms
2026-09-23 05:18:31.452 WARN  [payment-service,51ddac0fe13aaef9,d2c8c75d] [http-nio-8081-exec-4] com.example.payment.SettlementApiClient - Upstream latency 1666ms exceeds the 1000ms budget
2026-09-23 05:23:13.010 INFO  [payment-service,5276208bcc839fa6,a435a911] [http-nio-8081-exec-1] com.example.payment.PayoutController - POST /api/v1/payouts 201 in 95ms
2026-09-23 05:32:33.211 DEBUG [payment-service,1ddde5c0a21f1c74,8dcf1391] [http-nio-8081-exec-6] com.example.payment.SettlementApiClient - POST https://bank.example.com/v2/settle -> 200 in 201ms
2026-09-23 05:44:25.957 INFO  [payment-service,71e882ab27dfc12e,b8f22c6b] [http-nio-8081-exec-5] com.example.payment.ReconciliationJob - Reconciled 1118 rows, 0 mismatches
2026-09-23 05:50:29.943 WARN  [payment-service,f0d79f63823c9a45,a763d68b] [http-nio-8081-exec-6] com.example.payment.SettlementApiClient - Upstream latency 2368ms exceeds the 1000ms budget
2026-09-23 06:14:45.393 DEBUG [payment-service,adfb933d14d93478,903f5cad] [http-nio-8081-exec-9] com.example.payment.SettlementApiClient - POST https://bank.example.com/v2/settle -> 200 in 225ms
2026-09-23 06:18:26.159 INFO  [payment-service,9991b867aba6dd06,1e78ab00] [settlement-9] com.example.payment.ReconciliationJob - Reconciled 706 rows, 2 mismatches
2026-09-23 06:28:07.097 DEBUG [payment-service,2a384a2d8652d682,25896534] [settlement-7] com.example.payment.SettlementApiClient - POST https://bank.example.com/v2/settle -> 200 in 719ms
2026-09-23 06:38:27.591 WARN  [payment-service,81c875e7480c9af7,be537cd3] [settlement-8] com.example.payment.SettlementApiClient - Upstream latency 2066ms exceeds the 1000ms budget
2026-09-23 06:41:54.261 INFO  [payment-service,60bc2d96ed7bd8b4,bfa4591f] [http-nio-8081-exec-4] com.example.payment.PayoutController - POST /api/v1/payouts 201 in 244ms
2026-09-23 06:55:27.170 INFO  [payment-service,550ba8b9d8aae33e,415f2078] [settlement-6] com.example.payment.PayoutController - POST /api/v1/payouts 201 in 256ms
2026-09-23 07:03:26.176 INFO  [payment-service,ead19ce96f3cf26a,c442a5fd] [settlement-9] com.example.payment.PayoutController - POST /api/v1/payouts 201 in 286ms
2026-09-23 07:04:19.429 WARN  [payment-service,77b94d3adc5d0d61,77c984e6] [http-nio-8081-exec-3] com.example.payment.SettlementApiClient - Upstream latency 2297ms exceeds the 1000ms budget
2026-09-23 07:09:05.305 DEBUG [payment-service,6fb5157b54b1b189,196d2849] [settlement-5] com.example.payment.SettlementApiClient - POST https://bank.example.com/v2/settle -> 200 in 448ms
2026-09-23 07:16:34.825 WARN  [payment-service,af352ee7d6218f82,964115d6] [settlement-4] com.example.payment.SettlementApiClient - Upstream latency 2036ms exceeds the 1000ms budget
2026-09-23 07:19:29.960 DEBUG [payment-service,f3bd7d0d8cfb01d3,7f25056f] [settlement-8] com.example.payment.SettlementApiClient - POST https://bank.example.com/v2/settle -> 200 in 666ms
2026-09-23 07:40:19.567 INFO  [payment-service,17f6fdc0159288d5,3b46b04f] [http-nio-8081-exec-9] com.example.payment.PayoutController - POST /api/v1/payouts 201 in 100ms
2026-09-23 07:44:16.997 INFO  [payment-service,2c1fe36dbab0ed25,22023d90] [settlement-5] com.example.payment.PaymentRetryClient - Settled reference SET-139619 amount=26537
2026-09-23 07:44:31.548 INFO  [payment-service,e478b86d5c898ffc,8ba082e9] [http-nio-8081-exec-7] com.example.payment.PaymentRetryClient - Settled reference SET-489923 amount=67960
2026-09-23 07:50:52.150 WARN  [payment-service,d007ba13d8f89fdc,fa6fcf61] [http-nio-8081-exec-8] com.example.payment.SettlementApiClient - Upstream latency 2092ms exceeds the 1000ms budget
2026-09-23 07:56:31.046 INFO  [payment-service,a6592101f19f1d77,c174435c] [settlement-8] com.example.payment.ReconciliationJob - Reconciled 617 rows, 2 mismatches
2026-09-23 07:59:52.671 DEBUG [payment-service,66f98de62fcaec7a,2facd6a3] [http-nio-8081-exec-1] com.example.payment.SettlementApiClient - POST https://bank.example.com/v2/settle -> 200 in 685ms
2026-09-23 08:00:15.194 INFO  [payment-service,789e230e95ae0161,b9e7b1be] [http-nio-8081-exec-8] com.example.payment.PayoutController - POST /api/v1/payouts 201 in 210ms
2026-09-23 08:00:51.924 DEBUG [payment-service,5565ba924dbfd156,1184e533] [settlement-7] com.example.payment.SettlementApiClient - POST https://bank.example.com/v2/settle -> 200 in 651ms
2026-09-23 08:04:58.398 DEBUG [payment-service,7dbebda9bcd8c926,934f01db] [http-nio-8081-exec-2] com.example.payment.SettlementApiClient - POST https://bank.example.com/v2/settle -> 200 in 100ms
2026-09-23 08:06:14.321 INFO  [payment-service,1747e2cb1fab77c8,3fdc1a95] [http-nio-8081-exec-2] com.example.payment.PaymentRetryClient - Settled reference SET-914767 amount=40376
2026-09-23 08:06:26.584 INFO  [payment-service,5b4479877e69b263,2a565f3d] [http-nio-8081-exec-9] com.example.payment.PaymentRetryClient - Settled reference SET-364003 amount=42487
2026-09-23 08:08:54.567 DEBUG [payment-service,587e1c176a4f9ca3,434e9ed1] [settlement-3] com.example.payment.SettlementApiClient - POST https://bank.example.com/v2/settle -> 200 in 533ms
2026-09-23 08:08:55.747 INFO  [payment-service,b05cac0cd6199586,e572e265] [settlement-6] com.example.payment.PaymentRetryClient - Settled reference SET-442255 amount=4844
2026-09-23 08:09:05.336 DEBUG [payment-service,f114ab0862f4f5e8,ca288b1c] [http-nio-8081-exec-7] com.example.payment.SettlementApiClient - POST https://bank.example.com/v2/settle -> 200 in 581ms
2026-09-23 08:11:42.730 INFO  [payment-service,2969154c24720e32,6e7f411d] [settlement-4] com.example.payment.ReconciliationJob - Reconciled 906 rows, 1 mismatches
2026-09-23 08:13:28.914 INFO  [payment-service,2b5b32f6cb2b3872,c781ad7a] [http-nio-8081-exec-9] com.example.payment.PayoutController - POST /api/v1/payouts 201 in 169ms
2026-09-23 08:14:13.423 INFO  [payment-service,39801d41f030eebf,b4aeeb55] [settlement-7] com.example.payment.PaymentRetryClient - Settled reference SET-386094 amount=11482
2026-09-23 08:14:19.245 DEBUG [payment-service,08ee3a3ddbad4de5,b4f86a35] [settlement-5] com.example.payment.SettlementApiClient - POST https://bank.example.com/v2/settle -> 200 in 574ms
2026-09-23 08:14:29.111 INFO  [payment-service,7af7dee4d389bfa5,a955cc3c] [settlement-8] com.example.payment.PayoutController - POST /api/v1/payouts 201 in 232ms
2026-09-23 08:15:52.115 INFO  [payment-service,2efd7fad425dfd7a,e2f76bfc] [http-nio-8081-exec-5] com.example.payment.PayoutController - POST /api/v1/payouts 201 in 280ms
2026-09-23 08:16:26.259 INFO  [payment-service,36966cf00c6e9d65,b5ef5438] [http-nio-8081-exec-8] com.example.payment.PaymentRetryClient - Settled reference SET-993438 amount=64540
2026-09-23 08:16:44.343 INFO  [payment-service,75e0abf1b93bef88,86a1ce63] [settlement-8] com.example.payment.PaymentRetryClient - Settled reference SET-896204 amount=15684
2026-09-23 08:17:14.725 INFO  [payment-service,0a3815c6cbc2e518,9506d6eb] [http-nio-8081-exec-6] com.example.payment.PaymentRetryClient - Settled reference SET-122579 amount=17856
2026-09-23 08:22:10.821 INFO  [payment-service,d546ba1ac9a3ad21,aa93a3a9] [http-nio-8081-exec-7] com.example.payment.PaymentRetryClient - Settled reference SET-357396 amount=11983
2026-09-23 08:22:42.935 INFO  [payment-service,aa133d837b8af259,a2c449c4] [settlement-6] com.example.payment.PayoutController - POST /api/v1/payouts 201 in 194ms
2026-09-23 08:23:20.165 DEBUG [payment-service,314579c51bc15866,0de3e92c] [settlement-4] com.example.payment.SettlementApiClient - POST https://bank.example.com/v2/settle -> 200 in 351ms
2026-09-23 08:24:50.012 DEBUG [payment-service,3f0ffeebe7130592,6d493a43] [http-nio-8081-exec-5] com.example.payment.SettlementApiClient - POST https://bank.example.com/v2/settle -> 200 in 562ms
2026-09-23 08:25:30.967 WARN  [payment-service,2e2c6415f866a466,ed54ee86] [settlement-9] com.example.payment.SettlementApiClient - Upstream latency 1922ms exceeds the 1000ms budget
2026-09-23 08:25:41.152 WARN  [payment-service,f42163ec7902749a,bc6fd44c] [http-nio-8081-exec-9] com.example.payment.SettlementApiClient - Upstream latency 2568ms exceeds the 1000ms budget
2026-09-23 08:27:39.526 WARN  [payment-service,83254e0df0a73fc3,9f0fc8be] [settlement-4] com.example.payment.SettlementApiClient - Upstream latency 2444ms exceeds the 1000ms budget
2026-09-23 08:27:43.936 INFO  [payment-service,c2ad945defc2dfec,91dbc241] [http-nio-8081-exec-8] com.example.payment.ReconciliationJob - Reconciled 190 rows, 3 mismatches
2026-09-23 08:28:13.172 WARN  [payment-service,e91fb3f22f330dac,445de4ae] [settlement-2] com.example.payment.SettlementApiClient - Upstream latency 1752ms exceeds the 1000ms budget
2026-09-23 08:28:30.432 WARN  [payment-service,6e6b8411ec4bdded,1c724847] [settlement-7] com.example.payment.SettlementApiClient - Upstream latency 1597ms exceeds the 1000ms budget
2026-09-23 08:29:25.045 INFO  [payment-service,5a634e43231ac3c3,f7beed2e] [settlement-1] com.example.payment.ReconciliationJob - Reconciled 673 rows, 1 mismatches
2026-09-23 08:29:49.392 DEBUG [payment-service,ce1d14815591a99d,7533a97f] [settlement-1] com.example.payment.SettlementApiClient - POST https://bank.example.com/v2/settle -> 200 in 294ms
2026-09-23 08:30:04.649 INFO  [payment-service,dd7294f41e541f50,562f585f] [settlement-5] com.example.payment.PaymentRetryClient - Settled reference SET-285627 amount=65108
2026-09-23 08:31:34.580 INFO  [payment-service,746cd2ceb25a9429,86243d9c] [settlement-4] com.example.payment.PayoutController - POST /api/v1/payouts 201 in 117ms
2026-09-23 08:31:41.363 INFO  [payment-service,b38751dc37025b1d,9f6ee82a] [settlement-2] com.example.payment.PayoutController - POST /api/v1/payouts 201 in 150ms
2026-09-23 08:31:51.373 INFO  [payment-service,e20207a491190e8a,1450a9e5] [http-nio-8081-exec-3] com.example.payment.PayoutController - POST /api/v1/payouts 201 in 161ms
2026-09-23 08:34:40.379 INFO  [payment-service,cd9aebf9e2382cec,1c641e88] [settlement-1] com.example.payment.PayoutController - POST /api/v1/payouts 201 in 102ms
2026-09-23 08:35:29.848 INFO  [payment-service,f9e949ee182621bc,9bdb6fdb] [http-nio-8081-exec-8] com.example.payment.PayoutController - POST /api/v1/payouts 201 in 74ms
2026-09-23 08:35:38.731 INFO  [payment-service,cba591c2eed42f5a,d8820326] [settlement-9] com.example.payment.PaymentRetryClient - Settled reference SET-152346 amount=54498
2026-09-23 08:35:50.295 INFO  [payment-service,fdade0e9b34d3616,22ed94b6] [http-nio-8081-exec-3] com.example.payment.PayoutController - POST /api/v1/payouts 201 in 68ms
2026-09-23 08:37:31.179 INFO  [payment-service,ba867bd8073df2e6,2d77ba06] [settlement-4] com.example.payment.ReconciliationJob - Reconciled 617 rows, 0 mismatches
2026-09-23 08:38:56.868 WARN  [payment-service,cf63b0c9071274cc,ff9ec31c] [settlement-7] com.example.payment.SettlementApiClient - Upstream latency 1520ms exceeds the 1000ms budget
2026-09-23 08:39:07.280 INFO  [payment-service,d02152bedd644daa,28ac7207] [settlement-8] com.example.payment.PayoutController - POST /api/v1/payouts 201 in 304ms
2026-09-23 08:40:32.797 INFO  [payment-service,e1fff9e23648f2be,9b1043dc] [settlement-3] com.example.payment.ReconciliationJob - Reconciled 1158 rows, 1 mismatches
2026-09-23 08:40:37.383 INFO  [payment-service,cf9467a6f90dd550,45cf429f] [http-nio-8081-exec-6] com.example.payment.PaymentRetryClient - Settled reference SET-640292 amount=39561
2026-09-23 08:42:50.263 INFO  [payment-service,1b82a1151d26bb54,f75bf11c] [http-nio-8081-exec-8] com.example.payment.ReconciliationJob - Reconciled 465 rows, 1 mismatches
2026-09-23 08:43:09.452 INFO  [payment-service,6d8d7a429cce8326,e6437aee] [settlement-1] com.example.payment.PayoutController - POST /api/v1/payouts 201 in 277ms
2026-09-23 08:43:48.922 INFO  [payment-service,79a1152348f3fd1b,c5e4f7cc] [http-nio-8081-exec-5] com.example.payment.PayoutController - POST /api/v1/payouts 201 in 301ms
2026-09-23 08:47:27.606 INFO  [payment-service,e83cbbf11072db2b,d6d7c920] [settlement-4] com.example.payment.PaymentRetryClient - Settled reference SET-150776 amount=62105
2026-09-23 08:47:29.642 WARN  [payment-service,5eb107459f78f361,8e92909e] [settlement-1] com.example.payment.SettlementApiClient - Upstream latency 1842ms exceeds the 1000ms budget
2026-09-23 08:50:32.882 INFO  [payment-service,3b5b04d36ada1b87,82ab3e36] [http-nio-8081-exec-8] com.example.payment.PayoutController - POST /api/v1/payouts 201 in 315ms
2026-09-23 08:50:38.002 INFO  [payment-service,0abd210c356bfad5,aff6badf] [settlement-4] com.example.payment.PaymentRetryClient - Settled reference SET-711869 amount=52236
2026-09-23 08:51:01.369 WARN  [payment-service,34cc717a0c641311,c3c4f793] [http-nio-8081-exec-5] com.example.payment.SettlementApiClient - Upstream latency 1468ms exceeds the 1000ms budget
2026-09-23 08:51:24.838 INFO  [payment-service,f4b14e1058740579,d6aa9a68] [http-nio-8081-exec-9] com.example.payment.PayoutController - POST /api/v1/payouts 201 in 225ms
2026-09-23 08:51:35.186 INFO  [payment-service,4b4bee8680f0573b,e74745cc] [settlement-8] com.example.payment.PaymentRetryClient - Settled reference SET-187259 amount=22477
2026-09-23 08:54:09.290 INFO  [payment-service,90f268b890453184,7a949ed6] [http-nio-8081-exec-9] com.example.payment.ReconciliationJob - Reconciled 1191 rows, 1 mismatches
2026-09-23 08:55:01.259 INFO  [payment-service,ed8ea429f5326338,22c75561] [http-nio-8081-exec-1] com.example.payment.PaymentRetryClient - Settled reference SET-842620 amount=58906
2026-09-23 08:55:34.862 INFO  [payment-service,25ec20066b8e61d8,3e40ef2e] [settlement-6] com.example.payment.ReconciliationJob - Reconciled 644 rows, 1 mismatches
2026-09-23 08:57:47.308 INFO  [payment-service,602d3e0addc37fa2,fc793ff4] [http-nio-8081-exec-5] com.example.payment.ReconciliationJob - Reconciled 293 rows, 2 mismatches
2026-09-23 08:58:44.948 INFO  [payment-service,ca91a07ca77344a2,f450138a] [settlement-5] com.example.payment.PaymentRetryClient - Settled reference SET-307558 amount=2206
2026-09-23 09:04:42.032 INFO  [payment-service,e99f2b1040304ab2,071cd42c] [settlement-9] com.example.payment.PaymentRetryClient - Settled reference SET-957987 amount=79187
2026-09-23 09:04:51.887 DEBUG [payment-service,b39dba71602ec690,269b1f48] [settlement-3] com.example.payment.SettlementApiClient - POST https://bank.example.com/v2/settle -> 200 in 395ms
2026-09-23 09:05:08.062 INFO  [payment-service,38f66b5579bc2e35,37cd1cc2] [http-nio-8081-exec-8] com.example.payment.ReconciliationJob - Reconciled 1021 rows, 0 mismatches
2026-09-23 09:05:15.050 DEBUG [payment-service,b0213f1e0fb3637c,cc8f9304] [http-nio-8081-exec-4] com.example.payment.SettlementApiClient - POST https://bank.example.com/v2/settle -> 200 in 632ms
2026-09-23 09:05:20.882 INFO  [payment-service,dfa19316e5d68626,33e66f2f] [http-nio-8081-exec-8] com.example.payment.PayoutController - POST /api/v1/payouts 201 in 157ms
2026-09-23 09:05:43.555 INFO  [payment-service,6c98434092d53447,b8b7d536] [settlement-7] com.example.payment.PayoutController - POST /api/v1/payouts 201 in 171ms
2026-09-23 09:06:50.645 INFO  [payment-service,2c451a299a2fa78f,fb7257ea] [settlement-9] com.example.payment.PaymentRetryClient - Settled reference SET-322042 amount=38930
2026-09-23 09:08:04.825 INFO  [payment-service,8a0104a5ca7f0245,38f8f705] [settlement-3] com.example.payment.ReconciliationJob - Reconciled 497 rows, 3 mismatches
2026-09-23 09:08:35.348 INFO  [payment-service,a319a9908c3d6235,5e8dcfdf] [settlement-4] com.example.payment.PaymentRetryClient - Settled reference SET-535976 amount=89915
2026-09-23 09:09:48.012 INFO  [payment-service,26eafebf5cb28606,9a83885c] [http-nio-8081-exec-2] com.example.payment.ReconciliationJob - Reconciled 952 rows, 3 mismatches
2026-09-23 09:10:17.353 DEBUG [payment-service,69e26077b7652eaa,fe433fa3] [settlement-3] com.example.payment.SettlementApiClient - POST https://bank.example.com/v2/settle -> 200 in 499ms
2026-09-23 09:11:04.706 WARN  [payment-service,24d769986e45e8be,a552f06d] [settlement-1] com.example.payment.SettlementApiClient - Upstream latency 2162ms exceeds the 1000ms budget
2026-09-23 09:12:22.321 DEBUG [payment-service,3409317bc8d8cdde,021898b4] [settlement-6] com.example.payment.SettlementApiClient - POST https://bank.example.com/v2/settle -> 200 in 617ms
2026-09-23 09:13:27.133 WARN  [payment-service,20661ec778f1ef58,8d6211c7] [http-nio-8081-exec-2] com.example.payment.SettlementApiClient - Upstream latency 2315ms exceeds the 1000ms budget
2026-09-23 09:14:53.768 DEBUG [payment-service,a5f0ac1b7b664e35,b45fbd12] [settlement-3] com.example.payment.SettlementApiClient - POST https://bank.example.com/v2/settle -> 200 in 391ms
2026-09-23 09:15:23.727 INFO  [payment-service,3175b31551c775e3,948094af] [settlement-8] com.example.payment.ReconciliationJob - Reconciled 927 rows, 0 mismatches
2026-09-23 09:15:42.591 DEBUG [payment-service,fe3b9bce839bee9a,0a2d9641] [settlement-1] com.example.payment.SettlementApiClient - POST https://bank.example.com/v2/settle -> 200 in 618ms
2026-09-23 09:19:17.019 DEBUG [payment-service,eb80accbe125a08c,3c09ed98] [http-nio-8081-exec-5] com.example.payment.SettlementApiClient - POST https://bank.example.com/v2/settle -> 200 in 235ms
2026-09-23 09:19:57.426 INFO  [payment-service,40d1ec9bf13b08c0,3f886a94] [settlement-7] com.example.payment.PaymentRetryClient - Settled reference SET-525991 amount=67288
2026-09-23 09:20:21.673 INFO  [payment-service,71bdb61c2c9794b1,08758ae0] [settlement-9] com.example.payment.ReconciliationJob - Reconciled 345 rows, 2 mismatches
2026-09-23 09:23:44.774 INFO  [payment-service,6ba9be4fa65ef59c,6b902986] [http-nio-8081-exec-8] com.example.payment.ReconciliationJob - Reconciled 371 rows, 2 mismatches
2026-09-23 09:24:09.862 DEBUG [payment-service,28878dd4eec6880f,89a1bd14] [settlement-2] com.example.payment.SettlementApiClient - POST https://bank.example.com/v2/settle -> 200 in 759ms
2026-09-23 09:24:39.327 INFO  [payment-service,72862f0514d39949,a2d0fb05] [http-nio-8081-exec-3] com.example.payment.ReconciliationJob - Reconciled 815 rows, 2 mismatches
2026-09-23 09:24:56.742 DEBUG [payment-service,bbae9ad53a437e3a,d9da4052] [settlement-5] com.example.payment.SettlementApiClient - POST https://bank.example.com/v2/settle -> 200 in 877ms
2026-09-23 09:32:21.288 INFO  [payment-service,6b0138ffbc7131a7,1a44e80e] [http-nio-8081-exec-4] com.example.payment.PaymentRetryClient - Settled reference SET-165695 amount=39496
2026-09-23 09:32:47.564 DEBUG [payment-service,a7cb1a9e1c15c8f2,d0c24b48] [settlement-6] com.example.payment.SettlementApiClient - POST https://bank.example.com/v2/settle -> 200 in 418ms
2026-09-23 09:35:19.206 WARN  [payment-service,8a7472f4e358dce0,4b04201b] [http-nio-8081-exec-3] com.example.payment.SettlementApiClient - Upstream latency 1751ms exceeds the 1000ms budget
2026-09-23 09:35:22.996 INFO  [payment-service,9396b2efd38a7337,77803dea] [settlement-3] com.example.payment.ReconciliationJob - Reconciled 707 rows, 0 mismatches
2026-09-23 09:35:51.485 WARN  [payment-service,99fb9d04f9e59a7b,9f11fcee] [http-nio-8081-exec-3] com.example.payment.SettlementApiClient - Upstream latency 2068ms exceeds the 1000ms budget
2026-09-23 09:36:48.892 DEBUG [payment-service,4b3f867de9066dc8,70d2c8dd] [http-nio-8081-exec-3] com.example.payment.SettlementApiClient - POST https://bank.example.com/v2/settle -> 200 in 646ms
2026-09-23 09:38:23.056 INFO  [payment-service,84d9d85cdc666d89,b6509c43] [http-nio-8081-exec-1] com.example.payment.PaymentRetryClient - Settled reference SET-813599 amount=2296
2026-09-23 09:39:16.853 INFO  [payment-service,7e330dbb217b2ed9,df2210ef] [settlement-8] com.example.payment.PaymentRetryClient - Settled reference SET-669289 amount=7729
2026-09-23 09:39:33.432 WARN  [payment-service,22c86b63cae1e7a7,20e56d59] [http-nio-8081-exec-9] com.example.payment.SettlementApiClient - Upstream latency 1552ms exceeds the 1000ms budget
2026-09-23 09:41:28.440 WARN  [payment-service,db52bc84a6a9ebc2,30f25a8b] [http-nio-8081-exec-3] com.example.payment.SettlementApiClient - Upstream latency 1895ms exceeds the 1000ms budget
2026-09-23 09:41:30.938 INFO  [payment-service,10b7e61a8b710aac,ca95a547] [http-nio-8081-exec-7] com.example.payment.PaymentRetryClient - Settled reference SET-631547 amount=27636
2026-09-23 09:42:36.244 INFO  [payment-service,b81f6fc55ce9a04c,89fdb24e] [http-nio-8081-exec-3] com.example.payment.PayoutController - POST /api/v1/payouts 201 in 157ms
2026-09-23 09:42:43.081 INFO  [payment-service,cfeb133931ff50e6,81a8f860] [settlement-2] com.example.payment.PayoutController - POST /api/v1/payouts 201 in 81ms
2026-09-23 09:43:08.312 INFO  [payment-service,de49955f93ccbf79,3536c3ac] [settlement-8] com.example.payment.PayoutController - POST /api/v1/payouts 201 in 188ms
2026-09-23 09:43:30.971 WARN  [payment-service,44a2cbbb2c8b346b,32c68b64] [settlement-8] com.example.payment.SettlementApiClient - Upstream latency 2430ms exceeds the 1000ms budget
2026-09-23 09:44:02.501 WARN  [payment-service,6fa5c142d0709417,3d7a9ba6] [http-nio-8081-exec-3] com.example.payment.SettlementApiClient - Upstream latency 2587ms exceeds the 1000ms budget
2026-09-23 09:44:06.447 DEBUG [payment-service,85a2e3b11146b9e9,463c0a94] [settlement-8] com.example.payment.SettlementApiClient - POST https://bank.example.com/v2/settle -> 200 in 453ms
2026-09-23 09:44:50.497 DEBUG [payment-service,1574770ed521364f,1cd2bb30] [http-nio-8081-exec-2] com.example.payment.SettlementApiClient - POST https://bank.example.com/v2/settle -> 200 in 506ms
2026-09-23 09:45:44.836 INFO  [payment-service,c47b97050bf2db33,86bc5b87] [http-nio-8081-exec-1] com.example.payment.PaymentRetryClient - Settled reference SET-315021 amount=32325
2026-09-23 09:49:21.536 DEBUG [payment-service,0ad2a76bd77bec6a,667fc048] [settlement-2] com.example.payment.SettlementApiClient - POST https://bank.example.com/v2/settle -> 200 in 466ms
2026-09-23 09:50:26.545 DEBUG [payment-service,b4a954911015c793,22e9d781] [http-nio-8081-exec-2] com.example.payment.SettlementApiClient - POST https://bank.example.com/v2/settle -> 200 in 561ms
2026-09-23 09:52:22.755 INFO  [payment-service,288b39406db1155b,32745a93] [settlement-1] com.example.payment.PaymentRetryClient - Settled reference SET-518347 amount=11206
2026-09-23 09:52:47.480 INFO  [payment-service,c1470611699df80d,cb6fbf56] [http-nio-8081-exec-7] com.example.payment.PayoutController - POST /api/v1/payouts 201 in 303ms
2026-09-23 09:52:54.529 DEBUG [payment-service,4e04b51f5fac0f66,6648140d] [settlement-3] com.example.payment.SettlementApiClient - POST https://bank.example.com/v2/settle -> 200 in 633ms
2026-09-23 09:52:56.677 INFO  [payment-service,433219bdc4675f28,68cd62d9] [http-nio-8081-exec-5] com.example.payment.PayoutController - POST /api/v1/payouts 201 in 114ms
2026-09-23 09:53:12.999 INFO  [payment-service,9d705aae4c537c55,a7047963] [http-nio-8081-exec-8] com.example.payment.ReconciliationJob - Reconciled 211 rows, 3 mismatches
2026-09-23 09:53:33.908 WARN  [payment-service,6e30bda20f7c57f8,b70ca0a8] [http-nio-8081-exec-9] com.example.payment.SettlementApiClient - Upstream latency 1989ms exceeds the 1000ms budget
2026-09-23 09:54:08.379 WARN  [payment-service,c39b859bce81660a,03091f9c] [settlement-8] com.example.payment.SettlementApiClient - Upstream latency 2136ms exceeds the 1000ms budget
2026-09-23 09:54:20.347 INFO  [payment-service,01b7204943e8b92d,76986ab3] [settlement-6] com.example.payment.ReconciliationJob - Reconciled 877 rows, 0 mismatches
2026-09-23 09:55:52.380 DEBUG [payment-service,2fc28fb434636b9f,e525a49d] [http-nio-8081-exec-2] com.example.payment.SettlementApiClient - POST https://bank.example.com/v2/settle -> 200 in 395ms
2026-09-23 09:57:43.035 DEBUG [payment-service,a3bba52998ed7acf,a45112a4] [http-nio-8081-exec-6] com.example.payment.SettlementApiClient - POST https://bank.example.com/v2/settle -> 200 in 411ms
2026-09-23 09:58:50.478 INFO  [payment-service,0c6ca86beaf8dce7,694c997e] [http-nio-8081-exec-5] com.example.payment.PaymentRetryClient - Settled reference SET-676428 amount=50402
2026-09-23 09:59:31.442 INFO  [payment-service,c0633154a33221e9,dd8301c0] [http-nio-8081-exec-1] com.example.payment.ReconciliationJob - Reconciled 787 rows, 1 mismatches
2026-09-23 10:00:02.334 INFO  [payment-service,807317d1f791c931,8f446df0] [http-nio-8081-exec-4] com.example.payment.ReconciliationJob - Reconciled 1059 rows, 3 mismatches
2026-09-23 10:01:14.974 DEBUG [payment-service,9f0426d81a62e05b,3e3d24cd] [http-nio-8081-exec-1] com.example.payment.SettlementApiClient - POST https://bank.example.com/v2/settle -> 200 in 216ms
2026-09-23 10:01:54.966 INFO  [payment-service,04106a41e8564e46,1e1e8d6b] [http-nio-8081-exec-7] com.example.payment.PaymentRetryClient - Settled reference SET-119390 amount=9623
2026-09-23 10:02:25.572 WARN  [payment-service,d4cfef2d147156ef,a844f47b] [settlement-1] com.example.payment.SettlementApiClient - Upstream latency 1213ms exceeds the 1000ms budget
2026-09-23 10:02:36.105 WARN  [payment-service,91b4ba8982598d01,1bed2626] [settlement-2] com.example.payment.SettlementApiClient - Upstream latency 1992ms exceeds the 1000ms budget
2026-09-23 10:04:03.043 DEBUG [payment-service,7ad839efb49934f2,b7e45a41] [settlement-6] com.example.payment.SettlementApiClient - POST https://bank.example.com/v2/settle -> 200 in 157ms
2026-09-23 10:07:22.380 INFO  [payment-service,6d53f80be0bc0b9d,7d6090c5] [settlement-2] com.example.payment.PayoutController - POST /api/v1/payouts 201 in 227ms
2026-09-23 10:07:24.558 INFO  [payment-service,267a6547d9ecb5a1,c4d16f56] [settlement-3] com.example.payment.PaymentRetryClient - Settled reference SET-672443 amount=40783
2026-09-23 10:07:50.051 INFO  [payment-service,18109d01542cebb3,5f472fd1] [settlement-5] com.example.payment.ReconciliationJob - Reconciled 115 rows, 2 mismatches
2026-09-23 10:08:17.442 WARN  [payment-service,ff8660ddfe90f5a3,dc9deb17] [http-nio-8081-exec-6] com.example.payment.SettlementApiClient - Upstream latency 2181ms exceeds the 1000ms budget
2026-09-23 10:08:44.892 DEBUG [payment-service,6d0e910637854156,629c3a42] [http-nio-8081-exec-6] com.example.payment.SettlementApiClient - POST https://bank.example.com/v2/settle -> 200 in 131ms
2026-09-23 10:09:19.722 DEBUG [payment-service,be0f73e29981b169,ddcaff29] [http-nio-8081-exec-5] com.example.payment.SettlementApiClient - POST https://bank.example.com/v2/settle -> 200 in 523ms
2026-09-23 10:10:33.580 INFO  [payment-service,a2e439d5e1329401,04af071d] [settlement-4] com.example.payment.ReconciliationJob - Reconciled 1113 rows, 3 mismatches
2026-09-23 10:10:51.324 INFO  [payment-service,2c0edb21591ac541,817e0a3f] [settlement-8] com.example.payment.ReconciliationJob - Reconciled 893 rows, 3 mismatches
2026-09-23 10:12:11.629 INFO  [payment-service,4383db85d1365f76,60a84a7a] [settlement-6] com.example.payment.PaymentRetryClient - Settled reference SET-493913 amount=55509
2026-09-23 10:12:16.143 INFO  [payment-service,352c444e17bcaac6,96b9a08e] [http-nio-8081-exec-9] com.example.payment.PayoutController - POST /api/v1/payouts 201 in 261ms
2026-09-23 10:13:06.036 DEBUG [payment-service,d43dafa3e030bffe,17d9ae42] [settlement-2] com.example.payment.SettlementApiClient - POST https://bank.example.com/v2/settle -> 200 in 316ms
2026-09-23 10:13:43.327 INFO  [payment-service,e524fbb43795f1a0,f30b93c4] [settlement-1] com.example.payment.PaymentRetryClient - Settled reference SET-752166 amount=70771
2026-09-23 10:14:21.070 INFO  [payment-service,3c2bd9dc6e266db0,5e1c89c2] [http-nio-8081-exec-1] com.example.payment.PayoutController - POST /api/v1/payouts 201 in 125ms
2026-09-23 10:15:06.598 INFO  [payment-service,47940955f97437c1,c6dd9a32] [settlement-9] com.example.payment.PayoutController - POST /api/v1/payouts 201 in 285ms
2026-09-23 10:15:14.426 INFO  [payment-service,06f1368ac0b68a6f,eb13e6a1] [http-nio-8081-exec-5] com.example.payment.PayoutController - POST /api/v1/payouts 201 in 214ms
2026-09-23 10:16:37.874 INFO  [payment-service,58cf5ace6642fd4d,78b27ac1] [settlement-7] com.example.payment.PayoutController - POST /api/v1/payouts 201 in 280ms
2026-09-23 10:16:39.239 INFO  [payment-service,692a90f11cfd46aa,67f6b18b] [http-nio-8081-exec-5] com.example.payment.PaymentRetryClient - Settled reference SET-312387 amount=32891
2026-09-23 10:18:14.137 INFO  [payment-service,8ed3bc91c6e432df,5185c453] [settlement-5] com.example.payment.ReconciliationJob - Reconciled 886 rows, 1 mismatches
2026-09-23 10:18:49.305 INFO  [payment-service,d9df3274ce4f937e,7d7cfea7] [settlement-7] com.example.payment.ReconciliationJob - Reconciled 918 rows, 3 mismatches
2026-09-23 10:18:50.336 INFO  [payment-service,97d94a06edc1032f,989760d9] [settlement-6] com.example.payment.PayoutController - POST /api/v1/payouts 201 in 113ms
2026-09-23 10:19:18.532 WARN  [payment-service,06e3cdcc522688af,c6c3706b] [settlement-9] com.example.payment.SettlementApiClient - Upstream latency 2445ms exceeds the 1000ms budget
2026-09-23 10:20:32.073 DEBUG [payment-service,2171fcbf48cd527c,d6fde22b] [http-nio-8081-exec-9] com.example.payment.SettlementApiClient - POST https://bank.example.com/v2/settle -> 200 in 405ms
2026-09-23 10:20:45.504 WARN  [payment-service,f61a2fd3579f271e,76baa3ca] [settlement-2] com.example.payment.SettlementApiClient - Upstream latency 1947ms exceeds the 1000ms budget
2026-09-23 10:21:28.636 INFO  [payment-service,c55136d2e9fd4a7e,e72b32f8] [http-nio-8081-exec-7] com.example.payment.PaymentRetryClient - Settled reference SET-102355 amount=8770
2026-09-23 10:21:38.522 INFO  [payment-service,19693270e41add65,fd67c6cd] [http-nio-8081-exec-3] com.example.payment.PayoutController - POST /api/v1/payouts 201 in 124ms
2026-09-23 10:22:11.548 DEBUG [payment-service,51e5f7b311c95ea7,908200d3] [http-nio-8081-exec-5] com.example.payment.SettlementApiClient - POST https://bank.example.com/v2/settle -> 200 in 156ms
2026-09-23 10:22:13.588 INFO  [payment-service,6c6ec8af63e91f1c,61811f59] [http-nio-8081-exec-1] com.example.payment.ReconciliationJob - Reconciled 791 rows, 0 mismatches
2026-09-23 10:22:18.737 DEBUG [payment-service,d3b4bb7ddd1e6368,e015e0aa] [settlement-5] com.example.payment.SettlementApiClient - POST https://bank.example.com/v2/settle -> 200 in 341ms
2026-09-23 10:22:42.002 INFO  [payment-service,488d52c0b148c7a1,51cce1b8] [settlement-6] com.example.payment.ReconciliationJob - Reconciled 407 rows, 3 mismatches
2026-09-23 10:22:45.172 DEBUG [payment-service,396086e0c1c04470,737dab14] [http-nio-8081-exec-5] com.example.payment.SettlementApiClient - POST https://bank.example.com/v2/settle -> 200 in 191ms
2026-09-23 10:23:48.394 DEBUG [payment-service,f9231da29e3e28a8,0f563bd1] [http-nio-8081-exec-5] com.example.payment.SettlementApiClient - POST https://bank.example.com/v2/settle -> 200 in 673ms
2026-09-23 10:23:52.382 DEBUG [payment-service,36ab1496d396c345,7d758224] [settlement-7] com.example.payment.SettlementApiClient - POST https://bank.example.com/v2/settle -> 200 in 539ms
2026-09-23 10:24:12.387 WARN  [payment-service,cfa8161b81e09adf,2653963b] [http-nio-8081-exec-6] com.example.payment.SettlementApiClient - Upstream latency 1560ms exceeds the 1000ms budget
2026-09-23 10:25:46.809 INFO  [payment-service,2a9b5e34bbfd97d1,4d418642] [settlement-8] com.example.payment.ReconciliationJob - Reconciled 769 rows, 1 mismatches
2026-09-23 10:26:54.491 INFO  [payment-service,4b78cadb6dc43132,0345a0c5] [settlement-4] com.example.payment.PayoutController - POST /api/v1/payouts 201 in 276ms
2026-09-23 10:27:38.145 INFO  [payment-service,c594aea44c6e4e7b,9b0973dc] [settlement-3] com.example.payment.PayoutController - POST /api/v1/payouts 201 in 180ms
2026-09-23 10:29:21.805 INFO  [payment-service,21b0047216f83220,74fe7b23] [settlement-4] com.example.payment.ReconciliationJob - Reconciled 490 rows, 2 mismatches
2026-09-23 10:29:43.457 DEBUG [payment-service,933c55ed6130f93c,ca00a151] [http-nio-8081-exec-1] com.example.payment.SettlementApiClient - POST https://bank.example.com/v2/settle -> 200 in 739ms
2026-09-23 10:31:34.251 INFO  [payment-service,93f4e3c75a005812,b18a824f] [http-nio-8081-exec-1] com.example.payment.PayoutController - POST /api/v1/payouts 201 in 145ms
2026-09-23 10:33:29.790 DEBUG [payment-service,88633f2fe45516ed,611cfd70] [http-nio-8081-exec-9] com.example.payment.SettlementApiClient - POST https://bank.example.com/v2/settle -> 200 in 109ms
2026-09-23 10:34:14.367 WARN  [payment-service,062c5db81161baac,14d67016] [http-nio-8081-exec-1] com.example.payment.SettlementApiClient - Upstream latency 1713ms exceeds the 1000ms budget
2026-09-23 10:34:34.305 DEBUG [payment-service,cc55e48e708bb64f,62b076a7] [http-nio-8081-exec-4] com.example.payment.SettlementApiClient - POST https://bank.example.com/v2/settle -> 200 in 231ms
2026-09-23 10:34:50.696 DEBUG [payment-service,ba7b4523af2ca49a,0775d23f] [http-nio-8081-exec-3] com.example.payment.SettlementApiClient - POST https://bank.example.com/v2/settle -> 200 in 181ms
2026-09-23 10:35:29.417 DEBUG [payment-service,d83235a4ee1fc826,869a9d83] [settlement-1] com.example.payment.SettlementApiClient - POST https://bank.example.com/v2/settle -> 200 in 651ms
2026-09-23 10:35:43.199 WARN  [payment-service,789f52aae8df60b5,80bd8a8c] [settlement-3] com.example.payment.SettlementApiClient - Upstream latency 1239ms exceeds the 1000ms budget
2026-09-23 10:36:40.395 WARN  [payment-service,dc1a251d84c9ad1c,9322edf1] [settlement-8] com.example.payment.SettlementApiClient - Upstream latency 2598ms exceeds the 1000ms budget
2026-09-23 10:36:59.160 INFO  [payment-service,252ad069e1d2dd52,55c645ad] [settlement-9] com.example.payment.PayoutController - POST /api/v1/payouts 201 in 125ms
2026-09-23 10:37:19.784 WARN  [payment-service,1d74016c98e56262,f62da759] [settlement-9] com.example.payment.SettlementApiClient - Upstream latency 1806ms exceeds the 1000ms budget
2026-09-23 10:37:25.767 INFO  [payment-service,db48f6f66292dd78,da63fb5d] [settlement-3] com.example.payment.ReconciliationJob - Reconciled 603 rows, 0 mismatches
2026-09-23 10:37:38.382 INFO  [payment-service,75c83cb5484e5ffb,bbd53941] [settlement-9] com.example.payment.PaymentRetryClient - Settled reference SET-266217 amount=42828
2026-09-23 10:37:38.860 INFO  [payment-service,b305029439ca84c2,8204f4b6] [http-nio-8081-exec-8] com.example.payment.PaymentRetryClient - Settled reference SET-368800 amount=58233
2026-09-23 10:39:17.005 DEBUG [payment-service,2cd98e8238eb7fc3,bc2eaa01] [http-nio-8081-exec-5] com.example.payment.SettlementApiClient - POST https://bank.example.com/v2/settle -> 200 in 201ms
2026-09-23 10:40:14.850 INFO  [payment-service,b8df1dac04a59074,63c3f1c2] [settlement-5] com.example.payment.PaymentRetryClient - Settled reference SET-299857 amount=81391
2026-09-23 10:41:06.619 WARN  [payment-service,fc5011b4a67d6133,2f9507b8] [settlement-9] com.example.payment.SettlementApiClient - Upstream latency 2284ms exceeds the 1000ms budget
2026-09-23 10:41:07.245 INFO  [payment-service,e9478e11e38af635,87b3077b] [http-nio-8081-exec-6] com.example.payment.ReconciliationJob - Reconciled 360 rows, 3 mismatches
2026-09-23 10:41:15.687 DEBUG [payment-service,50a68f894293cf5b,7b71b8c1] [settlement-5] com.example.payment.SettlementApiClient - POST https://bank.example.com/v2/settle -> 200 in 359ms
2026-09-23 10:41:51.902 INFO  [payment-service,616cd52189743e9f,18b17974] [http-nio-8081-exec-9] com.example.payment.PaymentRetryClient - Settled reference SET-134937 amount=64847
2026-09-23 10:42:57.289 INFO  [payment-service,ec9ea8b99aee750b,dac64f0e] [settlement-2] com.example.payment.PaymentRetryClient - Settled reference SET-504548 amount=64269
2026-09-23 10:44:52.379 INFO  [payment-service,a2b72e1536d96094,a82c9a2b] [settlement-2] com.example.payment.ReconciliationJob - Reconciled 430 rows, 0 mismatches
2026-09-23 10:46:08.696 INFO  [payment-service,d32bdac03a08c5e6,f0441246] [settlement-8] com.example.payment.PaymentRetryClient - Settled reference SET-489430 amount=10861
2026-09-23 10:46:11.991 DEBUG [payment-service,6500435456ee2ef7,58f549c5] [http-nio-8081-exec-9] com.example.payment.SettlementApiClient - POST https://bank.example.com/v2/settle -> 200 in 407ms
2026-09-23 10:48:16.013 INFO  [payment-service,2987675e608b434b,38e07403] [http-nio-8081-exec-6] com.example.payment.ReconciliationJob - Reconciled 725 rows, 0 mismatches
2026-09-23 10:49:19.517 DEBUG [payment-service,fabd8170ea739f82,ad5dc443] [settlement-1] com.example.payment.SettlementApiClient - POST https://bank.example.com/v2/settle -> 200 in 198ms
2026-09-23 10:50:21.235 DEBUG [payment-service,e305f5ce185b8769,a4573ee7] [settlement-8] com.example.payment.SettlementApiClient - POST https://bank.example.com/v2/settle -> 200 in 792ms
2026-09-23 10:50:54.218 INFO  [payment-service,6a2ffec933cea297,efee8744] [settlement-3] com.example.payment.PaymentRetryClient - Settled reference SET-143468 amount=3263
2026-09-23 10:51:01.855 DEBUG [payment-service,331f00993174073f,1d5927d9] [http-nio-8081-exec-2] com.example.payment.SettlementApiClient - POST https://bank.example.com/v2/settle -> 200 in 764ms
2026-09-23 10:51:03.069 INFO  [payment-service,f3a0495668acc11b,2cccdc11] [http-nio-8081-exec-9] com.example.payment.PayoutController - POST /api/v1/payouts 201 in 62ms
2026-09-23 10:51:48.074 INFO  [payment-service,5d842a52bae6d1ca,243e2e59] [settlement-4] com.example.payment.PayoutController - POST /api/v1/payouts 201 in 288ms
2026-09-23 10:52:31.312 INFO  [payment-service,541d4f973b7ec2b2,05c5c0cd] [settlement-4] com.example.payment.PaymentRetryClient - Settled reference SET-488934 amount=8172
2026-09-23 10:53:12.515 WARN  [payment-service,d6042db2a2c96f4a,9788d2a5] [http-nio-8081-exec-8] com.example.payment.SettlementApiClient - Upstream latency 2416ms exceeds the 1000ms budget
2026-09-23 10:53:38.236 INFO  [payment-service,1347bdff11b0bbb0,f7831c8e] [http-nio-8081-exec-7] com.example.payment.PaymentRetryClient - Settled reference SET-506214 amount=71275
2026-09-23 10:53:45.029 WARN  [payment-service,df05bbcc45a40126,afdb9cf9] [http-nio-8081-exec-2] com.example.payment.SettlementApiClient - Upstream latency 2239ms exceeds the 1000ms budget
2026-09-23 10:53:46.819 DEBUG [payment-service,b0437b00cb12bf5d,b59aaf3f] [settlement-7] com.example.payment.SettlementApiClient - POST https://bank.example.com/v2/settle -> 200 in 635ms
2026-09-23 10:55:23.945 INFO  [payment-service,5939e51a217cc8dc,b6c2cf76] [http-nio-8081-exec-2] com.example.payment.PaymentRetryClient - Settled reference SET-925832 amount=85326
2026-09-23 10:56:34.401 INFO  [payment-service,0c1e16931a61439d,2acd6b0e] [settlement-5] com.example.payment.PaymentRetryClient - Settled reference SET-668020 amount=39091
2026-09-23 10:58:58.816 INFO  [payment-service,a317593f0c623f64,394a4d7b] [settlement-7] com.example.payment.ReconciliationJob - Reconciled 642 rows, 0 mismatches
2026-09-23 11:01:44.149 INFO  [payment-service,fa564a9cf033b08a,fbbeb4ec] [http-nio-8081-exec-5] com.example.payment.PayoutController - POST /api/v1/payouts 201 in 171ms
2026-09-23 11:02:42.117 DEBUG [payment-service,2eefbdd88ead72ba,8bee7f06] [http-nio-8081-exec-5] com.example.payment.SettlementApiClient - POST https://bank.example.com/v2/settle -> 200 in 776ms
2026-09-23 11:03:26.491 INFO  [payment-service,cb47b484e0c2393a,c462453b] [settlement-6] com.example.payment.PaymentRetryClient - Settled reference SET-832126 amount=53467
2026-09-23 11:03:45.629 WARN  [payment-service,8cfcbfdc57cd7303,8f08e45c] [http-nio-8081-exec-4] com.example.payment.SettlementApiClient - Upstream latency 2586ms exceeds the 1000ms budget
2026-09-23 11:05:44.167 INFO  [payment-service,bdad05c143068dbe,470ba216] [settlement-8] com.example.payment.PaymentRetryClient - Settled reference SET-403994 amount=35289
2026-09-23 11:05:45.370 INFO  [payment-service,c65e61708a796f1c,a4301da6] [settlement-9] com.example.payment.PayoutController - POST /api/v1/payouts 201 in 245ms
2026-09-23 11:08:37.874 INFO  [payment-service,b7f06818a12cc385,45e84b92] [settlement-3] com.example.payment.ReconciliationJob - Reconciled 863 rows, 2 mismatches
2026-09-23 11:08:44.876 INFO  [payment-service,4f3a0d2c5062d3b4,ee4c77c0] [settlement-3] com.example.payment.PaymentRetryClient - Settled reference SET-138291 amount=11571
2026-09-23 11:08:52.080 INFO  [payment-service,4f050cbd90fe52f1,997005c7] [settlement-6] com.example.payment.PaymentRetryClient - Settled reference SET-850191 amount=62929
2026-09-23 11:10:01.512 WARN  [payment-service,f86796eda06b1d92,d8ee96f5] [http-nio-8081-exec-4] com.example.payment.SettlementApiClient - Upstream latency 2362ms exceeds the 1000ms budget
2026-09-23 11:10:32.265 WARN  [payment-service,da879178e1d08c15,f2b8cd38] [settlement-4] com.example.payment.SettlementApiClient - Upstream latency 1301ms exceeds the 1000ms budget
2026-09-23 11:10:54.482 INFO  [payment-service,248f4ffc28c52818,5722e82f] [http-nio-8081-exec-2] com.example.payment.PaymentRetryClient - Settled reference SET-427598 amount=63936
2026-09-23 11:12:48.275 DEBUG [payment-service,f04a966ac7f04737,1f6fe528] [http-nio-8081-exec-9] com.example.payment.SettlementApiClient - POST https://bank.example.com/v2/settle -> 200 in 794ms
2026-09-23 11:13:14.428 INFO  [payment-service,bc3e0872f0dd6c75,b4faf68c] [settlement-3] com.example.payment.PaymentRetryClient - Settled reference SET-800883 amount=72957
2026-09-23 11:15:04.263 INFO  [payment-service,de1525f59900ade9,57b80712] [http-nio-8081-exec-6] com.example.payment.PaymentRetryClient - Settled reference SET-811915 amount=65890
2026-09-23 11:15:57.355 INFO  [payment-service,25177a409d20d548,06cd01fe] [settlement-2] com.example.payment.ReconciliationJob - Reconciled 111 rows, 0 mismatches
2026-09-23 11:16:05.093 WARN  [payment-service,2575dcf1e6f12600,327e95c8] [http-nio-8081-exec-1] com.example.payment.SettlementApiClient - Upstream latency 2434ms exceeds the 1000ms budget
2026-09-23 11:16:45.339 INFO  [payment-service,6ab0955e113f5927,301f1c6f] [settlement-4] com.example.payment.PayoutController - POST /api/v1/payouts 201 in 213ms
2026-09-23 11:17:11.144 INFO  [payment-service,da2d8ba9355d7554,317e1dba] [settlement-3] com.example.payment.PayoutController - POST /api/v1/payouts 201 in 229ms
2026-09-23 11:17:42.225 DEBUG [payment-service,4429d9a8ae7cb57e,5c3d401b] [http-nio-8081-exec-2] com.example.payment.SettlementApiClient - POST https://bank.example.com/v2/settle -> 200 in 544ms
2026-09-23 11:17:49.036 DEBUG [payment-service,48d2a75b9622b058,f90e2189] [settlement-7] com.example.payment.SettlementApiClient - POST https://bank.example.com/v2/settle -> 200 in 478ms
2026-09-23 11:17:57.588 INFO  [payment-service,81b7108b98d7a72f,4db304b7] [http-nio-8081-exec-2] com.example.payment.PaymentRetryClient - Settled reference SET-796289 amount=51286
2026-09-23 11:18:11.180 INFO  [payment-service,cb7c85deb75dfc6d,c35de4e8] [settlement-7] com.example.payment.PaymentRetryClient - Settled reference SET-288863 amount=53819
2026-09-23 11:18:48.734 INFO  [payment-service,5306b212b33fa173,9af5aafa] [settlement-5] com.example.payment.PayoutController - POST /api/v1/payouts 201 in 183ms
2026-09-23 11:18:59.442 INFO  [payment-service,f31bcc2a7da985c0,394ce7d1] [http-nio-8081-exec-1] com.example.payment.PaymentRetryClient - Settled reference SET-348552 amount=23415
2026-09-23 11:20:50.012 WARN  [payment-service,de65f680c121fbe7,e0160439] [http-nio-8081-exec-3] com.example.payment.SettlementApiClient - Upstream latency 2471ms exceeds the 1000ms budget
2026-09-23 11:21:23.380 INFO  [payment-service,a33cc49933ac87f3,9b233111] [settlement-4] com.example.payment.PayoutController - POST /api/v1/payouts 201 in 206ms
2026-09-23 11:21:34.814 INFO  [payment-service,5eda9299349eb3c0,92e0f5f5] [settlement-9] com.example.payment.ReconciliationJob - Reconciled 311 rows, 3 mismatches
2026-09-23 11:22:10.182 WARN  [payment-service,037d789af8b53574,ad4b136d] [http-nio-8081-exec-1] com.example.payment.SettlementApiClient - Upstream latency 2151ms exceeds the 1000ms budget
2026-09-23 11:22:44.778 INFO  [payment-service,d480d159f07f0f9d,58f40c44] [http-nio-8081-exec-2] com.example.payment.PayoutController - POST /api/v1/payouts 201 in 81ms
2026-09-23 11:23:38.372 INFO  [payment-service,2d687234e2a42956,2945e6bf] [settlement-3] com.example.payment.PaymentRetryClient - Settled reference SET-773548 amount=23156
2026-09-23 11:25:42.612 DEBUG [payment-service,5aeeef290516d39d,e69153f1] [http-nio-8081-exec-5] com.example.payment.SettlementApiClient - POST https://bank.example.com/v2/settle -> 200 in 672ms
2026-09-23 11:25:46.713 INFO  [payment-service,db9b720d5a6d2759,f26330b8] [http-nio-8081-exec-4] com.example.payment.ReconciliationJob - Reconciled 475 rows, 1 mismatches
2026-09-23 11:26:14.368 DEBUG [payment-service,99603589c761a1ec,8572d545] [settlement-9] com.example.payment.SettlementApiClient - POST https://bank.example.com/v2/settle -> 200 in 329ms
2026-09-23 11:26:31.430 INFO  [payment-service,2322173c95de9fa2,ddb2977e] [settlement-9] com.example.payment.ReconciliationJob - Reconciled 310 rows, 1 mismatches
2026-09-23 11:26:46.830 WARN  [payment-service,6f5aef813e729824,a249a457] [http-nio-8081-exec-6] com.example.payment.SettlementApiClient - Upstream latency 1489ms exceeds the 1000ms budget
2026-09-23 11:26:54.594 INFO  [payment-service,3c8901ce066bfbb9,45bc182d] [settlement-4] com.example.payment.ReconciliationJob - Reconciled 714 rows, 0 mismatches
2026-09-23 11:28:24.524 INFO  [payment-service,cdc057eacbc22fa1,923814a4] [http-nio-8081-exec-1] com.example.payment.ReconciliationJob - Reconciled 291 rows, 3 mismatches
2026-09-23 11:29:56.921 DEBUG [payment-service,03394e9f2022c715,95a6088b] [http-nio-8081-exec-3] com.example.payment.SettlementApiClient - POST https://bank.example.com/v2/settle -> 200 in 727ms
2026-09-23 11:30:28.681 INFO  [payment-service,7f87dedc9233949c,f87af335] [settlement-9] com.example.payment.PaymentRetryClient - Settled reference SET-338264 amount=53067
2026-09-23 11:30:43.977 INFO  [payment-service,1838b02044723bea,5cf3b35f] [http-nio-8081-exec-9] com.example.payment.ReconciliationJob - Reconciled 548 rows, 0 mismatches
2026-09-23 11:30:56.812 WARN  [payment-service,854ec23f6f2690d5,0d19ebab] [settlement-9] com.example.payment.SettlementApiClient - Upstream latency 2556ms exceeds the 1000ms budget
2026-09-23 11:31:00.486 INFO  [payment-service,da0d451c8861ed88,03c88845] [http-nio-8081-exec-4] com.example.payment.ReconciliationJob - Reconciled 325 rows, 2 mismatches
2026-09-23 11:31:26.233 DEBUG [payment-service,633bc7ed456044a1,9ab89171] [http-nio-8081-exec-7] com.example.payment.SettlementApiClient - POST https://bank.example.com/v2/settle -> 200 in 557ms
2026-09-23 11:31:34.695 DEBUG [payment-service,03eb24cca83cd38a,3bc070e3] [settlement-2] com.example.payment.SettlementApiClient - POST https://bank.example.com/v2/settle -> 200 in 741ms
2026-09-23 11:32:01.116 DEBUG [payment-service,a45980f186edcf4a,a559c0ea] [settlement-8] com.example.payment.SettlementApiClient - POST https://bank.example.com/v2/settle -> 200 in 257ms
2026-09-23 11:32:26.042 INFO  [payment-service,851923084455bbfa,63f68a79] [settlement-6] com.example.payment.PaymentRetryClient - Settled reference SET-542597 amount=72762
2026-09-23 11:32:59.533 INFO  [payment-service,2f645ad0b75cd835,1efe056e] [settlement-2] com.example.payment.PayoutController - POST /api/v1/payouts 201 in 183ms
2026-09-23 11:34:37.156 WARN  [payment-service,604e05f117c034b0,cb62a820] [http-nio-8081-exec-1] com.example.payment.SettlementApiClient - Upstream latency 2101ms exceeds the 1000ms budget
2026-09-23 11:35:53.594 INFO  [payment-service,64788e29c362e93a,5ba8fc9d] [settlement-8] com.example.payment.PaymentRetryClient - Settled reference SET-130536 amount=79281
2026-09-23 11:37:15.610 WARN  [payment-service,38df36bfa589bf4f,34b80cec] [settlement-2] com.example.payment.SettlementApiClient - Upstream latency 2062ms exceeds the 1000ms budget
2026-09-23 11:38:39.556 INFO  [payment-service,f00114039a38810d,a10ca68f] [settlement-3] com.example.payment.PayoutController - POST /api/v1/payouts 201 in 304ms
2026-09-23 11:38:51.390 DEBUG [payment-service,5fbaf1b4abe5b5bb,4588f3ea] [settlement-2] com.example.payment.SettlementApiClient - POST https://bank.example.com/v2/settle -> 200 in 833ms
2026-09-23 11:39:38.061 WARN  [payment-service,45fbca93ae0b960f,1663b54b] [http-nio-8081-exec-2] com.example.payment.SettlementApiClient - Upstream latency 1291ms exceeds the 1000ms budget
2026-09-23 11:40:16.003 DEBUG [payment-service,35ad14d39c17163d,25f67d51] [settlement-2] com.example.payment.SettlementApiClient - POST https://bank.example.com/v2/settle -> 200 in 651ms
2026-09-23 11:40:38.867 DEBUG [payment-service,d2cc5d97098d6fbe,5b5ebb2a] [http-nio-8081-exec-9] com.example.payment.SettlementApiClient - POST https://bank.example.com/v2/settle -> 200 in 755ms
2026-09-23 11:41:00.996 DEBUG [payment-service,40840cf9993c0255,76875978] [settlement-9] com.example.payment.SettlementApiClient - POST https://bank.example.com/v2/settle -> 200 in 585ms
2026-09-23 11:41:08.866 INFO  [payment-service,86046ba69446d24d,8387bf1a] [settlement-3] com.example.payment.ReconciliationJob - Reconciled 1135 rows, 1 mismatches
2026-09-23 11:44:40.497 INFO  [payment-service,2f0015f8ad1e818c,5754f736] [http-nio-8081-exec-2] com.example.payment.ReconciliationJob - Reconciled 513 rows, 0 mismatches
2026-09-23 11:45:08.570 INFO  [payment-service,8446db46c96f4ec3,27321d47] [http-nio-8081-exec-3] com.example.payment.ReconciliationJob - Reconciled 916 rows, 1 mismatches
2026-09-23 11:46:14.214 INFO  [payment-service,bd01067a35706ed2,e76da9ea] [settlement-9] com.example.payment.PaymentRetryClient - Settled reference SET-178325 amount=41967
2026-09-23 11:46:35.948 INFO  [payment-service,0f4cc047c44c224c,d0891914] [settlement-9] com.example.payment.ReconciliationJob - Reconciled 741 rows, 0 mismatches
2026-09-23 11:47:36.739 DEBUG [payment-service,542518cb5ee76752,43a5bb01] [settlement-6] com.example.payment.SettlementApiClient - POST https://bank.example.com/v2/settle -> 200 in 102ms
2026-09-23 11:47:41.529 DEBUG [payment-service,91c6ba1b6089d045,857a35e5] [settlement-1] com.example.payment.SettlementApiClient - POST https://bank.example.com/v2/settle -> 200 in 854ms
2026-09-23 11:48:25.773 INFO  [payment-service,d61af1ffaf15ba2c,8c2aad0b] [settlement-7] com.example.payment.ReconciliationJob - Reconciled 1192 rows, 2 mismatches
2026-09-23 11:49:03.626 INFO  [payment-service,94f0808fa930e8c9,b7374d28] [settlement-8] com.example.payment.PayoutController - POST /api/v1/payouts 201 in 120ms
2026-09-23 11:49:31.399 INFO  [payment-service,a25f88b90c76196c,e7669309] [settlement-6] com.example.payment.PaymentRetryClient - Settled reference SET-338498 amount=56473
2026-09-23 11:50:15.609 INFO  [payment-service,8f1cf3a89d2f4d9f,0632fd4d] [settlement-6] com.example.payment.PayoutController - POST /api/v1/payouts 201 in 265ms
2026-09-23 11:51:40.063 INFO  [payment-service,6e3f7aff3088503d,df9951fa] [http-nio-8081-exec-5] com.example.payment.ReconciliationJob - Reconciled 418 rows, 2 mismatches
2026-09-23 11:53:31.783 INFO  [payment-service,5074936a786393e0,76304474] [settlement-9] com.example.payment.PayoutController - POST /api/v1/payouts 201 in 137ms
2026-09-23 11:53:37.366 INFO  [payment-service,6abc0a3f83624895,342f905e] [settlement-9] com.example.payment.ReconciliationJob - Reconciled 190 rows, 2 mismatches
2026-09-23 11:55:24.691 INFO  [payment-service,1a2c447aa24f3114,af886986] [http-nio-8081-exec-8] com.example.payment.ReconciliationJob - Reconciled 659 rows, 2 mismatches
2026-09-23 11:55:26.868 DEBUG [payment-service,ecf0bf892ceb1048,b1f5c86e] [http-nio-8081-exec-2] com.example.payment.SettlementApiClient - POST https://bank.example.com/v2/settle -> 200 in 843ms
2026-09-23 11:56:22.425 WARN  [payment-service,1c48774a1becee4c,f89b9783] [http-nio-8081-exec-4] com.example.payment.SettlementApiClient - Upstream latency 2002ms exceeds the 1000ms budget
2026-09-23 11:57:10.354 DEBUG [payment-service,60ddb0a4f28c6852,62189ba0] [http-nio-8081-exec-9] com.example.payment.SettlementApiClient - POST https://bank.example.com/v2/settle -> 200 in 246ms
2026-09-23 11:59:24.923 INFO  [payment-service,f6848e3a9655276c,c8b779b8] [http-nio-8081-exec-3] com.example.payment.PaymentRetryClient - Settled reference SET-605127 amount=3736
2026-09-23 12:00:16.375 INFO  [payment-service,276ce3146fa6f225,37f3c8af] [settlement-2] com.example.payment.PayoutController - POST /api/v1/payouts 201 in 45ms
2026-09-23 12:01:02.259 INFO  [payment-service,9d8ae43081103341,5a3a764f] [http-nio-8081-exec-2] com.example.payment.ReconciliationJob - Reconciled 746 rows, 3 mismatches
2026-09-23 12:01:17.852 DEBUG [payment-service,a8bb5ddb90ff8e28,f80a8fe8] [settlement-5] com.example.payment.SettlementApiClient - POST https://bank.example.com/v2/settle -> 200 in 643ms
2026-09-23 12:01:28.997 INFO  [payment-service,f88503b4f557f9d2,0685b9ad] [http-nio-8081-exec-5] com.example.payment.ReconciliationJob - Reconciled 259 rows, 0 mismatches
2026-09-23 12:01:43.988 DEBUG [payment-service,3f70c5395eaf3788,82bafe2d] [settlement-2] com.example.payment.SettlementApiClient - POST https://bank.example.com/v2/settle -> 200 in 526ms
2026-09-23 12:02:27.279 INFO  [payment-service,eb62d90f73ed670c,88fa7a41] [settlement-3] com.example.payment.PayoutController - POST /api/v1/payouts 201 in 269ms
2026-09-23 12:02:54.088 INFO  [payment-service,acbe1e4c6e98d6f2,edc202a6] [http-nio-8081-exec-1] com.example.payment.PaymentRetryClient - Settled reference SET-942166 amount=88575
2026-09-23 12:03:47.657 DEBUG [payment-service,c9e1a5079ac48590,f64a5fb7] [http-nio-8081-exec-4] com.example.payment.SettlementApiClient - POST https://bank.example.com/v2/settle -> 200 in 668ms
2026-09-23 12:04:25.761 WARN  [payment-service,7aa666ea25c7bf54,2b9df650] [http-nio-8081-exec-2] com.example.payment.SettlementApiClient - Upstream latency 1742ms exceeds the 1000ms budget
2026-09-23 12:06:20.749 WARN  [payment-service,5f677cec674db540,6b608b54] [settlement-6] com.example.payment.SettlementApiClient - Upstream latency 1760ms exceeds the 1000ms budget
2026-09-23 12:06:25.055 INFO  [payment-service,6cb7799f0a6bcea0,9105c031] [settlement-6] com.example.payment.PaymentRetryClient - Settled reference SET-383236 amount=24854
2026-09-23 12:07:46.650 INFO  [payment-service,048e900c4971071f,d35fe27d] [settlement-5] com.example.payment.PayoutController - POST /api/v1/payouts 201 in 78ms
2026-09-23 12:09:13.014 INFO  [payment-service,81109eed3ac45dc2,15fa2bcf] [settlement-8] com.example.payment.ReconciliationJob - Reconciled 441 rows, 0 mismatches
2026-09-23 12:09:29.104 INFO  [payment-service,44ec13f8999f9810,0d027bcc] [settlement-5] com.example.payment.PaymentRetryClient - Settled reference SET-579512 amount=17898
2026-09-23 12:09:53.492 INFO  [payment-service,0b5ce52f396842ce,eb7cdb4b] [http-nio-8081-exec-1] com.example.payment.ReconciliationJob - Reconciled 1186 rows, 0 mismatches
2026-09-23 12:12:38.635 INFO  [payment-service,59741165f5581b92,6716c91c] [settlement-1] com.example.payment.PaymentRetryClient - Settled reference SET-916108 amount=68132
2026-09-23 12:13:12.221 INFO  [payment-service,dc22b5f528cf3e89,8cb2304d] [settlement-7] com.example.payment.PaymentRetryClient - Settled reference SET-105033 amount=66957
2026-09-23 12:13:34.370 INFO  [payment-service,bb2cc922dfb1d734,ebbe7f8a] [http-nio-8081-exec-6] com.example.payment.ReconciliationJob - Reconciled 189 rows, 2 mismatches
2026-09-23 12:14:23.200 INFO  [payment-service,8550e117fe5505f5,220918ec] [settlement-9] com.example.payment.PaymentRetryClient - Settled reference SET-283755 amount=51984
2026-09-23 12:16:15.742 WARN  [payment-service,cacabed54437eca1,2a4eda48] [http-nio-8081-exec-4] com.example.payment.SettlementApiClient - Upstream latency 1707ms exceeds the 1000ms budget
2026-09-23 12:16:26.447 INFO  [payment-service,7ac6e4331b81bb8d,0da0215f] [http-nio-8081-exec-9] com.example.payment.PaymentRetryClient - Settled reference SET-264095 amount=86393
2026-09-23 12:19:02.462 DEBUG [payment-service,c4cf924131c79a13,15ce2e90] [settlement-5] com.example.payment.SettlementApiClient - POST https://bank.example.com/v2/settle -> 200 in 642ms
2026-09-23 12:19:18.124 WARN  [payment-service,62f43fcd734e8306,62d84d08] [http-nio-8081-exec-4] com.example.payment.SettlementApiClient - Upstream latency 1441ms exceeds the 1000ms budget
2026-09-23 12:23:02.567 INFO  [payment-service,0ed785ecfb13d80b,65eaacbb] [settlement-7] com.example.payment.PayoutController - POST /api/v1/payouts 201 in 304ms
2026-09-23 12:23:37.629 INFO  [payment-service,cf9613083b20a6c3,b9523430] [http-nio-8081-exec-7] com.example.payment.ReconciliationJob - Reconciled 151 rows, 1 mismatches
2026-09-23 12:25:32.289 INFO  [payment-service,c869da05304b27c0,4c1e1206] [settlement-5] com.example.payment.PayoutController - POST /api/v1/payouts 201 in 163ms
2026-09-23 12:25:57.305 INFO  [payment-service,1d53181acdc4e5c2,532e34ee] [settlement-3] com.example.payment.PayoutController - POST /api/v1/payouts 201 in 150ms
2026-09-23 12:26:20.818 INFO  [payment-service,008fc28acbc4cb39,76400578] [http-nio-8081-exec-3] com.example.payment.PaymentRetryClient - Settled reference SET-599710 amount=49855
2026-09-23 12:27:23.959 INFO  [payment-service,f2e3938040abe023,a843defa] [settlement-2] com.example.payment.ReconciliationJob - Reconciled 786 rows, 3 mismatches
2026-09-23 12:28:56.489 INFO  [payment-service,b448bd195909add1,d2945b9d] [http-nio-8081-exec-3] com.example.payment.PayoutController - POST /api/v1/payouts 201 in 75ms
2026-09-23 12:29:05.574 INFO  [payment-service,11137b9cc332ba5a,024aab34] [http-nio-8081-exec-7] com.example.payment.ReconciliationJob - Reconciled 856 rows, 2 mismatches
2026-09-23 12:30:20.927 WARN  [payment-service,63adf86346939c16,8303b3dc] [settlement-5] com.example.payment.SettlementApiClient - Upstream latency 2204ms exceeds the 1000ms budget
2026-09-23 12:31:02.119 INFO  [payment-service,a018fedb3f2b85ef,32d69487] [settlement-6] com.example.payment.ReconciliationJob - Reconciled 750 rows, 1 mismatches
2026-09-23 12:31:53.987 INFO  [payment-service,f0c97a41392ddda7,332f1449] [http-nio-8081-exec-6] com.example.payment.PaymentRetryClient - Settled reference SET-323119 amount=79918
2026-09-23 12:32:03.951 INFO  [payment-service,4a1b3fa3772a9126,b37c0502] [settlement-5] com.example.payment.PaymentRetryClient - Settled reference SET-840680 amount=47752
2026-09-23 12:32:39.921 INFO  [payment-service,a8360874398162a8,91f28705] [settlement-9] com.example.payment.ReconciliationJob - Reconciled 1009 rows, 2 mismatches
2026-09-23 12:32:43.823 INFO  [payment-service,0352123d833f8cc8,53a80ec3] [settlement-4] com.example.payment.PaymentRetryClient - Settled reference SET-912994 amount=79756
2026-09-23 12:33:08.742 INFO  [payment-service,9ff56f94bfb14032,d79a84c6] [settlement-2] com.example.payment.PayoutController - POST /api/v1/payouts 201 in 247ms
2026-09-23 12:33:19.182 INFO  [payment-service,b78fff2328610c44,b180490f] [settlement-4] com.example.payment.PayoutController - POST /api/v1/payouts 201 in 280ms
2026-09-23 12:33:31.455 INFO  [payment-service,df369e6019b30b72,4d309d65] [settlement-3] com.example.payment.ReconciliationJob - Reconciled 618 rows, 2 mismatches
2026-09-23 12:34:03.939 INFO  [payment-service,8261de7aee77fa0f,3d4d309b] [settlement-9] com.example.payment.ReconciliationJob - Reconciled 118 rows, 2 mismatches
2026-09-23 12:36:21.024 DEBUG [payment-service,8057ccfad4cca670,9e1a05f8] [http-nio-8081-exec-1] com.example.payment.SettlementApiClient - POST https://bank.example.com/v2/settle -> 200 in 743ms
2026-09-23 12:37:35.922 INFO  [payment-service,a420e30a1ea932cb,01a4c31f] [settlement-5] com.example.payment.ReconciliationJob - Reconciled 683 rows, 3 mismatches
2026-09-23 12:38:24.222 INFO  [payment-service,6a5369572d7fd171,b9eef41d] [http-nio-8081-exec-1] com.example.payment.ReconciliationJob - Reconciled 1199 rows, 1 mismatches
2026-09-23 12:39:35.902 INFO  [payment-service,080f765317c04f48,975e6134] [http-nio-8081-exec-4] com.example.payment.PaymentRetryClient - Settled reference SET-293855 amount=81599
2026-09-23 12:40:40.670 INFO  [payment-service,54d02dc901a1e558,09e95de8] [settlement-4] com.example.payment.PaymentRetryClient - Settled reference SET-838560 amount=27935
2026-09-23 12:41:28.580 WARN  [payment-service,4060101bb94fba3f,d9e58fed] [http-nio-8081-exec-4] com.example.payment.SettlementApiClient - Upstream latency 1253ms exceeds the 1000ms budget
2026-09-23 12:41:43.841 INFO  [payment-service,a4be84b02c953651,020a7bf3] [http-nio-8081-exec-8] com.example.payment.ReconciliationJob - Reconciled 133 rows, 1 mismatches
2026-09-23 12:42:43.103 INFO  [payment-service,a99768354fc19ceb,fca2d63b] [http-nio-8081-exec-6] com.example.payment.PayoutController - POST /api/v1/payouts 201 in 44ms
2026-09-23 12:44:33.624 INFO  [payment-service,6f9b2adec80ea17f,20feb3ea] [settlement-7] com.example.payment.ReconciliationJob - Reconciled 1159 rows, 0 mismatches
2026-09-23 12:45:51.536 INFO  [payment-service,6edd861c34d02c2c,71ae07fd] [settlement-4] com.example.payment.PaymentRetryClient - Settled reference SET-970982 amount=85475
2026-09-23 12:47:59.319 INFO  [payment-service,b4029f8dbb476eb9,c32e4f36] [settlement-8] com.example.payment.PayoutController - POST /api/v1/payouts 201 in 137ms
2026-09-23 12:48:43.415 WARN  [payment-service,1dbe4f235c345998,72cf5880] [http-nio-8081-exec-6] com.example.payment.SettlementApiClient - Upstream latency 1509ms exceeds the 1000ms budget
2026-09-23 12:48:53.890 DEBUG [payment-service,4f7399694450ae10,c23d24dc] [settlement-7] com.example.payment.SettlementApiClient - POST https://bank.example.com/v2/settle -> 200 in 863ms
2026-09-23 12:50:21.243 INFO  [payment-service,bd1f5d78339ff0bf,fc5d5312] [settlement-2] com.example.payment.ReconciliationJob - Reconciled 651 rows, 0 mismatches
2026-09-23 12:50:26.985 WARN  [payment-service,31ed858d42d95598,be59d195] [http-nio-8081-exec-5] com.example.payment.SettlementApiClient - Upstream latency 2291ms exceeds the 1000ms budget
2026-09-23 12:51:37.297 INFO  [payment-service,5a40fa2ccce3b24e,d502d5b5] [settlement-6] com.example.payment.PaymentRetryClient - Settled reference SET-975281 amount=51575
2026-09-23 12:51:52.087 INFO  [payment-service,c328959329aa2a1c,228be89b] [settlement-9] com.example.payment.ReconciliationJob - Reconciled 853 rows, 3 mismatches
2026-09-23 12:52:17.056 INFO  [payment-service,c0c58ffced908a62,08cdcc67] [settlement-7] com.example.payment.ReconciliationJob - Reconciled 598 rows, 3 mismatches
2026-09-23 12:52:49.428 DEBUG [payment-service,77b63cfcdc94007f,aee5c17a] [settlement-2] com.example.payment.SettlementApiClient - POST https://bank.example.com/v2/settle -> 200 in 708ms
2026-09-23 12:52:55.612 DEBUG [payment-service,4618feade0ef44e9,bb546a45] [http-nio-8081-exec-8] com.example.payment.SettlementApiClient - POST https://bank.example.com/v2/settle -> 200 in 858ms
2026-09-23 12:53:56.283 WARN  [payment-service,d61dc6ba5447d422,0a74eaa1] [http-nio-8081-exec-7] com.example.payment.SettlementApiClient - Upstream latency 2342ms exceeds the 1000ms budget
2026-09-23 12:54:52.065 INFO  [payment-service,401ef4474804bb84,1c35b126] [settlement-9] com.example.payment.PaymentRetryClient - Settled reference SET-513869 amount=11653
2026-09-23 12:55:19.586 INFO  [payment-service,204a6f326c75a941,15ce804b] [settlement-6] com.example.payment.ReconciliationJob - Reconciled 701 rows, 0 mismatches
2026-09-23 12:55:44.925 INFO  [payment-service,3b62b7702b60d685,c5c89634] [http-nio-8081-exec-9] com.example.payment.PaymentRetryClient - Settled reference SET-922895 amount=41341
2026-09-23 12:55:52.894 INFO  [payment-service,2eb3f465f4af28f6,9695f710] [http-nio-8081-exec-3] com.example.payment.PayoutController - POST /api/v1/payouts 201 in 276ms
2026-09-23 12:56:33.169 INFO  [payment-service,2c15d1a8820f2f49,83cc71b7] [settlement-1] com.example.payment.PaymentRetryClient - Settled reference SET-973829 amount=30032
2026-09-23 12:57:26.990 DEBUG [payment-service,bcd062d274ce9b0d,f5770698] [settlement-1] com.example.payment.SettlementApiClient - POST https://bank.example.com/v2/settle -> 200 in 413ms
2026-09-23 12:58:24.532 WARN  [payment-service,b5056f7407e1b0c3,2b86970d] [settlement-2] com.example.payment.SettlementApiClient - Upstream latency 1331ms exceeds the 1000ms budget
2026-09-23 12:58:30.834 INFO  [payment-service,20495cda4bcf4a9a,3122e078] [http-nio-8081-exec-1] com.example.payment.PayoutController - POST /api/v1/payouts 201 in 202ms
2026-09-23 12:59:52.325 INFO  [payment-service,7441d3b96b34520e,9c4d4568] [settlement-6] com.example.payment.PayoutController - POST /api/v1/payouts 201 in 197ms
2026-09-23 13:01:14.121 WARN  [payment-service,560171dce412e46b,2347ea1e] [http-nio-8081-exec-9] com.example.payment.SettlementApiClient - Upstream latency 1210ms exceeds the 1000ms budget
2026-09-23 13:03:32.317 DEBUG [payment-service,150ca107bf65f00f,b403a2ac] [settlement-8] com.example.payment.SettlementApiClient - POST https://bank.example.com/v2/settle -> 200 in 186ms
2026-09-23 13:03:33.722 INFO  [payment-service,40fc6cf289a06484,19e1bcfe] [settlement-9] com.example.payment.PaymentRetryClient - Settled reference SET-643722 amount=56319
2026-09-23 13:04:22.465 INFO  [payment-service,d7957f9bd2a0c75d,c2599eb6] [http-nio-8081-exec-1] com.example.payment.PayoutController - POST /api/v1/payouts 201 in 213ms
2026-09-23 13:05:17.244 INFO  [payment-service,17c8dd93890d90be,1f7aa259] [http-nio-8081-exec-6] com.example.payment.PayoutController - POST /api/v1/payouts 201 in 121ms
2026-09-23 13:05:26.561 WARN  [payment-service,d87024bea5033cd4,cd74ad07] [http-nio-8081-exec-1] com.example.payment.SettlementApiClient - Upstream latency 2319ms exceeds the 1000ms budget
2026-09-23 13:05:48.267 INFO  [payment-service,e33cbe1d74fb1ff6,85239b02] [settlement-3] com.example.payment.ReconciliationJob - Reconciled 205 rows, 2 mismatches
2026-09-23 13:07:01.056 WARN  [payment-service,bb069eed671f241f,47752669] [settlement-1] com.example.payment.SettlementApiClient - Upstream latency 1314ms exceeds the 1000ms budget
2026-09-23 13:08:05.584 INFO  [payment-service,d5aee29a62cde605,993e84f9] [settlement-8] com.example.payment.PayoutController - POST /api/v1/payouts 201 in 202ms
2026-09-23 13:11:04.375 INFO  [payment-service,40460dd9b8abf18e,bc738f3a] [http-nio-8081-exec-9] com.example.payment.PaymentRetryClient - Settled reference SET-486369 amount=71869
2026-09-23 13:11:50.986 WARN  [payment-service,e75159eaf41e6ad1,1b6f6b38] [settlement-1] com.example.payment.SettlementApiClient - Upstream latency 2456ms exceeds the 1000ms budget
2026-09-23 13:11:57.197 DEBUG [payment-service,32bf42de27ecbf7c,cdbfe43a] [settlement-6] com.example.payment.SettlementApiClient - POST https://bank.example.com/v2/settle -> 200 in 466ms
2026-09-23 13:12:10.072 INFO  [payment-service,85bebdfc46b1e2f9,4a414f9a] [http-nio-8081-exec-1] com.example.payment.PaymentRetryClient - Settled reference SET-747135 amount=20099
2026-09-23 13:12:15.623 WARN  [payment-service,cee87e599acb163b,c5fd19a7] [http-nio-8081-exec-7] com.example.payment.SettlementApiClient - Upstream latency 1425ms exceeds the 1000ms budget
2026-09-23 13:12:19.050 INFO  [payment-service,94fa1a8090553b85,291074a1] [settlement-5] com.example.payment.PayoutController - POST /api/v1/payouts 201 in 280ms
2026-09-23 13:12:24.352 WARN  [payment-service,bb939f0daf2039ab,c0c67b17] [settlement-2] com.example.payment.SettlementApiClient - Upstream latency 1736ms exceeds the 1000ms budget
2026-09-23 13:13:10.792 INFO  [payment-service,53442c1d1c9d9d57,0a6410b9] [settlement-8] com.example.payment.PaymentRetryClient - Settled reference SET-105814 amount=85647
2026-09-23 13:13:16.321 WARN  [payment-service,a60f78227279091a,7c33ae1f] [settlement-8] com.example.payment.SettlementApiClient - Upstream latency 1763ms exceeds the 1000ms budget
2026-09-23 13:15:03.886 INFO  [payment-service,ae9797e131873e70,b8f46b59] [settlement-4] com.example.payment.PayoutController - POST /api/v1/payouts 201 in 108ms
2026-09-23 13:15:34.972 WARN  [payment-service,b9a17f08731c7183,0c843eec] [settlement-3] com.example.payment.SettlementApiClient - Upstream latency 1971ms exceeds the 1000ms budget
2026-09-23 13:15:46.196 INFO  [payment-service,bfbcdc5a799abc7b,c5e4ed53] [settlement-9] com.example.payment.ReconciliationJob - Reconciled 1056 rows, 2 mismatches
2026-09-23 13:17:02.131 INFO  [payment-service,919bd296eca11485,ba38355f] [http-nio-8081-exec-7] com.example.payment.PayoutController - POST /api/v1/payouts 201 in 316ms
2026-09-23 13:17:03.370 DEBUG [payment-service,739e33284fa6d172,44dfd7ed] [http-nio-8081-exec-6] com.example.payment.SettlementApiClient - POST https://bank.example.com/v2/settle -> 200 in 865ms
2026-09-23 13:17:05.717 INFO  [payment-service,9b7044b11991ad61,6613b42b] [http-nio-8081-exec-6] com.example.payment.PayoutController - POST /api/v1/payouts 201 in 115ms
2026-09-23 13:19:06.238 WARN  [payment-service,bf4ae34e8539d805,653ac05f] [settlement-7] com.example.payment.SettlementApiClient - Upstream latency 1758ms exceeds the 1000ms budget
2026-09-23 13:19:20.615 INFO  [payment-service,385eb32de6f9475f,e879e0d2] [http-nio-8081-exec-4] com.example.payment.ReconciliationJob - Reconciled 228 rows, 0 mismatches
2026-09-23 13:20:09.855 WARN  [payment-service,e5f21d5e2435558e,3c6db7a8] [settlement-6] com.example.payment.SettlementApiClient - Upstream latency 1210ms exceeds the 1000ms budget
2026-09-23 13:20:22.239 WARN  [payment-service,ba89ab1e86a119c7,8f2ad29a] [http-nio-8081-exec-4] com.example.payment.SettlementApiClient - Upstream latency 2146ms exceeds the 1000ms budget
2026-09-23 13:20:33.202 INFO  [payment-service,8110107119e28461,db657398] [http-nio-8081-exec-4] com.example.payment.ReconciliationJob - Reconciled 906 rows, 0 mismatches
2026-09-23 13:24:32.116 INFO  [payment-service,8752e63c7f331d97,d1fea853] [settlement-3] com.example.payment.PaymentRetryClient - Settled reference SET-154854 amount=64029
2026-09-23 13:24:38.081 INFO  [payment-service,5dbaf71c55f31feb,54dd360f] [http-nio-8081-exec-3] com.example.payment.ReconciliationJob - Reconciled 394 rows, 2 mismatches
2026-09-23 13:24:50.514 INFO  [payment-service,a2e8faf9478d93c6,066bef41] [settlement-6] com.example.payment.ReconciliationJob - Reconciled 366 rows, 1 mismatches
2026-09-23 13:25:03.341 DEBUG [payment-service,d6ad7eebe09a0080,681d73cf] [settlement-3] com.example.payment.SettlementApiClient - POST https://bank.example.com/v2/settle -> 200 in 250ms
2026-09-23 13:26:02.183 WARN  [payment-service,c0bef0bade8bf30d,94a426b2] [http-nio-8081-exec-2] com.example.payment.SettlementApiClient - Upstream latency 2590ms exceeds the 1000ms budget
2026-09-23 13:26:07.982 INFO  [payment-service,096d1985a426daab,1db9d128] [http-nio-8081-exec-2] com.example.payment.PayoutController - POST /api/v1/payouts 201 in 76ms
2026-09-23 13:27:03.397 INFO  [payment-service,0a8d13f894c9e93f,6ae4247e] [http-nio-8081-exec-8] com.example.payment.ReconciliationJob - Reconciled 1183 rows, 3 mismatches
2026-09-23 13:28:09.397 INFO  [payment-service,a148819691de63cf,4c97bc10] [http-nio-8081-exec-6] com.example.payment.ReconciliationJob - Reconciled 697 rows, 1 mismatches
2026-09-23 13:28:13.779 DEBUG [payment-service,930c79f029489db3,e6c0a863] [http-nio-8081-exec-9] com.example.payment.SettlementApiClient - POST https://bank.example.com/v2/settle -> 200 in 529ms
2026-09-23 13:28:21.762 DEBUG [payment-service,5db74770bbd06f4c,e4bc6cae] [settlement-3] com.example.payment.SettlementApiClient - POST https://bank.example.com/v2/settle -> 200 in 395ms
2026-09-23 13:28:24.309 DEBUG [payment-service,c726f6b5161b2b16,6d9e92fb] [http-nio-8081-exec-4] com.example.payment.SettlementApiClient - POST https://bank.example.com/v2/settle -> 200 in 333ms
2026-09-23 13:29:11.566 INFO  [payment-service,33e9435e6235e890,234f261d] [http-nio-8081-exec-7] com.example.payment.PayoutController - POST /api/v1/payouts 201 in 101ms
2026-09-23 13:29:50.994 INFO  [payment-service,b2c2faa040efd1bb,f2090a44] [http-nio-8081-exec-9] com.example.payment.PayoutController - POST /api/v1/payouts 201 in 105ms
2026-09-23 13:30:28.011 WARN  [payment-service,96262a5565ca3f5b,e313e771] [http-nio-8081-exec-3] com.example.payment.SettlementApiClient - Upstream latency 1693ms exceeds the 1000ms budget
2026-09-23 13:31:05.417 INFO  [payment-service,655e787390c25f6c,cfa07f19] [settlement-7] com.example.payment.PayoutController - POST /api/v1/payouts 201 in 201ms
2026-09-23 13:31:38.725 INFO  [payment-service,b089c4cc2f5b6eda,c4092e8c] [http-nio-8081-exec-1] com.example.payment.PayoutController - POST /api/v1/payouts 201 in 131ms
2026-09-23 13:32:32.097 INFO  [payment-service,5a235b9298bacaf6,a173b650] [settlement-3] com.example.payment.ReconciliationJob - Reconciled 960 rows, 2 mismatches
2026-09-23 13:33:48.496 INFO  [payment-service,d76a8b938872a07d,10959b21] [settlement-4] com.example.payment.PayoutController - POST /api/v1/payouts 201 in 149ms
2026-09-23 13:34:23.296 INFO  [payment-service,7390d6ed02c2f7a0,54979263] [http-nio-8081-exec-7] com.example.payment.PaymentRetryClient - Settled reference SET-746491 amount=88115
2026-09-23 13:35:10.418 DEBUG [payment-service,bd494e96237902cf,920b09da] [http-nio-8081-exec-4] com.example.payment.SettlementApiClient - POST https://bank.example.com/v2/settle -> 200 in 603ms
2026-09-23 13:35:36.591 DEBUG [payment-service,6fb7be2e074f4a12,ffe064cb] [http-nio-8081-exec-8] com.example.payment.SettlementApiClient - POST https://bank.example.com/v2/settle -> 200 in 804ms
2026-09-23 13:36:30.350 INFO  [payment-service,9ffbd1b449a3d4df,dbb052eb] [settlement-8] com.example.payment.PaymentRetryClient - Settled reference SET-547321 amount=47759
2026-09-23 13:36:42.273 WARN  [payment-service,68378729830bcc82,02947d36] [http-nio-8081-exec-7] com.example.payment.SettlementApiClient - Upstream latency 2385ms exceeds the 1000ms budget
2026-09-23 13:36:53.788 INFO  [payment-service,7ad60d7d586cbf6a,a2d4fdc7] [settlement-4] com.example.payment.ReconciliationJob - Reconciled 1019 rows, 3 mismatches
2026-09-23 13:39:04.342 INFO  [payment-service,517b796aa5c5abf8,2cec71f3] [settlement-8] com.example.payment.PayoutController - POST /api/v1/payouts 201 in 245ms
2026-09-23 13:39:32.457 DEBUG [payment-service,a03b2fb4ed76c86d,c727130d] [settlement-5] com.example.payment.SettlementApiClient - POST https://bank.example.com/v2/settle -> 200 in 167ms
2026-09-23 13:39:57.173 INFO  [payment-service,282f3a52b0dd2527,8c75c3e2] [http-nio-8081-exec-3] com.example.payment.PayoutController - POST /api/v1/payouts 201 in 278ms
2026-09-23 13:41:08.970 INFO  [payment-service,d9f25c60a0208e03,5bebd0a9] [http-nio-8081-exec-1] com.example.payment.ReconciliationJob - Reconciled 711 rows, 0 mismatches
2026-09-23 13:41:32.735 INFO  [payment-service,0328ecfd5522a330,db297df1] [settlement-9] com.example.payment.PayoutController - POST /api/v1/payouts 201 in 72ms
2026-09-23 13:44:37.863 DEBUG [payment-service,3e06c86fd74edc40,896d432b] [settlement-3] com.example.payment.SettlementApiClient - POST https://bank.example.com/v2/settle -> 200 in 535ms
2026-09-23 13:45:27.635 INFO  [payment-service,7fce79eebc034d4f,734dbecc] [settlement-3] com.example.payment.PaymentRetryClient - Settled reference SET-825903 amount=42727
2026-09-23 13:46:36.281 WARN  [payment-service,f29934efa0b15937,8be49c71] [settlement-4] com.example.payment.SettlementApiClient - Upstream latency 1366ms exceeds the 1000ms budget
2026-09-23 13:47:13.497 INFO  [payment-service,8b4b151c570f27e7,f31f0754] [http-nio-8081-exec-7] com.example.payment.ReconciliationJob - Reconciled 230 rows, 2 mismatches
2026-09-23 13:50:51.651 DEBUG [payment-service,d453f2620ee8309e,7d973b4c] [http-nio-8081-exec-6] com.example.payment.SettlementApiClient - POST https://bank.example.com/v2/settle -> 200 in 109ms
2026-09-23 13:51:40.158 INFO  [payment-service,499c934c4332d890,c9bb4ced] [settlement-6] com.example.payment.PaymentRetryClient - Settled reference SET-507161 amount=44634
2026-09-23 13:51:48.050 DEBUG [payment-service,8c67beb157ec0630,5bca654b] [http-nio-8081-exec-1] com.example.payment.SettlementApiClient - POST https://bank.example.com/v2/settle -> 200 in 452ms
2026-09-23 13:51:52.343 INFO  [payment-service,b31387c4a8d08453,772256a6] [http-nio-8081-exec-5] com.example.payment.PaymentRetryClient - Settled reference SET-219112 amount=26248
2026-09-23 13:51:57.618 INFO  [payment-service,6255d4c926f8c3a4,9a65a264] [settlement-2] com.example.payment.PayoutController - POST /api/v1/payouts 201 in 157ms
2026-09-23 13:52:37.298 INFO  [payment-service,cfa1915acaa1da16,b265fcde] [settlement-2] com.example.payment.ReconciliationJob - Reconciled 577 rows, 3 mismatches
2026-09-23 13:53:08.679 WARN  [payment-service,187094b114e0d6ee,24f70681] [http-nio-8081-exec-4] com.example.payment.SettlementApiClient - Upstream latency 2091ms exceeds the 1000ms budget
2026-09-23 13:54:34.998 DEBUG [payment-service,4540d1df712df1c1,aa6a224e] [settlement-9] com.example.payment.SettlementApiClient - POST https://bank.example.com/v2/settle -> 200 in 543ms
2026-09-23 13:55:04.053 WARN  [payment-service,32c4f60bfce81159,807333ea] [settlement-2] com.example.payment.SettlementApiClient - Upstream latency 2134ms exceeds the 1000ms budget
2026-09-23 13:55:10.295 WARN  [payment-service,da8d90c252cc0816,37d88143] [settlement-7] com.example.payment.SettlementApiClient - Upstream latency 2065ms exceeds the 1000ms budget
2026-09-23 13:58:36.656 WARN  [payment-service,4332894806253d03,92f48cb6] [http-nio-8081-exec-6] com.example.payment.SettlementApiClient - Upstream latency 1637ms exceeds the 1000ms budget
2026-09-23 13:59:48.451 INFO  [payment-service,3bc9474c648a13a1,483d84b7] [http-nio-8081-exec-8] com.example.payment.PayoutController - POST /api/v1/payouts 201 in 313ms
2026-09-23 14:00:37.713 INFO  [payment-service,4da5cbbe101d594a,5b4bcb1b] [http-nio-8081-exec-1] com.example.payment.PaymentRetryClient - Settled reference SET-806566 amount=35215
2026-09-23 14:03:10.056 DEBUG [payment-service,52a3b5aacce31a4f,df352b36] [http-nio-8081-exec-3] com.example.payment.SettlementApiClient - POST https://bank.example.com/v2/settle -> 200 in 545ms
2026-09-23 14:03:39.826 WARN  [payment-service,6a0ba9bfd9a65cf5,38bf1a9a] [http-nio-8081-exec-6] com.example.payment.SettlementApiClient - Upstream latency 1288ms exceeds the 1000ms budget
2026-09-23 14:04:05.500 DEBUG [payment-service,95861d8352784727,0a19b987] [settlement-3] com.example.payment.SettlementApiClient - POST https://bank.example.com/v2/settle -> 200 in 697ms
2026-09-23 14:04:33.509 INFO  [payment-service,fcaeff262e6783d2,358a1061] [settlement-8] com.example.payment.ReconciliationJob - Reconciled 792 rows, 2 mismatches
2026-09-23 14:05:32.331 INFO  [payment-service,c5e0c05bd435bb01,fc628d34] [settlement-2] com.example.payment.ReconciliationJob - Reconciled 366 rows, 0 mismatches
2026-09-23 14:06:44.390 DEBUG [payment-service,89d792762d28c596,47738794] [settlement-8] com.example.payment.SettlementApiClient - POST https://bank.example.com/v2/settle -> 200 in 709ms
2026-09-23 14:07:19.385 WARN  [payment-service,a67c06b481341fa6,cedf5c5d] [settlement-4] com.example.payment.SettlementApiClient - Upstream latency 2442ms exceeds the 1000ms budget
2026-09-23 14:07:20.888 INFO  [payment-service,61e7f13830791f2b,88937d81] [http-nio-8081-exec-3] com.example.payment.PayoutController - POST /api/v1/payouts 201 in 155ms
2026-09-23 14:07:48.250 DEBUG [payment-service,55bb2f1bd05725cf,ee8d2b28] [settlement-4] com.example.payment.SettlementApiClient - POST https://bank.example.com/v2/settle -> 200 in 541ms
2026-09-23 14:09:48.312 INFO  [payment-service,2978bd4a5d0ab09c,8f57fa3a] [http-nio-8081-exec-7] com.example.payment.PayoutController - POST /api/v1/payouts 201 in 247ms
2026-09-23 14:09:52.975 INFO  [payment-service,7349fd79a251448c,a255885e] [settlement-9] com.example.payment.ReconciliationJob - Reconciled 763 rows, 2 mismatches
2026-09-23 14:11:23.747 WARN  [payment-service,28cdd0d855877453,d2abb7ac] [settlement-9] com.example.payment.SettlementApiClient - Upstream latency 1221ms exceeds the 1000ms budget
2026-09-23 14:12:06.611 INFO  [payment-service,50e2e451b1cd2c89,af3f36de] [settlement-2] com.example.payment.ReconciliationJob - Reconciled 882 rows, 1 mismatches
2026-09-23 14:15:11.760 INFO  [payment-service,c2b9872848bea085,f245f1f6] [settlement-4] com.example.payment.PayoutController - POST /api/v1/payouts 201 in 213ms
2026-09-23 14:15:34.605 INFO  [payment-service,60ab534f2aa8133b,c5bde1e2] [http-nio-8081-exec-9] com.example.payment.ReconciliationJob - Reconciled 428 rows, 0 mismatches
2026-09-23 14:16:33.072 INFO  [payment-service,147941211ee4d106,d8f2c953] [http-nio-8081-exec-3] com.example.payment.ReconciliationJob - Reconciled 375 rows, 0 mismatches
2026-09-23 14:16:34.037 INFO  [payment-service,57453923cf140226,35816196] [settlement-2] com.example.payment.ReconciliationJob - Reconciled 847 rows, 2 mismatches
2026-09-23 14:16:47.534 INFO  [payment-service,386fca2404979df2,311b0622] [settlement-1] com.example.payment.PayoutController - POST /api/v1/payouts 201 in 118ms
2026-09-23 14:19:17.950 DEBUG [payment-service,f5d8eb1efc42d871,2479a351] [settlement-5] com.example.payment.SettlementApiClient - POST https://bank.example.com/v2/settle -> 200 in 666ms
2026-09-23 14:20:21.173 INFO  [payment-service,88393eeeb2cce4e6,38306f3a] [settlement-9] com.example.payment.PaymentRetryClient - Settled reference SET-516763 amount=81827
2026-09-23 14:20:37.191 WARN  [payment-service,1e367b464e7b6bc6,c2fb8205] [settlement-1] com.example.payment.SettlementApiClient - Upstream latency 1649ms exceeds the 1000ms budget
2026-09-23 14:21:31.225 INFO  [payment-service,df6198b603c1aebe,b5f58493] [settlement-9] com.example.payment.PaymentRetryClient - Settled reference SET-156942 amount=30368
2026-09-23 14:22:03.269 WARN  [payment-service,30ade0c7a565e3cb,77aab397] [settlement-1] com.example.payment.SettlementApiClient - Upstream latency 1683ms exceeds the 1000ms budget
2026-09-23 14:25:27.099 INFO  [payment-service,d0225873b7363f0c,bb80a95f] [http-nio-8081-exec-4] com.example.payment.ReconciliationJob - Reconciled 1173 rows, 1 mismatches
2026-09-23 14:25:39.332 DEBUG [payment-service,74f49199d980f4d6,36d77055] [settlement-3] com.example.payment.SettlementApiClient - POST https://bank.example.com/v2/settle -> 200 in 891ms
2026-09-23 14:26:35.039 INFO  [payment-service,59b4c0ed64b0b2e9,29f50d65] [settlement-8] com.example.payment.ReconciliationJob - Reconciled 571 rows, 2 mismatches
2026-09-23 14:27:04.541 INFO  [payment-service,4ffb74de8a346dc4,242a8569] [settlement-3] com.example.payment.PayoutController - POST /api/v1/payouts 201 in 211ms
2026-09-23 14:27:17.526 WARN  [payment-service,13809c7c9b2bbaf7,357d61dc] [http-nio-8081-exec-5] com.example.payment.SettlementApiClient - Upstream latency 2594ms exceeds the 1000ms budget
2026-09-23 14:27:19.064 INFO  [payment-service,83a624310ca290a4,04b39169] [http-nio-8081-exec-4] com.example.payment.ReconciliationJob - Reconciled 162 rows, 0 mismatches
2026-09-23 14:27:37.871 DEBUG [payment-service,bd55198c6ecce1a1,b59938d6] [settlement-9] com.example.payment.SettlementApiClient - POST https://bank.example.com/v2/settle -> 200 in 436ms
2026-09-23 14:28:00.116 INFO  [payment-service,caf1041b384f96f6,da09b564] [http-nio-8081-exec-5] com.example.payment.PayoutController - POST /api/v1/payouts 201 in 127ms
2026-09-23 14:28:40.873 DEBUG [payment-service,776ff9cece6e33d1,2e717aef] [http-nio-8081-exec-4] com.example.payment.SettlementApiClient - POST https://bank.example.com/v2/settle -> 200 in 695ms
2026-09-23 14:29:05.592 INFO  [payment-service,86c5450bcccba4fe,eeb9f1c6] [settlement-7] com.example.payment.ReconciliationJob - Reconciled 204 rows, 0 mismatches
2026-09-23 14:32:37.810 INFO  [payment-service,62489ab3fb578f7d,0bd4936c] [http-nio-8081-exec-6] com.example.payment.PayoutController - POST /api/v1/payouts 201 in 135ms
2026-09-23 14:34:18.067 WARN  [payment-service,503d945a8c002330,9cacf418] [http-nio-8081-exec-1] com.example.payment.SettlementApiClient - Upstream latency 1513ms exceeds the 1000ms budget
2026-09-23 14:34:41.916 INFO  [payment-service,8cd81aa73ff2a1dc,03183fe8] [settlement-4] com.example.payment.PaymentRetryClient - Settled reference SET-385939 amount=41566
2026-09-23 14:36:05.728 WARN  [payment-service,c25fdf4ce75f0f03,55fe075f] [settlement-1] com.example.payment.SettlementApiClient - Upstream latency 2250ms exceeds the 1000ms budget
2026-09-23 14:38:24.238 INFO  [payment-service,b9f34ad5c48b2697,27db3cac] [settlement-9] com.example.payment.PayoutController - POST /api/v1/payouts 201 in 84ms
2026-09-23 14:38:45.418 DEBUG [payment-service,199f2bb3d19f214f,1895b880] [http-nio-8081-exec-5] com.example.payment.SettlementApiClient - POST https://bank.example.com/v2/settle -> 200 in 211ms
2026-09-23 14:39:35.625 INFO  [payment-service,a6662a61a9ebf7e4,dbf4bdc4] [http-nio-8081-exec-4] com.example.payment.PayoutController - POST /api/v1/payouts 201 in 108ms
2026-09-23 14:41:11.789 INFO  [payment-service,bbb132ddac71c46a,268d3e73] [http-nio-8081-exec-8] com.example.payment.PayoutController - POST /api/v1/payouts 201 in 160ms
2026-09-23 14:42:40.118 INFO  [payment-service,27329f8adbafa95f,2458baa2] [settlement-4] com.example.payment.ReconciliationJob - Reconciled 711 rows, 1 mismatches
2026-09-23 14:42:44.184 DEBUG [payment-service,ee24a8480c4b21c8,7c726691] [settlement-7] com.example.payment.SettlementApiClient - POST https://bank.example.com/v2/settle -> 200 in 272ms
2026-09-23 14:44:20.849 INFO  [payment-service,e9cf60a64709dc82,e6370c04] [settlement-3] com.example.payment.ReconciliationJob - Reconciled 1058 rows, 0 mismatches
2026-09-23 14:44:50.946 INFO  [payment-service,3bc98250ce3a6c94,48b716a6] [settlement-1] com.example.payment.ReconciliationJob - Reconciled 171 rows, 3 mismatches
2026-09-23 14:45:22.202 DEBUG [payment-service,c14548accf8c19d4,20ca050f] [http-nio-8081-exec-9] com.example.payment.SettlementApiClient - POST https://bank.example.com/v2/settle -> 200 in 95ms
2026-09-23 14:47:18.579 INFO  [payment-service,1a2db93b557ad45a,43c350f6] [settlement-4] com.example.payment.PayoutController - POST /api/v1/payouts 201 in 238ms
2026-09-23 14:48:05.952 INFO  [payment-service,55adfd45bc7ed9e8,1e6d3109] [settlement-5] com.example.payment.PaymentRetryClient - Settled reference SET-771857 amount=11043
2026-09-23 14:49:39.332 INFO  [payment-service,c44cfa89c2e0d7ba,3d39d1d4] [settlement-5] com.example.payment.ReconciliationJob - Reconciled 826 rows, 3 mismatches
2026-09-23 14:49:58.233 INFO  [payment-service,9d9e5f9f60fac241,25f91a34] [http-nio-8081-exec-8] com.example.payment.ReconciliationJob - Reconciled 286 rows, 2 mismatches
2026-09-23 14:50:25.692 DEBUG [payment-service,599197ec2e667bd8,d8e1c5c7] [settlement-9] com.example.payment.SettlementApiClient - POST https://bank.example.com/v2/settle -> 200 in 888ms
2026-09-23 14:52:40.111 INFO  [payment-service,1c66e86144b2aaaf,bad48ca4] [settlement-4] com.example.payment.PaymentRetryClient - Settled reference SET-566176 amount=18918
2026-09-23 14:53:39.615 INFO  [payment-service,efa265de5e8655e8,65c3d083] [http-nio-8081-exec-5] com.example.payment.ReconciliationJob - Reconciled 1027 rows, 2 mismatches
2026-09-23 14:53:52.567 WARN  [payment-service,3ce2ffe886276036,6c524048] [settlement-9] com.example.payment.SettlementApiClient - Upstream latency 2180ms exceeds the 1000ms budget
2026-09-23 14:54:12.567 INFO  [payment-service,a550a78406b9fb5c,bc1774b6] [settlement-4] com.example.payment.PayoutController - POST /api/v1/payouts 201 in 182ms
2026-09-23 14:54:21.540 INFO  [payment-service,1aa17902bae402a0,a7590a84] [settlement-9] com.example.payment.PayoutController - POST /api/v1/payouts 201 in 168ms
2026-09-23 14:54:53.870 INFO  [payment-service,2363164a4833368b,84d0d1b8] [settlement-1] com.example.payment.PaymentRetryClient - Settled reference SET-468814 amount=34426
2026-09-23 14:55:33.683 INFO  [payment-service,67f157747d9f824d,b75102ca] [settlement-9] com.example.payment.PayoutController - POST /api/v1/payouts 201 in 55ms
2026-09-23 14:56:39.303 INFO  [payment-service,91aa5392342e6835,9d4442cf] [http-nio-8081-exec-9] com.example.payment.ReconciliationJob - Reconciled 865 rows, 0 mismatches
2026-09-23 14:56:49.985 INFO  [payment-service,8c69664bad855d2a,29b9f0c3] [http-nio-8081-exec-1] com.example.payment.PayoutController - POST /api/v1/payouts 201 in 268ms
2026-09-23 14:57:36.601 INFO  [payment-service,52315331a7881fc4,a793ae9f] [http-nio-8081-exec-9] com.example.payment.PayoutController - POST /api/v1/payouts 201 in 169ms
2026-09-23 14:58:49.805 WARN  [payment-service,3fefa35563dcdfcc,48c0c10e] [settlement-3] com.example.payment.SettlementApiClient - Upstream latency 1567ms exceeds the 1000ms budget
2026-09-23 14:58:59.364 INFO  [payment-service,bd8f68b0a7be3afd,87345869] [settlement-6] com.example.payment.PaymentRetryClient - Settled reference SET-310792 amount=68332
2026-09-23 14:59:50.066 WARN  [payment-service,88157066edab64eb,76db3fc6] [http-nio-8081-exec-3] com.example.payment.SettlementApiClient - Upstream latency 2471ms exceeds the 1000ms budget
2026-09-23 15:00:33.511 INFO  [payment-service,ebb32f5fe67a1fac,0365b538] [settlement-2] com.example.payment.PaymentRetryClient - Settled reference SET-667345 amount=21679
2026-09-23 15:00:40.682 INFO  [payment-service,ff73e9ee35ce2b20,fc51e78f] [settlement-7] com.example.payment.ReconciliationJob - Reconciled 490 rows, 1 mismatches
2026-09-23 15:01:30.765 INFO  [payment-service,23653c71f5776e5c,98a854ee] [http-nio-8081-exec-1] com.example.payment.PayoutController - POST /api/v1/payouts 201 in 82ms
2026-09-23 15:01:39.946 INFO  [payment-service,e5a753a31e924bb7,98490f0a] [settlement-3] com.example.payment.PaymentRetryClient - Settled reference SET-322772 amount=76080
2026-09-23 15:02:21.318 INFO  [payment-service,cee1b906796e54f2,1b0bfc0a] [http-nio-8081-exec-8] com.example.payment.ReconciliationJob - Reconciled 265 rows, 0 mismatches
2026-09-23 15:02:32.170 DEBUG [payment-service,7aff996c404e0044,478e0890] [settlement-4] com.example.payment.SettlementApiClient - POST https://bank.example.com/v2/settle -> 200 in 272ms
2026-09-23 15:04:14.895 INFO  [payment-service,3cad02914be0d0c3,f2744a27] [http-nio-8081-exec-5] com.example.payment.PayoutController - POST /api/v1/payouts 201 in 145ms
2026-09-23 15:06:03.463 INFO  [payment-service,a957bf6b4d67c528,c75e0dfb] [settlement-3] com.example.payment.PaymentRetryClient - Settled reference SET-813984 amount=34986
2026-09-23 15:06:32.545 DEBUG [payment-service,b541c58f92241324,3dd97a71] [http-nio-8081-exec-9] com.example.payment.SettlementApiClient - POST https://bank.example.com/v2/settle -> 200 in 133ms
2026-09-23 15:06:57.399 WARN  [payment-service,2858489e9020b647,55b41b62] [settlement-5] com.example.payment.SettlementApiClient - Upstream latency 1839ms exceeds the 1000ms budget
2026-09-23 15:07:45.107 WARN  [payment-service,ca9d56534dee8b5f,9073a2a6] [settlement-2] com.example.payment.SettlementApiClient - Upstream latency 2121ms exceeds the 1000ms budget
2026-09-23 15:09:13.712 INFO  [payment-service,57182eb07903a252,21f38cb0] [settlement-8] com.example.payment.PaymentRetryClient - Settled reference SET-754384 amount=6908
2026-09-23 15:10:49.776 WARN  [payment-service,ca959b8766da037a,246d0175] [http-nio-8081-exec-5] com.example.payment.SettlementApiClient - Upstream latency 1926ms exceeds the 1000ms budget
2026-09-23 15:11:46.835 WARN  [payment-service,4789cc95948be5b7,d4c89dbb] [http-nio-8081-exec-6] com.example.payment.SettlementApiClient - Upstream latency 1829ms exceeds the 1000ms budget
2026-09-23 15:11:48.347 DEBUG [payment-service,cf86cb38dfdff0cb,71ae19b3] [settlement-8] com.example.payment.SettlementApiClient - POST https://bank.example.com/v2/settle -> 200 in 106ms
2026-09-23 15:12:31.290 INFO  [payment-service,4886bb9ba24268b0,427c9339] [http-nio-8081-exec-7] com.example.payment.PayoutController - POST /api/v1/payouts 201 in 54ms
2026-09-23 15:14:20.703 DEBUG [payment-service,3e090af8175bc1e9,735c7f80] [settlement-2] com.example.payment.SettlementApiClient - POST https://bank.example.com/v2/settle -> 200 in 851ms
2026-09-23 15:14:23.084 DEBUG [payment-service,fcdf6a6d60e6802a,de56359f] [http-nio-8081-exec-3] com.example.payment.SettlementApiClient - POST https://bank.example.com/v2/settle -> 200 in 504ms
2026-09-23 15:17:29.436 INFO  [payment-service,3af47c1a3e949214,0e9bcd56] [http-nio-8081-exec-7] com.example.payment.PayoutController - POST /api/v1/payouts 201 in 71ms
2026-09-23 15:17:30.363 WARN  [payment-service,b84419ffa1613d41,35a10461] [http-nio-8081-exec-7] com.example.payment.SettlementApiClient - Upstream latency 1396ms exceeds the 1000ms budget
2026-09-23 15:19:44.842 INFO  [payment-service,b1f2814b43234fcc,c246c42d] [settlement-4] com.example.payment.PayoutController - POST /api/v1/payouts 201 in 247ms
2026-09-23 15:20:14.483 INFO  [payment-service,4d4c7b8044bf85e0,0dbe549a] [http-nio-8081-exec-9] com.example.payment.PaymentRetryClient - Settled reference SET-315910 amount=80879
2026-09-23 15:21:51.636 WARN  [payment-service,6a66e0ca3f8a2ce9,3b12b725] [settlement-3] com.example.payment.SettlementApiClient - Upstream latency 1203ms exceeds the 1000ms budget
2026-09-23 15:23:11.246 DEBUG [payment-service,7d8107b79b06b41f,3cd8067f] [settlement-5] com.example.payment.SettlementApiClient - POST https://bank.example.com/v2/settle -> 200 in 549ms
2026-09-23 15:24:07.089 DEBUG [payment-service,440df33c76fa082e,61c8718f] [http-nio-8081-exec-8] com.example.payment.SettlementApiClient - POST https://bank.example.com/v2/settle -> 200 in 477ms
2026-09-23 15:24:22.819 DEBUG [payment-service,babeb3ac87061b6d,8badbfe8] [http-nio-8081-exec-4] com.example.payment.SettlementApiClient - POST https://bank.example.com/v2/settle -> 200 in 709ms
2026-09-23 15:25:02.731 INFO  [payment-service,a60eee864c2a4e7d,7005aae2] [settlement-1] com.example.payment.PaymentRetryClient - Settled reference SET-351357 amount=66702
2026-09-23 15:25:32.733 DEBUG [payment-service,3bb17764a85b7b4f,00409b4e] [http-nio-8081-exec-3] com.example.payment.SettlementApiClient - POST https://bank.example.com/v2/settle -> 200 in 231ms
2026-09-23 15:25:54.081 INFO  [payment-service,442d79f48380232e,969a08b6] [http-nio-8081-exec-4] com.example.payment.ReconciliationJob - Reconciled 168 rows, 3 mismatches
2026-09-23 15:31:11.297 WARN  [payment-service,0c2d01ff83919402,4d78217e] [settlement-7] com.example.payment.SettlementApiClient - Upstream latency 2109ms exceeds the 1000ms budget
2026-09-23 15:32:08.291 INFO  [payment-service,ab1dd4644337ba4d,27519e70] [http-nio-8081-exec-3] com.example.payment.PaymentRetryClient - Settled reference SET-998132 amount=57836
2026-09-23 15:34:02.029 INFO  [payment-service,accc50829dbfb6af,a7261b9b] [settlement-9] com.example.payment.PayoutController - POST /api/v1/payouts 201 in 232ms
2026-09-23 15:34:46.161 WARN  [payment-service,472133590f2b5d49,0b6da552] [http-nio-8081-exec-8] com.example.payment.SettlementApiClient - Upstream latency 2391ms exceeds the 1000ms budget
2026-09-23 15:35:55.742 DEBUG [payment-service,7c0d37aecf9fa3fd,762627ef] [http-nio-8081-exec-8] com.example.payment.SettlementApiClient - POST https://bank.example.com/v2/settle -> 200 in 344ms
2026-09-23 15:36:36.085 INFO  [payment-service,85ca27c9503e592c,9470956c] [settlement-8] com.example.payment.PaymentRetryClient - Settled reference SET-383972 amount=75712
2026-09-23 15:36:50.488 INFO  [payment-service,c84e99fefb9a7202,e31e0263] [settlement-4] com.example.payment.ReconciliationJob - Reconciled 273 rows, 1 mismatches
2026-09-23 15:37:12.544 INFO  [payment-service,6b0891d10b08deef,081b086f] [http-nio-8081-exec-8] com.example.payment.ReconciliationJob - Reconciled 850 rows, 0 mismatches
2026-09-23 15:38:14.140 INFO  [payment-service,1411e6ee3c78e0df,338de506] [settlement-5] com.example.payment.ReconciliationJob - Reconciled 995 rows, 3 mismatches
2026-09-23 15:39:54.957 INFO  [payment-service,34a9a12c9dae2b89,2b07305c] [http-nio-8081-exec-6] com.example.payment.PaymentRetryClient - Settled reference SET-178595 amount=33178
2026-09-23 15:42:08.881 INFO  [payment-service,0171fed6b77f6c9c,71bb4644] [http-nio-8081-exec-5] com.example.payment.PayoutController - POST /api/v1/payouts 201 in 277ms
2026-09-23 15:42:17.399 INFO  [payment-service,a719eec89dcd7346,5701e0c9] [http-nio-8081-exec-1] com.example.payment.PayoutController - POST /api/v1/payouts 201 in 96ms
2026-09-23 15:43:11.658 INFO  [payment-service,55a63c486da9a00c,08fa87a6] [http-nio-8081-exec-9] com.example.payment.PayoutController - POST /api/v1/payouts 201 in 106ms
2026-09-23 15:46:09.498 WARN  [payment-service,0f6ebe51bef5145e,b77c7a97] [settlement-2] com.example.payment.SettlementApiClient - Upstream latency 1694ms exceeds the 1000ms budget
2026-09-23 15:47:22.896 INFO  [payment-service,350a6cc9cabd8f1d,68e2a5ab] [settlement-4] com.example.payment.PayoutController - POST /api/v1/payouts 201 in 263ms
2026-09-23 15:49:44.822 INFO  [payment-service,6159efaa70bab1ed,372c8352] [settlement-1] com.example.payment.ReconciliationJob - Reconciled 840 rows, 0 mismatches
2026-09-23 15:49:57.734 INFO  [payment-service,35d316b74c95efea,bd74eb70] [settlement-5] com.example.payment.PaymentRetryClient - Settled reference SET-235477 amount=67508
2026-09-23 15:51:07.135 DEBUG [payment-service,4efc60d851cd288a,fb056b51] [settlement-2] com.example.payment.SettlementApiClient - POST https://bank.example.com/v2/settle -> 200 in 490ms
2026-09-23 15:52:00.981 DEBUG [payment-service,343d03a5ad7bb8f2,99b1c572] [settlement-7] com.example.payment.SettlementApiClient - POST https://bank.example.com/v2/settle -> 200 in 296ms
2026-09-23 15:52:38.262 INFO  [payment-service,04ce10ededaceb38,e56050aa] [settlement-7] com.example.payment.PayoutController - POST /api/v1/payouts 201 in 109ms
2026-09-23 15:52:42.645 INFO  [payment-service,fcddaf1f23db342e,58c2c6e5] [settlement-6] com.example.payment.ReconciliationJob - Reconciled 415 rows, 0 mismatches
2026-09-23 15:53:37.254 INFO  [payment-service,7ad7bea925370ab3,2ec75a9d] [http-nio-8081-exec-7] com.example.payment.PaymentRetryClient - Settled reference SET-818183 amount=72782
2026-09-23 15:54:24.480 DEBUG [payment-service,c71b66bead1516e7,ac1bec43] [settlement-9] com.example.payment.SettlementApiClient - POST https://bank.example.com/v2/settle -> 200 in 104ms
2026-09-23 15:57:00.731 WARN  [payment-service,1d5964e715c2b99f,76fb43d5] [http-nio-8081-exec-7] com.example.payment.SettlementApiClient - Upstream latency 2185ms exceeds the 1000ms budget
2026-09-23 15:57:36.879 INFO  [payment-service,01fe3ff709951111,2065a6fa] [settlement-8] com.example.payment.ReconciliationJob - Reconciled 1101 rows, 2 mismatches
2026-09-23 15:58:00.000 WARN  [payment-service,c4ea64340af00e4a,ad08a41f] [http-nio-8081-exec-3] com.example.payment.PaymentRetryClient - Settlement rate limited (HTTP 429, Retry-After=22s), retrying immediately [PaymentRetryClient.java:28]
2026-09-23 15:58:00.094 WARN  [payment-service,16b13facc53be5ce,9c951dcb] [http-nio-8081-exec-8] com.example.payment.PaymentRetryClient - Settlement rate limited (HTTP 429, Retry-After=7s), retrying immediately [PaymentRetryClient.java:28]
2026-09-23 15:58:00.140 WARN  [payment-service,50d50814039a22db,7f6e0525] [settlement-5] com.example.payment.PaymentRetryClient - Settlement rate limited (HTTP 429, Retry-After=14s), retrying immediately [PaymentRetryClient.java:28]
2026-09-23 15:58:00.150 WARN  [payment-service,09c9a4053248481f,034ce81b] [settlement-4] com.example.payment.PaymentRetryClient - Settlement rate limited (HTTP 429, Retry-After=18s), retrying immediately [PaymentRetryClient.java:28]
2026-09-23 15:58:00.438 WARN  [payment-service,15ccdde4b73e9d77,52a496e2] [settlement-2] com.example.payment.PaymentRetryClient - Settlement rate limited (HTTP 429, Retry-After=3s), retrying immediately [PaymentRetryClient.java:28]
2026-09-23 15:58:00.480 WARN  [payment-service,f36ac18a61535358,99f36850] [http-nio-8081-exec-8] com.example.payment.PaymentRetryClient - Settlement rate limited (HTTP 429, Retry-After=7s), retrying immediately [PaymentRetryClient.java:28]
2026-09-23 15:58:00.611 WARN  [payment-service,3419e48960e1e874,bf8babf3] [http-nio-8081-exec-6] com.example.payment.PaymentRetryClient - Settlement rate limited (HTTP 429, Retry-After=16s), retrying immediately [PaymentRetryClient.java:28]
2026-09-23 15:58:00.976 WARN  [payment-service,33d42143d4916936,0cb087d9] [http-nio-8081-exec-2] com.example.payment.PaymentRetryClient - Settlement rate limited (HTTP 429, Retry-After=21s), retrying immediately [PaymentRetryClient.java:28]
2026-09-23 15:58:01.008 WARN  [payment-service,9e9a6731fe8194b6,cb1ec7f1] [settlement-5] com.example.payment.PaymentRetryClient - Settlement rate limited (HTTP 429, Retry-After=29s), retrying immediately [PaymentRetryClient.java:28]
2026-09-23 15:58:01.016 WARN  [payment-service,28f09060cf873435,a063bcd8] [settlement-2] com.example.payment.PaymentRetryClient - Settlement rate limited (HTTP 429, Retry-After=10s), retrying immediately [PaymentRetryClient.java:28]
2026-09-23 15:58:01.080 WARN  [payment-service,fcd75f0727862432,cda7c0e1] [http-nio-8081-exec-8] com.example.payment.PaymentRetryClient - Settlement rate limited (HTTP 429, Retry-After=11s), retrying immediately [PaymentRetryClient.java:28]
2026-09-23 15:58:01.350 WARN  [payment-service,8fc5856665a68ab4,80021fa7] [http-nio-8081-exec-7] com.example.payment.PaymentRetryClient - Settlement rate limited (HTTP 429, Retry-After=23s), retrying immediately [PaymentRetryClient.java:28]
2026-09-23 15:58:01.360 WARN  [payment-service,16ae763519d24592,1d718120] [http-nio-8081-exec-1] com.example.payment.PaymentRetryClient - Settlement rate limited (HTTP 429, Retry-After=18s), retrying immediately [PaymentRetryClient.java:28]
2026-09-23 15:58:01.384 WARN  [payment-service,bf7848ef48104ae8,8301174b] [http-nio-8081-exec-8] com.example.payment.PaymentRetryClient - Settlement rate limited (HTTP 429, Retry-After=15s), retrying immediately [PaymentRetryClient.java:28]
2026-09-23 15:58:01.644 WARN  [payment-service,c2e7242daff8596a,6e216d73] [http-nio-8081-exec-3] com.example.payment.PaymentRetryClient - Settlement rate limited (HTTP 429, Retry-After=16s), retrying immediately [PaymentRetryClient.java:28]
2026-09-23 15:58:01.680 WARN  [payment-service,d124ab5897a75533,a12b4cb8] [settlement-1] com.example.payment.PaymentRetryClient - Settlement rate limited (HTTP 429, Retry-After=11s), retrying immediately [PaymentRetryClient.java:28]
2026-09-23 15:58:01.710 WARN  [payment-service,2e5ddb4f63f38503,048eca9a] [http-nio-8081-exec-2] com.example.payment.PaymentRetryClient - Settlement rate limited (HTTP 429, Retry-After=17s), retrying immediately [PaymentRetryClient.java:28]
2026-09-23 15:58:01.764 WARN  [payment-service,c0a0f7c4c71275c1,4b872267] [settlement-4] com.example.payment.PaymentRetryClient - Settlement rate limited (HTTP 429, Retry-After=9s), retrying immediately [PaymentRetryClient.java:28]
2026-09-23 15:58:01.969 WARN  [payment-service,3902381aa2e6aa98,cb68d376] [http-nio-8081-exec-2] com.example.payment.PaymentRetryClient - Settlement rate limited (HTTP 429, Retry-After=16s), retrying immediately [PaymentRetryClient.java:28]
2026-09-23 15:58:01.989 WARN  [payment-service,554122cae594dd83,bed865f7] [http-nio-8081-exec-3] com.example.payment.PaymentRetryClient - Settlement rate limited (HTTP 429, Retry-After=16s), retrying immediately [PaymentRetryClient.java:28]
2026-09-23 15:58:02.150 WARN  [payment-service,2fbe382954bb1ddc,a444a628] [settlement-2] com.example.payment.PaymentRetryClient - Settlement rate limited (HTTP 429, Retry-After=13s), retrying immediately [PaymentRetryClient.java:28]
2026-09-23 15:58:02.280 WARN  [payment-service,a92125e7263a57ea,cf2c42c0] [settlement-3] com.example.payment.PaymentRetryClient - Settlement rate limited (HTTP 429, Retry-After=28s), retrying immediately [PaymentRetryClient.java:28]
2026-09-23 15:58:02.394 WARN  [payment-service,018a93a039d66390,31ff5558] [http-nio-8081-exec-1] com.example.payment.PaymentRetryClient - Settlement rate limited (HTTP 429, Retry-After=5s), retrying immediately [PaymentRetryClient.java:28]
2026-09-23 15:58:02.576 WARN  [payment-service,c54b15f0735dd38f,5973a1f6] [settlement-9] com.example.payment.PaymentRetryClient - Settlement rate limited (HTTP 429, Retry-After=9s), retrying immediately [PaymentRetryClient.java:28]
2026-09-23 15:58:02.720 WARN  [payment-service,c340087eb7e83fa4,0ef00ae7] [settlement-3] com.example.payment.PaymentRetryClient - Settlement rate limited (HTTP 429, Retry-After=6s), retrying immediately [PaymentRetryClient.java:28]
2026-09-23 15:58:03.074 WARN  [payment-service,f4732e32efb6fac8,c9d18063] [http-nio-8081-exec-1] com.example.payment.PaymentRetryClient - Settlement rate limited (HTTP 429, Retry-After=7s), retrying immediately [PaymentRetryClient.java:28]
2026-09-23 15:58:03.304 WARN  [payment-service,0dab30b0be8d2601,a6f401fb] [http-nio-8081-exec-8] com.example.payment.PaymentRetryClient - Settlement rate limited (HTTP 429, Retry-After=24s), retrying immediately [PaymentRetryClient.java:28]
2026-09-23 15:58:03.528 WARN  [payment-service,7d9b7179bfb4413e,b188e822] [settlement-1] com.example.payment.PaymentRetryClient - Settlement rate limited (HTTP 429, Retry-After=3s), retrying immediately [PaymentRetryClient.java:28]
2026-09-23 15:58:03.536 WARN  [payment-service,644d12bbf971d5e0,da147a00] [http-nio-8081-exec-7] com.example.payment.PaymentRetryClient - Settlement rate limited (HTTP 429, Retry-After=28s), retrying immediately [PaymentRetryClient.java:28]
2026-09-23 15:58:03.680 WARN  [payment-service,aa9522577f79d421,73c25c69] [settlement-7] com.example.payment.PaymentRetryClient - Settlement rate limited (HTTP 429, Retry-After=20s), retrying immediately [PaymentRetryClient.java:28]
2026-09-23 15:58:03.686 WARN  [payment-service,7d2b24f3fdc904f8,89340425] [http-nio-8081-exec-7] com.example.payment.PaymentRetryClient - Settlement rate limited (HTTP 429, Retry-After=25s), retrying immediately [PaymentRetryClient.java:28]
2026-09-23 15:58:03.848 WARN  [payment-service,12ddac848c696785,ed873090] [settlement-6] com.example.payment.PaymentRetryClient - Settlement rate limited (HTTP 429, Retry-After=18s), retrying immediately [PaymentRetryClient.java:28]
2026-09-23 15:58:03.944 WARN  [payment-service,27aa8b36367f9cc9,8ec42d37] [settlement-5] com.example.payment.PaymentRetryClient - Settlement rate limited (HTTP 429, Retry-After=9s), retrying immediately [PaymentRetryClient.java:28]
2026-09-23 15:58:04.059 WARN  [payment-service,ccf8bb62c5f5ff87,b882dd5b] [settlement-8] com.example.payment.PaymentRetryClient - Settlement rate limited (HTTP 429, Retry-After=7s), retrying immediately [PaymentRetryClient.java:28]
2026-09-23 15:58:04.095 WARN  [payment-service,624fda4df28f8b27,6d78fb96] [http-nio-8081-exec-1] com.example.payment.PaymentRetryClient - Settlement rate limited (HTTP 429, Retry-After=7s), retrying immediately [PaymentRetryClient.java:28]
2026-09-23 15:58:04.189 WARN  [payment-service,b92eb660cdf73b1e,56c60b2d] [settlement-1] com.example.payment.PaymentRetryClient - Settlement rate limited (HTTP 429, Retry-After=4s), retrying immediately [PaymentRetryClient.java:28]
2026-09-23 15:58:04.260 WARN  [payment-service,da54191db8bf122a,de3038f1] [settlement-7] com.example.payment.PaymentRetryClient - Settlement rate limited (HTTP 429, Retry-After=12s), retrying immediately [PaymentRetryClient.java:28]
2026-09-23 15:58:04.294 WARN  [payment-service,4d52b59e7c3da20a,7fc1a03a] [settlement-1] com.example.payment.PaymentRetryClient - Settlement rate limited (HTTP 429, Retry-After=1s), retrying immediately [PaymentRetryClient.java:28]
2026-09-23 15:58:04.329 WARN  [payment-service,9fc81dcb1109fea4,98a60450] [http-nio-8081-exec-9] com.example.payment.PaymentRetryClient - Settlement rate limited (HTTP 429, Retry-After=3s), retrying immediately [PaymentRetryClient.java:28]
2026-09-23 15:58:04.356 WARN  [payment-service,bcebde10456aef12,0b5b2b5b] [http-nio-8081-exec-3] com.example.payment.PaymentRetryClient - Settlement rate limited (HTTP 429, Retry-After=29s), retrying immediately [PaymentRetryClient.java:28]
2026-09-23 15:58:04.450 WARN  [payment-service,10face68ceaa1fc6,632350a2] [settlement-5] com.example.payment.PaymentRetryClient - Settlement rate limited (HTTP 429, Retry-After=17s), retrying immediately [PaymentRetryClient.java:28]
2026-09-23 15:58:04.690 WARN  [payment-service,c4d10543455d4a9b,eed569d5] [http-nio-8081-exec-8] com.example.payment.PaymentRetryClient - Settlement rate limited (HTTP 429, Retry-After=30s), retrying immediately [PaymentRetryClient.java:28]
2026-09-23 15:58:04.867 WARN  [payment-service,924baa7a147c1e71,9e5f01b8] [settlement-6] com.example.payment.PaymentRetryClient - Settlement rate limited (HTTP 429, Retry-After=10s), retrying immediately [PaymentRetryClient.java:28]
2026-09-23 15:58:04.895 WARN  [payment-service,6c93f1e45924f7a0,d6802acc] [settlement-9] com.example.payment.PaymentRetryClient - Settlement rate limited (HTTP 429, Retry-After=28s), retrying immediately [PaymentRetryClient.java:28]
2026-09-23 15:58:04.980 WARN  [payment-service,786f1a139f6a61fa,a0b43085] [settlement-2] com.example.payment.PaymentRetryClient - Settlement rate limited (HTTP 429, Retry-After=5s), retrying immediately [PaymentRetryClient.java:28]
2026-09-23 15:58:05.256 WARN  [payment-service,a19bb5e63aa13b00,12cbcdf4] [http-nio-8081-exec-7] com.example.payment.PaymentRetryClient - Settlement rate limited (HTTP 429, Retry-After=4s), retrying immediately [PaymentRetryClient.java:28]
2026-09-23 15:58:05.494 WARN  [payment-service,26c0cf51d729a96f,eaddba81] [http-nio-8081-exec-2] com.example.payment.PaymentRetryClient - Settlement rate limited (HTTP 429, Retry-After=2s), retrying immediately [PaymentRetryClient.java:28]
2026-09-23 15:58:05.520 WARN  [payment-service,402a2cb0b510e952,1ef9efaa] [settlement-8] com.example.payment.PaymentRetryClient - Settlement rate limited (HTTP 429, Retry-After=15s), retrying immediately [PaymentRetryClient.java:28]
2026-09-23 15:58:05.632 WARN  [payment-service,4bb303b8c62109ee,6fcfa541] [settlement-5] com.example.payment.PaymentRetryClient - Settlement rate limited (HTTP 429, Retry-After=4s), retrying immediately [PaymentRetryClient.java:28]
2026-09-23 15:58:05.850 WARN  [payment-service,a48406236bee8386,448ce8c6] [settlement-1] com.example.payment.PaymentRetryClient - Settlement rate limited (HTTP 429, Retry-After=5s), retrying immediately [PaymentRetryClient.java:28]
2026-09-23 15:58:05.865 WARN  [payment-service,b17b5c43af3d70d5,f80d84e4] [settlement-8] com.example.payment.PaymentRetryClient - Settlement rate limited (HTTP 429, Retry-After=30s), retrying immediately [PaymentRetryClient.java:28]
2026-09-23 15:58:05.922 WARN  [payment-service,21cfa1315bb0992d,152529cd] [http-nio-8081-exec-1] com.example.payment.PaymentRetryClient - Settlement rate limited (HTTP 429, Retry-After=7s), retrying immediately [PaymentRetryClient.java:28]
2026-09-23 15:58:06.090 WARN  [payment-service,d81e30fcf1b4d50f,3407f909] [settlement-4] com.example.payment.PaymentRetryClient - Settlement rate limited (HTTP 429, Retry-After=12s), retrying immediately [PaymentRetryClient.java:28]
2026-09-23 15:58:06.097 WARN  [payment-service,e59f53075bfc68e0,932914a2] [http-nio-8081-exec-3] com.example.payment.PaymentRetryClient - Settlement rate limited (HTTP 429, Retry-After=8s), retrying immediately [PaymentRetryClient.java:28]
2026-09-23 15:58:06.200 WARN  [payment-service,90e20e24c766b8ef,b6fbe34e] [settlement-6] com.example.payment.PaymentRetryClient - Settlement rate limited (HTTP 429, Retry-After=22s), retrying immediately [PaymentRetryClient.java:28]
2026-09-23 15:58:06.272 WARN  [payment-service,58ea63c90cfebe31,e63cc4c0] [http-nio-8081-exec-2] com.example.payment.PaymentRetryClient - Settlement rate limited (HTTP 429, Retry-After=21s), retrying immediately [PaymentRetryClient.java:28]
2026-09-23 15:58:06.596 WARN  [payment-service,41f10ab8267bab5d,f1c738f0] [http-nio-8081-exec-9] com.example.payment.PaymentRetryClient - Settlement rate limited (HTTP 429, Retry-After=19s), retrying immediately [PaymentRetryClient.java:28]
2026-09-23 15:58:06.952 WARN  [payment-service,ea4dbc0a581aeb85,5a0c7df2] [settlement-1] com.example.payment.PaymentRetryClient - Settlement rate limited (HTTP 429, Retry-After=4s), retrying immediately [PaymentRetryClient.java:28]
2026-09-23 15:58:07.047 WARN  [payment-service,5240bc5b047052df,34c7ffc7] [settlement-5] com.example.payment.PaymentRetryClient - Settlement rate limited (HTTP 429, Retry-After=12s), retrying immediately [PaymentRetryClient.java:28]
2026-09-23 15:58:07.092 WARN  [payment-service,233b19876d9ec4b5,8bc5ef76] [http-nio-8081-exec-5] com.example.payment.PaymentRetryClient - Settlement rate limited (HTTP 429, Retry-After=28s), retrying immediately [PaymentRetryClient.java:28]
2026-09-23 15:58:07.104 WARN  [payment-service,5e17da873fe094a3,3ce8eca8] [settlement-5] com.example.payment.PaymentRetryClient - Settlement rate limited (HTTP 429, Retry-After=1s), retrying immediately [PaymentRetryClient.java:28]
2026-09-23 15:58:07.112 WARN  [payment-service,1cce1399f24f772c,c1ac8757] [settlement-8] com.example.payment.PaymentRetryClient - Settlement rate limited (HTTP 429, Retry-After=17s), retrying immediately [PaymentRetryClient.java:28]
2026-09-23 15:58:07.336 WARN  [payment-service,9ee536c70b3c321b,73de9632] [http-nio-8081-exec-1] com.example.payment.PaymentRetryClient - Settlement rate limited (HTTP 429, Retry-After=7s), retrying immediately [PaymentRetryClient.java:28]
2026-09-23 15:58:07.540 WARN  [payment-service,c3a82e88321fa20a,6923d52d] [http-nio-8081-exec-5] com.example.payment.PaymentRetryClient - Settlement rate limited (HTTP 429, Retry-After=17s), retrying immediately [PaymentRetryClient.java:28]
2026-09-23 15:58:07.622 WARN  [payment-service,51fcd5fec11ae46f,c19eb571] [http-nio-8081-exec-7] com.example.payment.PaymentRetryClient - Settlement rate limited (HTTP 429, Retry-After=12s), retrying immediately [PaymentRetryClient.java:28]
2026-09-23 15:58:07.670 WARN  [payment-service,461034de2501b19a,3941ea12] [http-nio-8081-exec-3] com.example.payment.PaymentRetryClient - Settlement rate limited (HTTP 429, Retry-After=22s), retrying immediately [PaymentRetryClient.java:28]
2026-09-23 15:58:07.777 WARN  [payment-service,1bc9964668b2e1f7,6d15cbdf] [http-nio-8081-exec-9] com.example.payment.PaymentRetryClient - Settlement rate limited (HTTP 429, Retry-After=29s), retrying immediately [PaymentRetryClient.java:28]
2026-09-23 15:58:08.064 WARN  [payment-service,47093785f70f9cc2,001bd012] [http-nio-8081-exec-8] com.example.payment.PaymentRetryClient - Settlement rate limited (HTTP 429, Retry-After=17s), retrying immediately [PaymentRetryClient.java:28]
2026-09-23 15:58:08.470 WARN  [payment-service,deb1474641192533,33faf2e3] [http-nio-8081-exec-5] com.example.payment.PaymentRetryClient - Settlement rate limited (HTTP 429, Retry-After=24s), retrying immediately [PaymentRetryClient.java:28]
2026-09-23 15:58:08.892 WARN  [payment-service,2c9a694ca00daa9b,b5f3a969] [settlement-3] com.example.payment.PaymentRetryClient - Settlement rate limited (HTTP 429, Retry-After=29s), retrying immediately [PaymentRetryClient.java:28]
2026-09-23 15:58:09.126 WARN  [payment-service,e81a2c20e007a356,3b97c6a6] [settlement-8] com.example.payment.PaymentRetryClient - Settlement rate limited (HTTP 429, Retry-After=23s), retrying immediately [PaymentRetryClient.java:28]
2026-09-23 15:58:09.128 WARN  [payment-service,171c2b0a9705fe51,103b1e94] [http-nio-8081-exec-7] com.example.payment.PaymentRetryClient - Settlement rate limited (HTTP 429, Retry-After=14s), retrying immediately [PaymentRetryClient.java:28]
2026-09-23 15:58:09.212 WARN  [payment-service,3c819e027c1e4a84,597b510d] [http-nio-8081-exec-4] com.example.payment.PaymentRetryClient - Settlement rate limited (HTTP 429, Retry-After=22s), retrying immediately [PaymentRetryClient.java:28]
2026-09-23 15:58:09.250 WARN  [payment-service,4f8775ff18255072,b3b6a303] [http-nio-8081-exec-9] com.example.payment.PaymentRetryClient - Settlement rate limited (HTTP 429, Retry-After=8s), retrying immediately [PaymentRetryClient.java:28]
2026-09-23 15:58:09.718 WARN  [payment-service,fc43fa0d99a50554,39490862] [http-nio-8081-exec-8] com.example.payment.PaymentRetryClient - Settlement rate limited (HTTP 429, Retry-After=20s), retrying immediately [PaymentRetryClient.java:28]
2026-09-23 15:58:09.975 WARN  [payment-service,4bfb68bbf73adc4e,3233badb] [settlement-6] com.example.payment.PaymentRetryClient - Settlement rate limited (HTTP 429, Retry-After=10s), retrying immediately [PaymentRetryClient.java:28]
2026-09-23 15:58:10.252 WARN  [payment-service,3d72d1675bb6c38b,2233f4ad] [settlement-2] com.example.payment.PaymentRetryClient - Settlement rate limited (HTTP 429, Retry-After=14s), retrying immediately [PaymentRetryClient.java:28]
2026-09-23 15:58:10.442 WARN  [payment-service,f039c4ae456e50e3,388ed625] [http-nio-8081-exec-4] com.example.payment.PaymentRetryClient - Settlement rate limited (HTTP 429, Retry-After=25s), retrying immediately [PaymentRetryClient.java:28]
2026-09-23 15:58:10.500 WARN  [payment-service,237170711542ca04,ef7fc399] [settlement-4] com.example.payment.PaymentRetryClient - Settlement rate limited (HTTP 429, Retry-After=24s), retrying immediately [PaymentRetryClient.java:28]
2026-09-23 15:58:10.530 WARN  [payment-service,34204b1c9978e17e,332663c6] [settlement-4] com.example.payment.PaymentRetryClient - Settlement rate limited (HTTP 429, Retry-After=16s), retrying immediately [PaymentRetryClient.java:28]
2026-09-23 15:58:10.560 WARN  [payment-service,f028c64961489959,2737e503] [http-nio-8081-exec-4] com.example.payment.PaymentRetryClient - Settlement rate limited (HTTP 429, Retry-After=17s), retrying immediately [PaymentRetryClient.java:28]
2026-09-23 15:58:10.653 WARN  [payment-service,e3390be86a03d06e,a7f53223] [settlement-1] com.example.payment.PaymentRetryClient - Settlement rate limited (HTTP 429, Retry-After=2s), retrying immediately [PaymentRetryClient.java:28]
2026-09-23 15:58:10.670 WARN  [payment-service,109f79f7cf24db64,d0db48e8] [settlement-4] com.example.payment.PaymentRetryClient - Settlement rate limited (HTTP 429, Retry-After=7s), retrying immediately [PaymentRetryClient.java:28]
2026-09-23 15:58:10.812 WARN  [payment-service,8fb2b071c5ff571f,11128d64] [http-nio-8081-exec-3] com.example.payment.PaymentRetryClient - Settlement rate limited (HTTP 429, Retry-After=25s), retrying immediately [PaymentRetryClient.java:28]
2026-09-23 15:58:10.824 WARN  [payment-service,66abc9c1cb1ff38b,2adf6a5d] [settlement-6] com.example.payment.PaymentRetryClient - Settlement rate limited (HTTP 429, Retry-After=26s), retrying immediately [PaymentRetryClient.java:28]
2026-09-23 15:58:11.433 WARN  [payment-service,c852a0ed0399bd9d,c5e96ec7] [http-nio-8081-exec-9] com.example.payment.PaymentRetryClient - Settlement rate limited (HTTP 429, Retry-After=4s), retrying immediately [PaymentRetryClient.java:28]
2026-09-23 15:58:11.560 WARN  [payment-service,cf8cd1989d519e26,b3c2f5d6] [settlement-7] com.example.payment.PaymentRetryClient - Settlement rate limited (HTTP 429, Retry-After=23s), retrying immediately [PaymentRetryClient.java:28]
2026-09-23 15:58:11.628 WARN  [payment-service,00979ae0e7e588c9,afaa7b9e] [http-nio-8081-exec-3] com.example.payment.PaymentRetryClient - Settlement rate limited (HTTP 429, Retry-After=8s), retrying immediately [PaymentRetryClient.java:28]
2026-09-23 15:58:11.660 WARN  [payment-service,79f051b1dc49e8af,dc444680] [http-nio-8081-exec-4] com.example.payment.PaymentRetryClient - Settlement rate limited (HTTP 429, Retry-After=18s), retrying immediately [PaymentRetryClient.java:28]
2026-09-23 15:58:11.988 WARN  [payment-service,2db548b9b8c71001,fffb1825] [http-nio-8081-exec-5] com.example.payment.PaymentRetryClient - Settlement rate limited (HTTP 429, Retry-After=12s), retrying immediately [PaymentRetryClient.java:28]
2026-09-23 15:58:12.048 WARN  [payment-service,b84ed625d92fb0ca,e091fb0a] [settlement-1] com.example.payment.PaymentRetryClient - Settlement rate limited (HTTP 429, Retry-After=17s), retrying immediately [PaymentRetryClient.java:28]
2026-09-23 15:58:12.194 WARN  [payment-service,9d6816b61928f53f,c8e478e9] [settlement-1] com.example.payment.PaymentRetryClient - Settlement rate limited (HTTP 429, Retry-After=13s), retrying immediately [PaymentRetryClient.java:28]
2026-09-23 15:58:12.626 WARN  [payment-service,1f4ad0263a7cc336,ddbb2ce8] [http-nio-8081-exec-8] com.example.payment.PaymentRetryClient - Settlement rate limited (HTTP 429, Retry-After=13s), retrying immediately [PaymentRetryClient.java:28]
2026-09-23 15:58:12.825 WARN  [payment-service,131659ab9fa2d879,578bfc87] [http-nio-8081-exec-1] com.example.payment.PaymentRetryClient - Settlement rate limited (HTTP 429, Retry-After=13s), retrying immediately [PaymentRetryClient.java:28]
2026-09-23 15:58:12.870 WARN  [payment-service,f2532fcbfebb5dcb,c2bc5ef6] [settlement-9] com.example.payment.PaymentRetryClient - Settlement rate limited (HTTP 429, Retry-After=6s), retrying immediately [PaymentRetryClient.java:28]
2026-09-23 15:58:12.882 WARN  [payment-service,221d52b4834d6f8f,05fe3588] [http-nio-8081-exec-6] com.example.payment.PaymentRetryClient - Settlement rate limited (HTTP 429, Retry-After=21s), retrying immediately [PaymentRetryClient.java:28]
2026-09-23 15:58:13.386 WARN  [payment-service,6dae4909020d277c,c6cf439a] [http-nio-8081-exec-5] com.example.payment.PaymentRetryClient - Settlement rate limited (HTTP 429, Retry-After=29s), retrying immediately [PaymentRetryClient.java:28]
2026-09-23 15:58:13.600 WARN  [payment-service,860cfcf7f0dcc473,6dbc92ea] [http-nio-8081-exec-9] com.example.payment.PaymentRetryClient - Settlement rate limited (HTTP 429, Retry-After=14s), retrying immediately [PaymentRetryClient.java:28]
2026-09-23 15:58:13.800 WARN  [payment-service,d09cdfff9bcc5721,92bf7374] [http-nio-8081-exec-5] com.example.payment.PaymentRetryClient - Settlement rate limited (HTTP 429, Retry-After=12s), retrying immediately [PaymentRetryClient.java:28]
2026-09-23 15:58:14.042 WARN  [payment-service,155c1c77dd82e4e1,6fcfdb8f] [settlement-5] com.example.payment.PaymentRetryClient - Settlement rate limited (HTTP 429, Retry-After=10s), retrying immediately [PaymentRetryClient.java:28]
2026-09-23 15:58:14.060 WARN  [payment-service,37b6a7f74c3af303,43a1cd0f] [settlement-9] com.example.payment.PaymentRetryClient - Settlement rate limited (HTTP 429, Retry-After=25s), retrying immediately [PaymentRetryClient.java:28]
2026-09-23 15:58:14.535 WARN  [payment-service,21bf0088afa1f8a5,0f7fddf2] [http-nio-8081-exec-8] com.example.payment.PaymentRetryClient - Settlement rate limited (HTTP 429, Retry-After=15s), retrying immediately [PaymentRetryClient.java:28]
2026-09-23 15:58:14.626 WARN  [payment-service,b233ea57e214a151,573dd456] [settlement-6] com.example.payment.PaymentRetryClient - Settlement rate limited (HTTP 429, Retry-After=29s), retrying immediately [PaymentRetryClient.java:28]
2026-09-23 15:58:14.685 WARN  [payment-service,8602619a772cd9a3,01746816] [http-nio-8081-exec-5] com.example.payment.PaymentRetryClient - Settlement rate limited (HTTP 429, Retry-After=27s), retrying immediately [PaymentRetryClient.java:28]
2026-09-23 15:58:14.880 WARN  [payment-service,ed6dbb0719dcf7be,17169af0] [http-nio-8081-exec-8] com.example.payment.PaymentRetryClient - Settlement rate limited (HTTP 429, Retry-After=29s), retrying immediately [PaymentRetryClient.java:28]
2026-09-23 15:58:15.006 WARN  [payment-service,16df954c936e20ba,c2584369] [settlement-4] com.example.payment.PaymentRetryClient - Settlement rate limited (HTTP 429, Retry-After=7s), retrying immediately [PaymentRetryClient.java:28]
2026-09-23 15:58:15.311 WARN  [payment-service,bf384fb1c88d5e35,09ae71c7] [settlement-5] com.example.payment.PaymentRetryClient - Settlement rate limited (HTTP 429, Retry-After=4s), retrying immediately [PaymentRetryClient.java:28]
2026-09-23 15:58:15.351 WARN  [payment-service,d68cf05eba2e545f,caaa08b1] [settlement-2] com.example.payment.PaymentRetryClient - Settlement rate limited (HTTP 429, Retry-After=7s), retrying immediately [PaymentRetryClient.java:28]
2026-09-23 15:58:16.008 WARN  [payment-service,6d746d075d48af79,249383d1] [http-nio-8081-exec-4] com.example.payment.PaymentRetryClient - Settlement rate limited (HTTP 429, Retry-After=12s), retrying immediately [PaymentRetryClient.java:28]
2026-09-23 15:58:16.548 WARN  [payment-service,6f38b34a590e3c72,f8f2288d] [http-nio-8081-exec-6] com.example.payment.PaymentRetryClient - Settlement rate limited (HTTP 429, Retry-After=7s), retrying immediately [PaymentRetryClient.java:28]
2026-09-23 15:58:16.632 WARN  [payment-service,ad189e7fcdf09324,52b9dbc5] [settlement-5] com.example.payment.PaymentRetryClient - Settlement rate limited (HTTP 429, Retry-After=26s), retrying immediately [PaymentRetryClient.java:28]
2026-09-23 15:58:16.767 WARN  [payment-service,0bcc26a5e5b69aad,d08c12f7] [http-nio-8081-exec-7] com.example.payment.PaymentRetryClient - Settlement rate limited (HTTP 429, Retry-After=17s), retrying immediately [PaymentRetryClient.java:28]
2026-09-23 15:58:16.851 WARN  [payment-service,a746d51bdaaf110a,2490a991] [settlement-8] com.example.payment.PaymentRetryClient - Settlement rate limited (HTTP 429, Retry-After=20s), retrying immediately [PaymentRetryClient.java:28]
2026-09-23 15:58:17.176 WARN  [payment-service,20e751dd03a23d13,5816fe7d] [settlement-6] com.example.payment.PaymentRetryClient - Settlement rate limited (HTTP 429, Retry-After=30s), retrying immediately [PaymentRetryClient.java:28]
2026-09-23 15:58:17.200 WARN  [payment-service,b8886a59ec348de6,889bf1e6] [http-nio-8081-exec-6] com.example.payment.PaymentRetryClient - Settlement rate limited (HTTP 429, Retry-After=6s), retrying immediately [PaymentRetryClient.java:28]
2026-09-23 15:58:17.712 WARN  [payment-service,adfbc1ce87849abc,7c1e9810] [settlement-6] com.example.payment.PaymentRetryClient - Settlement rate limited (HTTP 429, Retry-After=29s), retrying immediately [PaymentRetryClient.java:28]
2026-09-23 15:58:17.784 WARN  [payment-service,ba835213d9c16f9b,fb40e3f7] [settlement-7] com.example.payment.PaymentRetryClient - Settlement rate limited (HTTP 429, Retry-After=9s), retrying immediately [PaymentRetryClient.java:28]
2026-09-23 15:58:17.820 WARN  [payment-service,f50807e01b54e7b2,ed1d1da0] [settlement-4] com.example.payment.PaymentRetryClient - Settlement rate limited (HTTP 429, Retry-After=19s), retrying immediately [PaymentRetryClient.java:28]
2026-09-23 15:58:17.880 WARN  [payment-service,a2ce736727726284,ded501ad] [http-nio-8081-exec-2] com.example.payment.PaymentRetryClient - Settlement rate limited (HTTP 429, Retry-After=17s), retrying immediately [PaymentRetryClient.java:28]
2026-09-23 15:58:18.447 WARN  [payment-service,3b962df5fe634469,1f1b4095] [settlement-4] com.example.payment.PaymentRetryClient - Settlement rate limited (HTTP 429, Retry-After=12s), retrying immediately [PaymentRetryClient.java:28]
2026-09-23 15:58:18.507 WARN  [payment-service,861c9a88936728e7,6d8c4580] [settlement-7] com.example.payment.PaymentRetryClient - Settlement rate limited (HTTP 429, Retry-After=28s), retrying immediately [PaymentRetryClient.java:28]
2026-09-23 15:58:18.711 WARN  [payment-service,84d123d68f3acb90,3731af21] [settlement-2] com.example.payment.PaymentRetryClient - Settlement rate limited (HTTP 429, Retry-After=6s), retrying immediately [PaymentRetryClient.java:28]
2026-09-23 15:58:18.816 WARN  [payment-service,77617601273e8b63,57402a33] [settlement-1] com.example.payment.PaymentRetryClient - Settlement rate limited (HTTP 429, Retry-After=1s), retrying immediately [PaymentRetryClient.java:28]
2026-09-23 15:58:19.018 WARN  [payment-service,514343c160e5cebb,2307ccc1] [settlement-1] com.example.payment.PaymentRetryClient - Settlement rate limited (HTTP 429, Retry-After=26s), retrying immediately [PaymentRetryClient.java:28]
2026-09-23 15:58:19.552 WARN  [payment-service,10ce5ad3f9a072b4,688292d6] [http-nio-8081-exec-1] com.example.payment.PaymentRetryClient - Settlement rate limited (HTTP 429, Retry-After=26s), retrying immediately [PaymentRetryClient.java:28]
2026-09-23 15:58:20.160 WARN  [payment-service,1b6f3ed5fdff46ff,3c57c26c] [settlement-8] com.example.payment.PaymentRetryClient - Settlement rate limited (HTTP 429, Retry-After=9s), retrying immediately [PaymentRetryClient.java:28]
2026-09-23 15:58:20.188 WARN  [payment-service,1cd3177e33c377b5,7fb27a94] [http-nio-8081-exec-5] com.example.payment.PaymentRetryClient - Settlement rate limited (HTTP 429, Retry-After=16s), retrying immediately [PaymentRetryClient.java:28]
2026-09-23 15:58:20.250 WARN  [payment-service,fb502d353b09d451,1e936b01] [settlement-2] com.example.payment.PaymentRetryClient - Settlement rate limited (HTTP 429, Retry-After=13s), retrying immediately [PaymentRetryClient.java:28]
2026-09-23 15:58:20.979 WARN  [payment-service,c94c33a137bd8fc9,8b9ba8f2] [settlement-5] com.example.payment.PaymentRetryClient - Settlement rate limited (HTTP 429, Retry-After=16s), retrying immediately [PaymentRetryClient.java:28]
2026-09-23 15:58:21.352 WARN  [payment-service,40a9d3e9c71d88ae,6c1a293b] [http-nio-8081-exec-1] com.example.payment.PaymentRetryClient - Settlement rate limited (HTTP 429, Retry-After=16s), retrying immediately [PaymentRetryClient.java:28]
2026-09-23 15:58:21.432 WARN  [payment-service,a8a7dcb5f96818c8,311ba563] [settlement-1] com.example.payment.PaymentRetryClient - Settlement rate limited (HTTP 429, Retry-After=5s), retrying immediately [PaymentRetryClient.java:28]
2026-09-23 15:58:21.879 WARN  [payment-service,b155cd749f9997aa,810d8ff3] [settlement-7] com.example.payment.PaymentRetryClient - Settlement rate limited (HTTP 429, Retry-After=30s), retrying immediately [PaymentRetryClient.java:28]
2026-09-23 15:58:22.172 WARN  [payment-service,403abc3a1db62189,07dc8cf5] [settlement-9] com.example.payment.PaymentRetryClient - Settlement rate limited (HTTP 429, Retry-After=13s), retrying immediately [PaymentRetryClient.java:28]
2026-09-23 15:58:22.560 WARN  [payment-service,b22e18894d4899c6,af037063] [settlement-6] com.example.payment.PaymentRetryClient - Settlement rate limited (HTTP 429, Retry-After=30s), retrying immediately [PaymentRetryClient.java:28]
2026-09-23 15:58:22.620 WARN  [payment-service,b7c3baa351952ac2,05fbefa5] [http-nio-8081-exec-3] com.example.payment.PaymentRetryClient - Settlement rate limited (HTTP 429, Retry-After=1s), retrying immediately [PaymentRetryClient.java:28]
2026-09-23 15:58:22.950 WARN  [payment-service,8da72ea024e3f6ca,adf9adc6] [settlement-5] com.example.payment.PaymentRetryClient - Settlement rate limited (HTTP 429, Retry-After=17s), retrying immediately [PaymentRetryClient.java:28]
2026-09-23 15:58:23.232 WARN  [payment-service,0d1fcba1c08c48a7,c5dec0df] [http-nio-8081-exec-3] com.example.payment.PaymentRetryClient - Settlement rate limited (HTTP 429, Retry-After=27s), retrying immediately [PaymentRetryClient.java:28]
2026-09-23 15:58:23.653 WARN  [payment-service,604c312074066b71,de62ecaa] [settlement-7] com.example.payment.PaymentRetryClient - Settlement rate limited (HTTP 429, Retry-After=2s), retrying immediately [PaymentRetryClient.java:28]
2026-09-23 15:58:24.698 WARN  [payment-service,fa4560b06f849094,5ed0d4bd] [http-nio-8081-exec-8] com.example.payment.PaymentRetryClient - Settlement rate limited (HTTP 429, Retry-After=4s), retrying immediately [PaymentRetryClient.java:28]
2026-09-23 15:58:25.048 WARN  [payment-service,98042b23d9dc55dd,2b37cf92] [settlement-9] com.example.payment.PaymentRetryClient - Settlement rate limited (HTTP 429, Retry-After=8s), retrying immediately [PaymentRetryClient.java:28]
2026-09-23 15:58:25.403 WARN  [payment-service,937f07c5d0f7959a,12afce5e] [http-nio-8081-exec-5] com.example.payment.PaymentRetryClient - Settlement rate limited (HTTP 429, Retry-After=30s), retrying immediately [PaymentRetryClient.java:28]
2026-09-23 15:58:25.564 WARN  [payment-service,8bc99a0f0c05cfca,e238844f] [http-nio-8081-exec-7] com.example.payment.PaymentRetryClient - Settlement rate limited (HTTP 429, Retry-After=13s), retrying immediately [PaymentRetryClient.java:28]
2026-09-23 15:58:25.620 WARN  [payment-service,4ca1f5bca1277a95,3463b24c] [settlement-6] com.example.payment.PaymentRetryClient - Settlement rate limited (HTTP 429, Retry-After=5s), retrying immediately [PaymentRetryClient.java:28]
2026-09-23 15:58:25.704 WARN  [payment-service,8a3c41ceace1665a,bf6a1487] [http-nio-8081-exec-1] com.example.payment.PaymentRetryClient - Settlement rate limited (HTTP 429, Retry-After=29s), retrying immediately [PaymentRetryClient.java:28]
2026-09-23 15:58:25.990 WARN  [payment-service,dbd21a02b5c7dea3,92d78571] [settlement-1] com.example.payment.PaymentRetryClient - Settlement rate limited (HTTP 429, Retry-After=25s), retrying immediately [PaymentRetryClient.java:28]
2026-09-23 15:58:26.136 WARN  [payment-service,17e17afc3742feef,d59fb819] [http-nio-8081-exec-1] com.example.payment.PaymentRetryClient - Settlement rate limited (HTTP 429, Retry-After=22s), retrying immediately [PaymentRetryClient.java:28]
2026-09-23 15:58:26.164 INFO  [payment-service,1172ea9577f3a4ba,33b13c56] [settlement-3] com.example.payment.ReconciliationJob - Reconciled 836 rows, 1 mismatches
2026-09-23 15:58:26.730 WARN  [payment-service,bc23a51138cf023d,aa959475] [settlement-9] com.example.payment.PaymentRetryClient - Settlement rate limited (HTTP 429, Retry-After=6s), retrying immediately [PaymentRetryClient.java:28]
2026-09-23 15:58:26.862 WARN  [payment-service,3dc83a67ea0af20d,e1ed2dcc] [http-nio-8081-exec-4] com.example.payment.PaymentRetryClient - Settlement rate limited (HTTP 429, Retry-After=12s), retrying immediately [PaymentRetryClient.java:28]
2026-09-23 15:58:27.936 WARN  [payment-service,48e314862351a7c4,0aca539f] [settlement-2] com.example.payment.PaymentRetryClient - Settlement rate limited (HTTP 429, Retry-After=2s), retrying immediately [PaymentRetryClient.java:28]
2026-09-23 15:58:28.086 WARN  [payment-service,d751bd717df7add7,44f7045b] [http-nio-8081-exec-5] com.example.payment.PaymentRetryClient - Settlement rate limited (HTTP 429, Retry-After=9s), retrying immediately [PaymentRetryClient.java:28]
2026-09-23 15:58:29.200 WARN  [payment-service,a3c604a1cf970fdb,ba679eae] [http-nio-8081-exec-9] com.example.payment.PaymentRetryClient - Settlement rate limited (HTTP 429, Retry-After=18s), retrying immediately [PaymentRetryClient.java:28]
2026-09-23 15:58:30.396 WARN  [payment-service,f6a15affd0b0d311,d3d97c26] [http-nio-8081-exec-2] com.example.payment.PaymentRetryClient - Settlement rate limited (HTTP 429, Retry-After=10s), retrying immediately [PaymentRetryClient.java:28]
2026-09-23 15:58:30.832 WARN  [payment-service,306ee4d0450753df,02cdb1d7] [settlement-3] com.example.payment.PaymentRetryClient - Settlement rate limited (HTTP 429, Retry-After=6s), retrying immediately [PaymentRetryClient.java:28]
2026-09-23 15:58:32.766 WARN  [payment-service,8abb8b9fe49b0bf8,5e400c0a] [settlement-2] com.example.payment.PaymentRetryClient - Settlement rate limited (HTTP 429, Retry-After=1s), retrying immediately [PaymentRetryClient.java:28]
2026-09-23 15:58:33.180 WARN  [payment-service,f2ae957dc220a314,fbe39393] [settlement-4] com.example.payment.PaymentRetryClient - Settlement rate limited (HTTP 429, Retry-After=7s), retrying immediately [PaymentRetryClient.java:28]
2026-09-23 15:58:33.440 WARN  [payment-service,7376eeaa14212695,b914fcbf] [http-nio-8081-exec-3] com.example.payment.PaymentRetryClient - Settlement rate limited (HTTP 429, Retry-After=16s), retrying immediately [PaymentRetryClient.java:28]
2026-09-23 15:58:33.480 WARN  [payment-service,94a20fea27f8ddc0,24087d8d] [settlement-9] com.example.payment.PaymentRetryClient - Settlement rate limited (HTTP 429, Retry-After=12s), retrying immediately [PaymentRetryClient.java:28]
2026-09-23 15:58:34.695 WARN  [payment-service,53b8c5c87b020a0e,ebee11ed] [settlement-6] com.example.payment.PaymentRetryClient - Settlement rate limited (HTTP 429, Retry-After=20s), retrying immediately [PaymentRetryClient.java:28]
2026-09-23 15:58:34.986 WARN  [payment-service,cf52ebf888786a49,42624687] [http-nio-8081-exec-1] com.example.payment.PaymentRetryClient - Settlement rate limited (HTTP 429, Retry-After=30s), retrying immediately [PaymentRetryClient.java:28]
2026-09-23 15:58:35.464 WARN  [payment-service,07416b175bce7bf1,6d35cd29] [http-nio-8081-exec-1] com.example.payment.PaymentRetryClient - Settlement rate limited (HTTP 429, Retry-After=16s), retrying immediately [PaymentRetryClient.java:28]
2026-09-23 15:58:35.525 WARN  [payment-service,cac68b101dedd155,747be4ec] [settlement-8] com.example.payment.PaymentRetryClient - Settlement rate limited (HTTP 429, Retry-After=20s), retrying immediately [PaymentRetryClient.java:28]
2026-09-23 15:58:35.560 WARN  [payment-service,6aa43e1cf85ef599,8f17545b] [settlement-3] com.example.payment.PaymentRetryClient - Settlement rate limited (HTTP 429, Retry-After=19s), retrying immediately [PaymentRetryClient.java:28]
2026-09-23 15:58:36.001 WARN  [payment-service,dbe00cb0ef1755b4,d31b0a2b] [http-nio-8081-exec-8] com.example.payment.PaymentRetryClient - Settlement rate limited (HTTP 429, Retry-After=27s), retrying immediately [PaymentRetryClient.java:28]
2026-09-23 15:58:36.300 WARN  [payment-service,79cf386310ba2812,a974f16b] [settlement-2] com.example.payment.PaymentRetryClient - Settlement rate limited (HTTP 429, Retry-After=27s), retrying immediately [PaymentRetryClient.java:28]
2026-09-23 15:58:36.708 WARN  [payment-service,37dd8acb7855e84d,44e9e9a3] [settlement-5] com.example.payment.PaymentRetryClient - Settlement rate limited (HTTP 429, Retry-After=21s), retrying immediately [PaymentRetryClient.java:28]
2026-09-23 15:58:39.114 WARN  [payment-service,59bad8c9ac198f76,91a71c52] [http-nio-8081-exec-2] com.example.payment.PaymentRetryClient - Settlement rate limited (HTTP 429, Retry-After=25s), retrying immediately [PaymentRetryClient.java:28]
2026-09-23 15:58:40.034 DEBUG [payment-service,aa1512789dba5b3f,2c55aa11] [http-nio-8081-exec-9] com.example.payment.SettlementApiClient - POST https://bank.example.com/v2/settle -> 200 in 454ms
2026-09-23 16:00:02.681 INFO  [payment-service,13fd133318ac0a55,d2b8cc1b] [settlement-4] com.example.payment.PaymentRetryClient - Settled reference SET-806689 amount=15915
2026-09-23 16:00:25.275 DEBUG [payment-service,47fe1aacc16ca0a8,e0784963] [settlement-4] com.example.payment.SettlementApiClient - POST https://bank.example.com/v2/settle -> 200 in 426ms
2026-09-23 16:01:02.784 INFO  [payment-service,bbdc0fd9c1bc72b2,09270d92] [http-nio-8081-exec-4] com.example.payment.PaymentRetryClient - Settled reference SET-513272 amount=41103
2026-09-23 16:02:03.968 INFO  [payment-service,0ea6f21deb72e530,04ee24a3] [settlement-1] com.example.payment.PayoutController - POST /api/v1/payouts 201 in 251ms
2026-09-23 16:02:04.926 INFO  [payment-service,483d35c8b9d701ba,52f6fc88] [settlement-9] com.example.payment.PaymentRetryClient - Settled reference SET-135109 amount=48409
2026-09-23 16:02:13.970 INFO  [payment-service,f17fd444f510869f,e13cfbf9] [http-nio-8081-exec-4] com.example.payment.PaymentRetryClient - Settled reference SET-692429 amount=40191
2026-09-23 16:03:11.118 INFO  [payment-service,5c2b4f8b4ca3c20f,77da2daf] [http-nio-8081-exec-4] com.example.payment.ReconciliationJob - Reconciled 950 rows, 2 mismatches
2026-09-23 16:03:35.975 INFO  [payment-service,5289fd46f7ceafdb,2006c517] [settlement-8] com.example.payment.ReconciliationJob - Reconciled 642 rows, 0 mismatches
2026-09-23 16:03:38.717 WARN  [payment-service,32fe7e3d5b3e4821,a0aba395] [settlement-7] com.example.payment.SettlementApiClient - Upstream latency 1693ms exceeds the 1000ms budget
2026-09-23 16:06:03.091 INFO  [payment-service,4a041f2113bbf00e,8ec807ca] [http-nio-8081-exec-7] com.example.payment.PaymentRetryClient - Settled reference SET-636275 amount=48595
2026-09-23 16:06:35.906 INFO  [payment-service,4ada9e519996f767,866ceb5e] [http-nio-8081-exec-2] com.example.payment.PayoutController - POST /api/v1/payouts 201 in 159ms
2026-09-23 16:07:20.990 DEBUG [payment-service,3e034cbb0802cbba,9425df24] [http-nio-8081-exec-8] com.example.payment.SettlementApiClient - POST https://bank.example.com/v2/settle -> 200 in 378ms
2026-09-23 16:08:10.939 INFO  [payment-service,1ad67f648c4ab33f,a9a11582] [settlement-7] com.example.payment.PaymentRetryClient - Settled reference SET-682117 amount=55250
2026-09-23 16:10:05.585 INFO  [payment-service,cb80000d7e8e7c7c,e135838e] [settlement-2] com.example.payment.PayoutController - POST /api/v1/payouts 201 in 216ms
2026-09-23 16:12:20.608 WARN  [payment-service,025f30f1fae2b871,b0156c16] [http-nio-8081-exec-1] com.example.payment.SettlementApiClient - Upstream latency 1536ms exceeds the 1000ms budget
2026-09-23 16:13:47.352 INFO  [payment-service,792a6bb3ca432a27,3468a72b] [settlement-2] com.example.payment.PaymentRetryClient - Settled reference SET-575953 amount=1241
2026-09-23 16:14:25.690 INFO  [payment-service,6306e3daaa34eb96,1e1385f6] [settlement-8] com.example.payment.PaymentRetryClient - Settled reference SET-184240 amount=41131
2026-09-23 16:15:35.626 WARN  [payment-service,5154746b4401b626,030f6946] [settlement-5] com.example.payment.SettlementApiClient - Upstream latency 1477ms exceeds the 1000ms budget
2026-09-23 16:15:43.820 WARN  [payment-service,1832f63d2b92d132,9aa1563f] [settlement-3] com.example.payment.SettlementApiClient - Upstream latency 1974ms exceeds the 1000ms budget
2026-09-23 16:16:58.911 INFO  [payment-service,0f684f676fbd6874,cbe5b9b9] [settlement-8] com.example.payment.PayoutController - POST /api/v1/payouts 201 in 258ms
2026-09-23 16:17:57.909 INFO  [payment-service,49fee54c78babe80,f8070b52] [settlement-2] com.example.payment.ReconciliationJob - Reconciled 863 rows, 0 mismatches
2026-09-23 16:19:11.978 INFO  [payment-service,2ce22e6d12f7e336,da7c4a45] [settlement-6] com.example.payment.ReconciliationJob - Reconciled 464 rows, 2 mismatches
2026-09-23 16:20:03.218 INFO  [payment-service,27cfba93877d2c89,9974f533] [http-nio-8081-exec-9] com.example.payment.PayoutController - POST /api/v1/payouts 201 in 86ms
2026-09-23 16:20:26.332 WARN  [payment-service,0617a1fd80c10a53,8edfbdbe] [settlement-5] com.example.payment.SettlementApiClient - Upstream latency 2190ms exceeds the 1000ms budget
2026-09-23 16:21:15.206 INFO  [payment-service,47d63b5e6a8b1a39,2964875a] [http-nio-8081-exec-8] com.example.payment.ReconciliationJob - Reconciled 255 rows, 1 mismatches
2026-09-23 16:21:33.641 INFO  [payment-service,36534d5be5844605,cf379f5f] [settlement-7] com.example.payment.PayoutController - POST /api/v1/payouts 201 in 151ms
2026-09-23 16:22:20.624 INFO  [payment-service,8d0afef82f7dcc5d,a2db18e6] [settlement-7] com.example.payment.ReconciliationJob - Reconciled 1023 rows, 2 mismatches
2026-09-23 16:22:47.212 INFO  [payment-service,29a5036cb2bea59c,2e58c69c] [http-nio-8081-exec-2] com.example.payment.PaymentRetryClient - Settled reference SET-748633 amount=27917
2026-09-23 16:22:47.646 DEBUG [payment-service,f4a5630fb91b5b59,e5c4e868] [settlement-8] com.example.payment.SettlementApiClient - POST https://bank.example.com/v2/settle -> 200 in 183ms
2026-09-23 16:23:06.477 INFO  [payment-service,7d186f47598e78ab,1d4fbf7f] [settlement-8] com.example.payment.PaymentRetryClient - Settled reference SET-291651 amount=25104
2026-09-23 16:24:51.426 INFO  [payment-service,e165584ac1fb8e5d,1d7086eb] [http-nio-8081-exec-1] com.example.payment.ReconciliationJob - Reconciled 534 rows, 0 mismatches
2026-09-23 16:25:25.040 INFO  [payment-service,6dc8e6783c8e0652,6119b754] [http-nio-8081-exec-7] com.example.payment.ReconciliationJob - Reconciled 1195 rows, 0 mismatches
2026-09-23 16:26:38.408 INFO  [payment-service,cbb769c3035f08ff,8ba44b67] [http-nio-8081-exec-2] com.example.payment.ReconciliationJob - Reconciled 243 rows, 0 mismatches
2026-09-23 16:27:04.957 INFO  [payment-service,34210c8c9c23a0f9,a66b7c9b] [settlement-3] com.example.payment.PayoutController - POST /api/v1/payouts 201 in 305ms
2026-09-23 16:27:35.981 WARN  [payment-service,22d562a2de17ceb6,53677508] [settlement-8] com.example.payment.SettlementApiClient - Upstream latency 2585ms exceeds the 1000ms budget
2026-09-23 16:27:44.746 WARN  [payment-service,630283a79c966572,b380596b] [settlement-7] com.example.payment.SettlementApiClient - Upstream latency 2115ms exceeds the 1000ms budget
2026-09-23 16:28:12.056 INFO  [payment-service,97e06cf7df3ce402,adb61f0a] [settlement-8] com.example.payment.PayoutController - POST /api/v1/payouts 201 in 243ms
2026-09-23 16:28:14.432 WARN  [payment-service,7a3cfe202fdb35e2,305d6cb9] [http-nio-8081-exec-6] com.example.payment.SettlementApiClient - Upstream latency 2075ms exceeds the 1000ms budget
2026-09-23 16:28:40.599 INFO  [payment-service,b44765ed3bc6f134,3891936a] [settlement-1] com.example.payment.PaymentRetryClient - Settled reference SET-655493 amount=20906
2026-09-23 16:29:08.676 DEBUG [payment-service,93fbd59b1c00a1da,ca86be92] [settlement-5] com.example.payment.SettlementApiClient - POST https://bank.example.com/v2/settle -> 200 in 750ms
2026-09-23 16:30:45.149 INFO  [payment-service,10a42ddfa582dea0,72ea0b5f] [http-nio-8081-exec-5] com.example.payment.ReconciliationJob - Reconciled 697 rows, 3 mismatches
2026-09-23 16:32:17.443 WARN  [payment-service,c17fbdd04c13973d,ea8f53ad] [settlement-3] com.example.payment.SettlementApiClient - Upstream latency 1666ms exceeds the 1000ms budget
2026-09-23 16:34:02.452 INFO  [payment-service,e1a36c239381c17e,94b26fb5] [settlement-8] com.example.payment.PayoutController - POST /api/v1/payouts 201 in 274ms
2026-09-23 16:34:17.803 INFO  [payment-service,c50245a998e9961c,bf51053f] [settlement-5] com.example.payment.PayoutController - POST /api/v1/payouts 201 in 266ms
2026-09-23 16:34:28.207 DEBUG [payment-service,ce1eccb7ede2836d,6ccd4bb5] [settlement-1] com.example.payment.SettlementApiClient - POST https://bank.example.com/v2/settle -> 200 in 367ms
2026-09-23 16:34:33.509 DEBUG [payment-service,acaf45be20527af0,895a6b85] [http-nio-8081-exec-7] com.example.payment.SettlementApiClient - POST https://bank.example.com/v2/settle -> 200 in 565ms
2026-09-23 16:35:05.392 WARN  [payment-service,46afcd4f9254140e,2f868979] [http-nio-8081-exec-2] org.springframework.boot.context.config.ConfigDataEnvironment - Property 'spring.datasource.initialization-mode' is deprecated and will be removed in a future release
2026-09-23 16:38:27.879 INFO  [payment-service,69aaacf8e49090de,422000f6] [settlement-5] com.example.payment.PayoutController - POST /api/v1/payouts 201 in 97ms
2026-09-23 16:40:36.156 INFO  [payment-service,a2390f28284681a0,1a2b3af5] [settlement-5] com.example.payment.PaymentRetryClient - Settled reference SET-611962 amount=44113
2026-09-23 16:41:32.466 INFO  [payment-service,ad03335b5c76ab10,58d0d160] [settlement-4] com.example.payment.ReconciliationJob - Reconciled 505 rows, 1 mismatches
2026-09-23 16:41:44.657 INFO  [payment-service,bb9c59d2ec829cb9,4c41191b] [settlement-8] com.example.payment.PaymentRetryClient - Settled reference SET-699297 amount=22576
2026-09-23 16:42:01.246 INFO  [payment-service,f89584b1910f2cdb,594a66a2] [http-nio-8081-exec-2] com.example.payment.PayoutController - POST /api/v1/payouts 201 in 222ms
2026-09-23 16:42:22.734 INFO  [payment-service,aa7fbb3ff7108ae5,713614aa] [http-nio-8081-exec-4] com.example.payment.PayoutController - POST /api/v1/payouts 201 in 208ms
2026-09-23 16:43:26.547 WARN  [payment-service,75659e3044631ed3,4b22a693] [settlement-8] com.example.payment.SettlementApiClient - Upstream latency 2578ms exceeds the 1000ms budget
2026-09-23 16:44:34.542 INFO  [payment-service,893504e20c2284ec,d752d56a] [settlement-7] com.example.payment.PaymentRetryClient - Settled reference SET-985568 amount=51683
2026-09-23 16:45:05.560 INFO  [payment-service,75c1f0949ce3de95,712ae2a4] [settlement-7] com.example.payment.ReconciliationJob - Reconciled 901 rows, 2 mismatches
2026-09-23 16:45:06.658 DEBUG [payment-service,2f89a94d7b1546ed,aa9849d7] [http-nio-8081-exec-3] com.example.payment.SettlementApiClient - POST https://bank.example.com/v2/settle -> 200 in 155ms
2026-09-23 16:45:43.917 INFO  [payment-service,3411d1c4b16dbb0b,213e96a9] [settlement-7] com.example.payment.PayoutController - POST /api/v1/payouts 201 in 252ms
2026-09-23 16:47:32.469 WARN  [payment-service,654d98d3ac1962f6,1b6800cc] [settlement-2] com.example.payment.SettlementApiClient - Upstream latency 2051ms exceeds the 1000ms budget
2026-09-23 16:47:52.152 INFO  [payment-service,5aef2b1cec5f5df6,a948580f] [settlement-9] com.example.payment.PayoutController - POST /api/v1/payouts 201 in 67ms
2026-09-23 16:48:28.561 INFO  [payment-service,ba92c437ccdb8173,ad49febe] [settlement-8] com.example.payment.PaymentRetryClient - Settled reference SET-608264 amount=68151
2026-09-23 16:49:07.144 INFO  [payment-service,5c57bd27d3e26e00,54b6e49f] [settlement-5] com.example.payment.ReconciliationJob - Reconciled 732 rows, 3 mismatches
2026-09-23 16:49:36.929 INFO  [payment-service,025fc10b9bed0edf,97f3d1bc] [settlement-8] com.example.payment.PaymentRetryClient - Settled reference SET-589029 amount=12288
2026-09-23 16:50:50.883 DEBUG [payment-service,e90f34a612343721,21263e29] [settlement-1] com.example.payment.SettlementApiClient - POST https://bank.example.com/v2/settle -> 200 in 108ms
2026-09-23 16:50:55.573 INFO  [payment-service,536b6d7598bd230c,0c6869ae] [http-nio-8081-exec-2] com.example.payment.PaymentRetryClient - Settled reference SET-783762 amount=89864
2026-09-23 16:51:31.739 INFO  [payment-service,b4273e0b8af78f27,679d39b2] [http-nio-8081-exec-7] com.example.payment.PaymentRetryClient - Settled reference SET-306358 amount=53299
2026-09-23 16:52:05.702 DEBUG [payment-service,1bff24c2601b276a,90cec099] [http-nio-8081-exec-8] com.example.payment.SettlementApiClient - POST https://bank.example.com/v2/settle -> 200 in 111ms
2026-09-23 16:52:06.970 DEBUG [payment-service,ae93c7bc5236e02e,50436d45] [settlement-9] com.example.payment.SettlementApiClient - POST https://bank.example.com/v2/settle -> 200 in 361ms
2026-09-23 16:53:40.018 INFO  [payment-service,f8c80884616ea5f2,f7e73e3d] [settlement-1] com.example.payment.PayoutController - POST /api/v1/payouts 201 in 259ms
2026-09-23 16:54:34.492 DEBUG [payment-service,8c1dfbc037ac11b6,16741d70] [http-nio-8081-exec-3] com.example.payment.SettlementApiClient - POST https://bank.example.com/v2/settle -> 200 in 736ms
2026-09-23 16:56:26.215 DEBUG [payment-service,a587f97ef6134a72,740bd8d6] [http-nio-8081-exec-8] com.example.payment.SettlementApiClient - POST https://bank.example.com/v2/settle -> 200 in 576ms
2026-09-23 16:56:39.884 DEBUG [payment-service,a6b2d8b41fdffaed,7122c70f] [http-nio-8081-exec-7] com.example.payment.SettlementApiClient - POST https://bank.example.com/v2/settle -> 200 in 614ms
2026-09-23 16:57:51.276 INFO  [payment-service,d41141d3c069a4e4,a6c87a9b] [http-nio-8081-exec-4] com.example.payment.PayoutController - POST /api/v1/payouts 201 in 288ms
2026-09-23 16:58:27.418 WARN  [payment-service,eff70a1ca451e042,ab9159dd] [settlement-6] com.example.payment.SettlementApiClient - Upstream latency 2268ms exceeds the 1000ms budget
2026-09-23 16:59:44.063 WARN  [payment-service,054e914acca7858d,90e6028e] [settlement-5] com.example.payment.SettlementApiClient - Upstream latency 1458ms exceeds the 1000ms budget
2026-09-23 17:01:51.952 DEBUG [payment-service,1cb1f95cd0b90fb2,673337a0] [http-nio-8081-exec-8] com.example.payment.SettlementApiClient - POST https://bank.example.com/v2/settle -> 200 in 641ms
2026-09-23 17:02:18.897 WARN  [payment-service,8b18d7af1a454ab9,3b13cfdc] [settlement-3] com.example.payment.SettlementApiClient - Upstream latency 2212ms exceeds the 1000ms budget
2026-09-23 17:04:31.539 INFO  [payment-service,e6705000394192df,9396c952] [http-nio-8081-exec-2] com.example.payment.ReconciliationJob - Reconciled 1103 rows, 2 mismatches
2026-09-23 17:04:32.166 WARN  [payment-service,9d34e2bc922230ec,2849402a] [http-nio-8081-exec-4] com.example.payment.SettlementApiClient - Upstream latency 1673ms exceeds the 1000ms budget
2026-09-23 17:04:48.984 DEBUG [payment-service,7c8ae303b4161767,a239714c] [http-nio-8081-exec-1] com.example.payment.SettlementApiClient - POST https://bank.example.com/v2/settle -> 200 in 427ms
2026-09-23 17:07:30.034 INFO  [payment-service,8d6f819bd4ab55b2,5e76d20d] [settlement-5] com.example.payment.PayoutController - POST /api/v1/payouts 201 in 255ms
2026-09-23 17:07:34.137 WARN  [payment-service,99bbbea49129c765,2d8bdb15] [http-nio-8081-exec-6] com.example.payment.SettlementApiClient - Upstream latency 2303ms exceeds the 1000ms budget
2026-09-23 17:08:09.812 INFO  [payment-service,318a9cb3cb736234,fdcec919] [settlement-3] com.example.payment.PaymentRetryClient - Settled reference SET-121998 amount=81154
2026-09-23 17:08:12.774 WARN  [payment-service,4a2e476e37c9bef6,5d279c88] [http-nio-8081-exec-5] com.example.payment.SettlementApiClient - Upstream latency 1596ms exceeds the 1000ms budget
2026-09-23 17:09:42.639 DEBUG [payment-service,3a9f8afc4cb83cce,edb90a73] [settlement-5] com.example.payment.SettlementApiClient - POST https://bank.example.com/v2/settle -> 200 in 617ms
2026-09-23 17:10:02.145 INFO  [payment-service,343609f9cdc5ba1e,beb469f1] [http-nio-8081-exec-7] com.example.payment.PaymentRetryClient - Settled reference SET-986780 amount=32770
2026-09-23 17:10:43.592 DEBUG [payment-service,13f18b037a12261f,aed86ce5] [settlement-1] com.example.payment.SettlementApiClient - POST https://bank.example.com/v2/settle -> 200 in 844ms
2026-09-23 17:12:00.567 INFO  [payment-service,63ce304d96394267,71b346a7] [http-nio-8081-exec-9] com.example.payment.PaymentRetryClient - Settled reference SET-935550 amount=56913
2026-09-23 17:12:01.587 INFO  [payment-service,486a50896bd79cc3,01fe0b9e] [http-nio-8081-exec-5] com.example.payment.ReconciliationJob - Reconciled 251 rows, 3 mismatches
2026-09-23 17:12:06.036 INFO  [payment-service,bd7ebe641f8b1bbf,01b9a0cf] [http-nio-8081-exec-9] com.example.payment.PaymentRetryClient - Settled reference SET-727164 amount=16491
2026-09-23 17:12:16.129 DEBUG [payment-service,f4330bac11856b9f,bbc820cd] [settlement-1] com.example.payment.SettlementApiClient - POST https://bank.example.com/v2/settle -> 200 in 187ms
2026-09-23 17:13:05.086 INFO  [payment-service,3ecdf72ea750015c,b607399f] [http-nio-8081-exec-4] com.example.payment.ReconciliationJob - Reconciled 644 rows, 0 mismatches
2026-09-23 17:13:53.078 INFO  [payment-service,2fa5916e92dcad61,442be21d] [settlement-9] com.example.payment.ReconciliationJob - Reconciled 208 rows, 2 mismatches
2026-09-23 17:18:06.291 INFO  [payment-service,6ebeec4f43fcb65b,548e8afe] [settlement-7] com.example.payment.ReconciliationJob - Reconciled 118 rows, 0 mismatches
2026-09-23 17:18:44.585 DEBUG [payment-service,48d8159ba1c11140,5107841d] [settlement-8] com.example.payment.SettlementApiClient - POST https://bank.example.com/v2/settle -> 200 in 440ms
2026-09-23 17:18:52.749 WARN  [payment-service,f139ec7223027c78,2b5c9186] [settlement-3] com.example.payment.SettlementApiClient - Upstream latency 1205ms exceeds the 1000ms budget
2026-09-23 17:19:56.600 INFO  [payment-service,b44cbb136b30d75e,d374cae1] [settlement-1] com.example.payment.PaymentRetryClient - Settled reference SET-515601 amount=75322
2026-09-23 17:20:10.265 INFO  [payment-service,80acfc906e6ecb7d,1e96381f] [settlement-3] com.example.payment.PayoutController - POST /api/v1/payouts 201 in 101ms
2026-09-23 17:20:26.599 WARN  [payment-service,aa4d51be35c017f5,102e6e88] [http-nio-8081-exec-1] com.example.payment.SettlementApiClient - Upstream latency 1797ms exceeds the 1000ms budget
2026-09-23 17:20:32.567 INFO  [payment-service,927cd56c82606531,b7d7aa32] [settlement-3] com.example.payment.ReconciliationJob - Reconciled 886 rows, 3 mismatches
2026-09-23 17:21:24.214 INFO  [payment-service,07fe1225964e16ab,114d883d] [http-nio-8081-exec-5] com.example.payment.ReconciliationJob - Reconciled 490 rows, 3 mismatches
2026-09-23 17:21:32.312 DEBUG [payment-service,2e1284271452bbc5,260eb5c4] [settlement-8] com.example.payment.SettlementApiClient - POST https://bank.example.com/v2/settle -> 200 in 570ms
2026-09-23 17:21:46.427 WARN  [payment-service,d25e4d858d0fe0e6,26b76125] [http-nio-8081-exec-9] com.example.payment.SettlementApiClient - Upstream latency 2282ms exceeds the 1000ms budget
2026-09-23 17:21:46.752 WARN  [payment-service,96f25649f6fcfafc,e5ecbc20] [http-nio-8081-exec-1] com.example.payment.SettlementApiClient - Upstream latency 1665ms exceeds the 1000ms budget
2026-09-23 17:22:25.644 INFO  [payment-service,3ad07c09d68ab69a,846a1894] [settlement-2] com.example.payment.ReconciliationJob - Reconciled 355 rows, 1 mismatches
2026-09-23 17:22:29.724 DEBUG [payment-service,d1d358c5d65010b4,2b52bdfb] [http-nio-8081-exec-4] com.example.payment.SettlementApiClient - POST https://bank.example.com/v2/settle -> 200 in 669ms
2026-09-23 17:25:50.689 INFO  [payment-service,0316deb2421d50a0,14bc6ae2] [settlement-2] com.example.payment.PaymentRetryClient - Settled reference SET-674126 amount=45464
2026-09-23 17:26:38.840 DEBUG [payment-service,dce359d784d75763,91e416b9] [settlement-2] com.example.payment.SettlementApiClient - POST https://bank.example.com/v2/settle -> 200 in 671ms
2026-09-23 17:27:31.871 INFO  [payment-service,7b82c45184e55af9,bb275ef7] [http-nio-8081-exec-5] com.example.payment.PaymentRetryClient - Settled reference SET-691565 amount=87162
2026-09-23 17:27:35.562 WARN  [payment-service,004bdb14877e7d54,34d180c7] [http-nio-8081-exec-1] com.example.payment.SettlementApiClient - Upstream latency 2295ms exceeds the 1000ms budget
2026-09-23 17:29:18.780 DEBUG [payment-service,7523c0be657d1838,6a62f011] [http-nio-8081-exec-5] com.example.payment.SettlementApiClient - POST https://bank.example.com/v2/settle -> 200 in 789ms
2026-09-23 17:32:25.666 DEBUG [payment-service,73e2e32cb5856834,60bf4f86] [settlement-9] com.example.payment.SettlementApiClient - POST https://bank.example.com/v2/settle -> 200 in 244ms
2026-09-23 17:35:46.478 DEBUG [payment-service,5e14654aa7b407e8,6d8a27ca] [http-nio-8081-exec-8] com.example.payment.SettlementApiClient - POST https://bank.example.com/v2/settle -> 200 in 239ms
2026-09-23 17:37:01.879 INFO  [payment-service,02b1718c8d5fa454,1b96a610] [settlement-8] com.example.payment.PayoutController - POST /api/v1/payouts 201 in 309ms
2026-09-23 17:37:21.217 DEBUG [payment-service,cbc1841f0b311a02,f3f04dc2] [settlement-1] com.example.payment.SettlementApiClient - POST https://bank.example.com/v2/settle -> 200 in 466ms
2026-09-23 17:40:36.308 INFO  [payment-service,1ceb27eefbe8267a,cbcbdb37] [http-nio-8081-exec-4] com.example.payment.ReconciliationJob - Reconciled 1026 rows, 0 mismatches
2026-09-23 17:43:34.816 WARN  [payment-service,27fbf7fe5770c9b1,4baf19f3] [http-nio-8081-exec-5] com.example.payment.SettlementApiClient - Upstream latency 1767ms exceeds the 1000ms budget
2026-09-23 17:44:28.926 INFO  [payment-service,44a1e3a028c1bbdc,8d6ce755] [http-nio-8081-exec-3] com.example.payment.PayoutController - POST /api/v1/payouts 201 in 285ms
2026-09-23 17:45:10.581 DEBUG [payment-service,c0e4ab4cbe716a89,f169e6e7] [http-nio-8081-exec-7] com.example.payment.SettlementApiClient - POST https://bank.example.com/v2/settle -> 200 in 475ms
2026-09-23 17:46:11.495 DEBUG [payment-service,442a236dfad41821,4fea9145] [settlement-1] com.example.payment.SettlementApiClient - POST https://bank.example.com/v2/settle -> 200 in 170ms
2026-09-23 17:47:04.130 DEBUG [payment-service,687c71be91c0353a,8dae4c40] [settlement-8] com.example.payment.SettlementApiClient - POST https://bank.example.com/v2/settle -> 200 in 250ms
2026-09-23 17:49:24.239 DEBUG [payment-service,ce37e802837ee96b,11db9747] [settlement-5] com.example.payment.SettlementApiClient - POST https://bank.example.com/v2/settle -> 200 in 742ms
2026-09-23 17:49:53.083 INFO  [payment-service,585173ab7cf4fca5,0bacb07b] [http-nio-8081-exec-5] com.example.payment.PaymentRetryClient - Settled reference SET-382921 amount=76514
2026-09-23 17:50:13.597 INFO  [payment-service,7c616bb365d15306,c5315b04] [http-nio-8081-exec-8] com.example.payment.PayoutController - POST /api/v1/payouts 201 in 290ms
2026-09-23 17:50:15.973 INFO  [payment-service,adc3fd5600fea8d1,c95dece4] [http-nio-8081-exec-7] com.example.payment.PayoutController - POST /api/v1/payouts 201 in 102ms
2026-09-23 17:50:51.515 WARN  [payment-service,db9a8aaed8ee7650,9eb04793] [http-nio-8081-exec-3] com.example.payment.SettlementApiClient - Upstream latency 1283ms exceeds the 1000ms budget
2026-09-23 17:51:03.089 INFO  [payment-service,3be8ee3dde2be64b,04b1d115] [http-nio-8081-exec-3] com.example.payment.PaymentRetryClient - Settled reference SET-485171 amount=42631
2026-09-23 17:51:28.624 INFO  [payment-service,fdbec15982b56087,96866095] [settlement-7] com.example.payment.PaymentRetryClient - Settled reference SET-399179 amount=28026
2026-09-23 17:52:06.451 INFO  [payment-service,16e477a7dd21e6db,baffa700] [http-nio-8081-exec-3] com.example.payment.ReconciliationJob - Reconciled 439 rows, 3 mismatches
2026-09-23 17:52:23.728 INFO  [payment-service,3a1241e2aa9ec0fa,c4d3dc1a] [http-nio-8081-exec-8] com.example.payment.ReconciliationJob - Reconciled 467 rows, 0 mismatches
2026-09-23 17:53:16.012 INFO  [payment-service,b0e2daba50d54e50,6805ac49] [http-nio-8081-exec-5] com.example.payment.PaymentRetryClient - Settled reference SET-948189 amount=81973
2026-09-23 17:54:38.647 INFO  [payment-service,f5a65eb5034bb4fb,e06d9356] [http-nio-8081-exec-5] com.example.payment.ReconciliationJob - Reconciled 750 rows, 1 mismatches
2026-09-23 17:55:17.418 INFO  [payment-service,8baa68dd4bfe7edb,911e2728] [http-nio-8081-exec-8] com.example.payment.ReconciliationJob - Reconciled 524 rows, 3 mismatches
2026-09-23 17:55:51.031 WARN  [payment-service,b077064249e57ffd,8cd6f061] [http-nio-8081-exec-3] com.example.payment.SettlementApiClient - Upstream latency 2564ms exceeds the 1000ms budget
2026-09-23 17:56:27.205 INFO  [payment-service,b0dd23f0965dd96a,49d6802c] [http-nio-8081-exec-8] com.example.payment.PaymentRetryClient - Settled reference SET-629664 amount=18870
2026-09-23 17:57:07.547 DEBUG [payment-service,2a9dabf4bc01681f,9515a00d] [http-nio-8081-exec-7] com.example.payment.SettlementApiClient - POST https://bank.example.com/v2/settle -> 200 in 716ms
2026-09-23 17:57:43.947 INFO  [payment-service,3a1e92e7ac81037f,9324899f] [http-nio-8081-exec-5] com.example.payment.PayoutController - POST /api/v1/payouts 201 in 183ms
2026-09-23 17:58:23.265 DEBUG [payment-service,ab10e2531e6fb99b,d7c4d2b9] [http-nio-8081-exec-7] com.example.payment.SettlementApiClient - POST https://bank.example.com/v2/settle -> 200 in 472ms
2026-09-23 17:58:26.942 INFO  [payment-service,1bc8e1683d53382b,a61e1015] [http-nio-8081-exec-9] com.example.payment.PayoutController - POST /api/v1/payouts 201 in 300ms
2026-09-23 17:59:32.197 DEBUG [payment-service,f79cc3887ac571be,220b214e] [settlement-3] com.example.payment.SettlementApiClient - POST https://bank.example.com/v2/settle -> 200 in 603ms
2026-09-23 18:02:45.888 DEBUG [payment-service,b015f2cdfd3c76b0,bddf6545] [http-nio-8081-exec-2] com.example.payment.SettlementApiClient - POST https://bank.example.com/v2/settle -> 200 in 739ms
2026-09-23 18:03:23.870 INFO  [payment-service,db4a46313598407f,ed2b693c] [http-nio-8081-exec-9] com.example.payment.ReconciliationJob - Reconciled 185 rows, 1 mismatches
2026-09-23 18:06:08.350 INFO  [payment-service,3e0194e700b6c7a8,1ad321c0] [settlement-8] com.example.payment.PayoutController - POST /api/v1/payouts 201 in 284ms
2026-09-23 18:07:34.170 INFO  [payment-service,f0b8728fccbba02f,10c3105d] [settlement-5] com.example.payment.ReconciliationJob - Reconciled 915 rows, 3 mismatches
2026-09-23 18:07:35.751 DEBUG [payment-service,5c3624c7c7a8f567,cc746d24] [settlement-3] com.example.payment.SettlementApiClient - POST https://bank.example.com/v2/settle -> 200 in 547ms
2026-09-23 18:08:29.055 WARN  [payment-service,f6538164ada3518f,c1c7109d] [settlement-6] com.example.payment.SettlementApiClient - Upstream latency 2276ms exceeds the 1000ms budget
2026-09-23 18:08:45.392 INFO  [payment-service,77e9d3a8ca822a4b,408cfb49] [settlement-3] com.example.payment.PayoutController - POST /api/v1/payouts 201 in 174ms
2026-09-23 18:11:18.318 INFO  [payment-service,2d67ae99e8d58204,5134c41a] [http-nio-8081-exec-8] com.example.payment.PaymentRetryClient - Settled reference SET-828442 amount=63808
2026-09-23 18:12:06.519 INFO  [payment-service,e275224c436207a2,63b44556] [settlement-6] com.example.payment.ReconciliationJob - Reconciled 331 rows, 0 mismatches
2026-09-23 18:13:05.382 INFO  [payment-service,a3694854359fb5da,04bb4c75] [http-nio-8081-exec-1] com.example.payment.PayoutController - POST /api/v1/payouts 201 in 284ms
2026-09-23 18:14:33.960 INFO  [payment-service,e80063be5540e743,ffed7d95] [http-nio-8081-exec-7] com.example.payment.PaymentRetryClient - Settled reference SET-169104 amount=21930
2026-09-23 18:16:11.254 INFO  [payment-service,92c2aa31ae1aa154,eb2406da] [settlement-9] com.example.payment.PaymentRetryClient - Settled reference SET-419830 amount=9369
2026-09-23 18:16:25.808 INFO  [payment-service,f34345342873e576,30b925d5] [http-nio-8081-exec-5] com.example.payment.PayoutController - POST /api/v1/payouts 201 in 252ms
2026-09-23 18:18:19.083 INFO  [payment-service,0b54b12f23793861,65f8f369] [http-nio-8081-exec-8] com.example.payment.PaymentRetryClient - Settled reference SET-457218 amount=23105
2026-09-23 18:20:08.034 INFO  [payment-service,551b97846aa3162b,5c51dbf9] [settlement-9] com.example.payment.PaymentRetryClient - Settled reference SET-210622 amount=32580
2026-09-23 18:20:23.860 WARN  [payment-service,20ddc7ea6fd85fc3,94b790a7] [http-nio-8081-exec-9] com.example.payment.SettlementApiClient - Upstream latency 1460ms exceeds the 1000ms budget
2026-09-23 18:21:02.671 DEBUG [payment-service,3aded466788b3e5e,cac31b2c] [settlement-1] com.example.payment.SettlementApiClient - POST https://bank.example.com/v2/settle -> 200 in 679ms
2026-09-23 18:22:24.421 DEBUG [payment-service,262d06750f627f8d,1b800fd7] [http-nio-8081-exec-8] com.example.payment.SettlementApiClient - POST https://bank.example.com/v2/settle -> 200 in 386ms
2026-09-23 18:22:26.191 INFO  [payment-service,075143d2fe15a76f,e18060a0] [http-nio-8081-exec-8] com.example.payment.ReconciliationJob - Reconciled 501 rows, 3 mismatches
2026-09-23 18:23:02.492 INFO  [payment-service,fb00edf2b7187aca,d6a52b1d] [http-nio-8081-exec-6] com.example.payment.ReconciliationJob - Reconciled 157 rows, 2 mismatches
2026-09-23 18:24:10.826 WARN  [payment-service,5db1e2787de2fa22,744c9a3d] [settlement-4] com.example.payment.SettlementApiClient - Upstream latency 1981ms exceeds the 1000ms budget
2026-09-23 18:24:36.510 WARN  [payment-service,4cdd5a45f54eab90,87babe62] [settlement-1] org.springframework.boot.context.config.ConfigDataEnvironment - Property 'spring.datasource.initialization-mode' is deprecated and will be removed in a future release
2026-09-23 18:25:09.004 INFO  [payment-service,7be6eb6596a42b1b,a075aac0] [http-nio-8081-exec-8] com.example.payment.PaymentRetryClient - Settled reference SET-983481 amount=73384
2026-09-23 18:25:26.294 INFO  [payment-service,dea25ee8c5b2bf9a,bc5ebbb0] [settlement-5] com.example.payment.ReconciliationJob - Reconciled 490 rows, 2 mismatches
2026-09-23 18:25:54.454 INFO  [payment-service,57807cef74587879,ac12520f] [settlement-2] com.example.payment.PayoutController - POST /api/v1/payouts 201 in 266ms
2026-09-23 18:27:00.123 INFO  [payment-service,17a80e49a0383963,e1afa63f] [http-nio-8081-exec-9] com.example.payment.PaymentRetryClient - Settled reference SET-906559 amount=34170
2026-09-23 18:27:36.280 WARN  [payment-service,469d4f7698c5f085,7ae5b064] [settlement-6] com.example.payment.SettlementApiClient - Upstream latency 1511ms exceeds the 1000ms budget
2026-09-23 18:28:12.509 INFO  [payment-service,d7c7e3a3189b8e54,57427689] [http-nio-8081-exec-9] com.example.payment.PaymentRetryClient - Settled reference SET-755801 amount=53187
2026-09-23 18:30:35.772 DEBUG [payment-service,02f387368f85649d,d754f5b6] [settlement-9] com.example.payment.SettlementApiClient - POST https://bank.example.com/v2/settle -> 200 in 395ms
2026-09-23 18:31:38.932 WARN  [payment-service,df674ee7785fd9ee,e1821e13] [http-nio-8081-exec-7] com.example.payment.SettlementApiClient - Upstream latency 1747ms exceeds the 1000ms budget
2026-09-23 18:32:09.599 WARN  [payment-service,cba9bed5bbda654a,cfef0ff4] [http-nio-8081-exec-2] com.example.payment.SettlementApiClient - Upstream latency 1822ms exceeds the 1000ms budget
2026-09-23 18:33:47.079 WARN  [payment-service,736cb7035f0cf010,d0413177] [http-nio-8081-exec-8] com.example.payment.SettlementApiClient - Upstream latency 2201ms exceeds the 1000ms budget
2026-09-23 18:35:18.539 DEBUG [payment-service,341d7c751c9a06e4,9cdc3d83] [settlement-3] com.example.payment.SettlementApiClient - POST https://bank.example.com/v2/settle -> 200 in 783ms
2026-09-23 18:35:22.664 INFO  [payment-service,440001e2a705b778,6ed6d18a] [http-nio-8081-exec-2] com.example.payment.PayoutController - POST /api/v1/payouts 201 in 249ms
2026-09-23 18:35:56.707 INFO  [payment-service,02c5e3321afe2854,e80d29ae] [settlement-5] com.example.payment.ReconciliationJob - Reconciled 1067 rows, 0 mismatches
2026-09-23 18:35:59.266 DEBUG [payment-service,6175134b4add215a,45608d9f] [http-nio-8081-exec-4] com.example.payment.SettlementApiClient - POST https://bank.example.com/v2/settle -> 200 in 385ms
2026-09-23 18:36:09.449 DEBUG [payment-service,8a53bb884d6fd97e,78810990] [http-nio-8081-exec-8] com.example.payment.SettlementApiClient - POST https://bank.example.com/v2/settle -> 200 in 645ms
2026-09-23 18:37:52.251 WARN  [payment-service,d2af42a85db80469,fffe1ad9] [http-nio-8081-exec-4] com.example.payment.SettlementApiClient - Upstream latency 1534ms exceeds the 1000ms budget
2026-09-23 18:38:16.508 INFO  [payment-service,e170be6c4925c906,a2a0c8a1] [settlement-8] com.example.payment.PaymentRetryClient - Settled reference SET-612971 amount=52004
2026-09-23 18:39:46.422 WARN  [payment-service,c9b2ac702e7775e1,60daef21] [http-nio-8081-exec-1] com.example.payment.SettlementApiClient - Upstream latency 1614ms exceeds the 1000ms budget
2026-09-23 18:40:44.752 INFO  [payment-service,e7d99af4cb217845,7c381603] [http-nio-8081-exec-4] com.example.payment.ReconciliationJob - Reconciled 1195 rows, 3 mismatches
2026-09-23 18:41:42.676 INFO  [payment-service,6a765ed1f664f18d,36c55642] [http-nio-8081-exec-7] com.example.payment.PaymentRetryClient - Settled reference SET-774074 amount=40756
2026-09-23 18:41:45.823 INFO  [payment-service,da45f441b311cce6,fc6c170e] [http-nio-8081-exec-1] com.example.payment.ReconciliationJob - Reconciled 288 rows, 1 mismatches
2026-09-23 18:42:26.513 DEBUG [payment-service,6d70504bc4588e23,df44c014] [http-nio-8081-exec-7] com.example.payment.SettlementApiClient - POST https://bank.example.com/v2/settle -> 200 in 391ms
2026-09-23 18:42:48.404 DEBUG [payment-service,d804e839aedfe365,6669d253] [settlement-6] com.example.payment.SettlementApiClient - POST https://bank.example.com/v2/settle -> 200 in 707ms
2026-09-23 18:43:02.823 INFO  [payment-service,57bf1fc662d3458d,83cdae98] [settlement-2] com.example.payment.PayoutController - POST /api/v1/payouts 201 in 50ms
2026-09-23 18:43:03.600 DEBUG [payment-service,728322a20590364d,1f14cc8a] [settlement-7] com.example.payment.SettlementApiClient - POST https://bank.example.com/v2/settle -> 200 in 659ms
2026-09-23 18:43:04.437 INFO  [payment-service,a5566868ff961dd6,69040a0f] [settlement-8] com.example.payment.PaymentRetryClient - Settled reference SET-157160 amount=2003
2026-09-23 18:43:52.245 INFO  [payment-service,7e14545641592f77,c8e7187e] [settlement-9] com.example.payment.ReconciliationJob - Reconciled 976 rows, 1 mismatches
2026-09-23 18:44:05.168 INFO  [payment-service,e80c13580d20b78d,e0dba9ec] [settlement-7] com.example.payment.PaymentRetryClient - Settled reference SET-416137 amount=39789
2026-09-23 18:47:17.216 WARN  [payment-service,5905566d1c2d4c48,2117b627] [http-nio-8081-exec-5] com.example.payment.SettlementApiClient - Upstream latency 1445ms exceeds the 1000ms budget
2026-09-23 18:50:53.227 INFO  [payment-service,dfb8215b1d70cac6,7f39451f] [settlement-8] com.example.payment.PayoutController - POST /api/v1/payouts 201 in 65ms
2026-09-23 18:51:52.141 INFO  [payment-service,c54e3ea73d5dab83,dd1afe45] [http-nio-8081-exec-5] com.example.payment.PayoutController - POST /api/v1/payouts 201 in 307ms
2026-09-23 18:52:17.352 INFO  [payment-service,a3a8c3db626474cd,87ef74f5] [settlement-4] com.example.payment.PaymentRetryClient - Settled reference SET-117716 amount=16465
2026-09-23 18:52:21.502 INFO  [payment-service,84fbd87328b1d13b,8db8e6a6] [http-nio-8081-exec-6] com.example.payment.PayoutController - POST /api/v1/payouts 201 in 201ms
2026-09-23 18:52:59.176 WARN  [payment-service,b3b811f73ca607c5,107e6c63] [http-nio-8081-exec-5] com.example.payment.SettlementApiClient - Upstream latency 1858ms exceeds the 1000ms budget
2026-09-23 18:54:56.728 INFO  [payment-service,e35aea0fd46009d0,661aaa03] [http-nio-8081-exec-6] com.example.payment.PayoutController - POST /api/v1/payouts 201 in 204ms
2026-09-23 18:55:54.449 WARN  [payment-service,e8fc76a21d93bb81,5345fd0c] [settlement-2] com.example.payment.SettlementApiClient - Upstream latency 2459ms exceeds the 1000ms budget
2026-09-23 18:57:11.973 INFO  [payment-service,9da03065d6105983,d7f1d010] [settlement-4] com.example.payment.PaymentRetryClient - Settled reference SET-384393 amount=78668
2026-09-23 18:58:10.809 INFO  [payment-service,4efc6f3e067efdfc,66eeb838] [settlement-3] com.example.payment.ReconciliationJob - Reconciled 408 rows, 2 mismatches
2026-09-23 18:58:43.743 INFO  [payment-service,15d4f7424a83c5af,0e6eef68] [settlement-5] com.example.payment.ReconciliationJob - Reconciled 998 rows, 1 mismatches
2026-09-23 18:59:34.878 DEBUG [payment-service,0bcb86e0abf95375,daf0a5c6] [settlement-8] com.example.payment.SettlementApiClient - POST https://bank.example.com/v2/settle -> 200 in 109ms
2026-09-23 19:00:27.177 WARN  [payment-service,2f4685249345b0f6,cce5197a] [settlement-5] com.example.payment.SettlementApiClient - Upstream latency 1420ms exceeds the 1000ms budget
2026-09-23 19:02:01.193 DEBUG [payment-service,e8865237758466b9,017a9ef8] [settlement-3] com.example.payment.SettlementApiClient - POST https://bank.example.com/v2/settle -> 200 in 335ms
2026-09-23 19:02:02.735 INFO  [payment-service,2aa0f84d2be2b687,71f96232] [http-nio-8081-exec-9] com.example.payment.ReconciliationJob - Reconciled 958 rows, 2 mismatches
2026-09-23 19:02:23.933 WARN  [payment-service,40e5bf9a7a8504b9,bac3ba10] [settlement-6] com.example.payment.SettlementApiClient - Upstream latency 1755ms exceeds the 1000ms budget
2026-09-23 19:03:47.849 INFO  [payment-service,d6144af307dcda56,4a488f02] [settlement-3] com.example.payment.ReconciliationJob - Reconciled 338 rows, 2 mismatches
2026-09-23 19:04:21.924 INFO  [payment-service,8204535e567b833a,488a21bd] [settlement-7] com.example.payment.ReconciliationJob - Reconciled 1062 rows, 0 mismatches
2026-09-23 19:04:41.986 INFO  [payment-service,77d08262e201f37e,d5474792] [http-nio-8081-exec-9] com.example.payment.PaymentRetryClient - Settled reference SET-891209 amount=33998
2026-09-23 19:07:42.446 INFO  [payment-service,ff4732a17b27f8d1,05e884a2] [settlement-6] com.example.payment.ReconciliationJob - Reconciled 843 rows, 0 mismatches
2026-09-23 19:08:11.380 DEBUG [payment-service,85478cf4e92051ee,a6413f0a] [http-nio-8081-exec-4] com.example.payment.SettlementApiClient - POST https://bank.example.com/v2/settle -> 200 in 523ms
2026-09-23 19:08:30.663 INFO  [payment-service,6afe6b2121c31907,a2ea9656] [settlement-6] com.example.payment.PaymentRetryClient - Settled reference SET-143301 amount=55991
2026-09-23 19:08:50.542 INFO  [payment-service,7354f9486103d27d,34a0c9ae] [settlement-8] com.example.payment.ReconciliationJob - Reconciled 299 rows, 2 mismatches
2026-09-23 19:08:52.333 DEBUG [payment-service,55ea9e8ce9218273,82afad30] [settlement-2] com.example.payment.SettlementApiClient - POST https://bank.example.com/v2/settle -> 200 in 397ms
2026-09-23 19:09:33.000 INFO  [payment-service,08a64fc858cc4869,cfc83039] [settlement-1] com.example.payment.ReconciliationJob - Reconciled 1049 rows, 2 mismatches
2026-09-23 19:10:52.735 INFO  [payment-service,ac0ab19531961a9b,7d217c4d] [http-nio-8081-exec-1] com.example.payment.PayoutController - POST /api/v1/payouts 201 in 175ms
2026-09-23 19:14:34.863 INFO  [payment-service,bac2420cbee1dca6,8f639347] [http-nio-8081-exec-2] com.example.payment.PayoutController - POST /api/v1/payouts 201 in 177ms
2026-09-23 19:14:37.920 INFO  [payment-service,26a7c0f386718307,2b32612a] [http-nio-8081-exec-1] com.example.payment.PayoutController - POST /api/v1/payouts 201 in 77ms
2026-09-23 19:15:15.147 INFO  [payment-service,281229322abbdf97,ba20dd27] [http-nio-8081-exec-4] com.example.payment.ReconciliationJob - Reconciled 924 rows, 3 mismatches
2026-09-23 19:16:33.050 WARN  [payment-service,41fb47e2eec99d2e,00f98662] [settlement-3] com.example.payment.SettlementApiClient - Upstream latency 2173ms exceeds the 1000ms budget
2026-09-23 19:16:40.363 WARN  [payment-service,55655317579e2d60,bf642a8f] [settlement-3] com.example.payment.SettlementApiClient - Upstream latency 2065ms exceeds the 1000ms budget
2026-09-23 19:17:31.321 INFO  [payment-service,fa80e7eb4eea15cc,0cbefab3] [settlement-7] com.example.payment.PayoutController - POST /api/v1/payouts 201 in 41ms
2026-09-23 19:18:20.828 INFO  [payment-service,201a32c4bec87915,8b9199e1] [http-nio-8081-exec-8] com.example.payment.PaymentRetryClient - Settled reference SET-308904 amount=64829
2026-09-23 19:19:15.203 INFO  [payment-service,7a61a609074cdee1,45dee935] [settlement-1] com.example.payment.ReconciliationJob - Reconciled 228 rows, 3 mismatches
2026-09-23 19:19:35.506 INFO  [payment-service,174b4e1177d05d3e,e8156e48] [settlement-3] com.example.payment.PayoutController - POST /api/v1/payouts 201 in 42ms
2026-09-23 19:19:39.540 INFO  [payment-service,fef76c33c3778c3d,ae5be73e] [http-nio-8081-exec-5] com.example.payment.PayoutController - POST /api/v1/payouts 201 in 254ms
2026-09-23 19:19:42.271 DEBUG [payment-service,9ff23c3e15395f9a,8f846279] [settlement-1] com.example.payment.SettlementApiClient - POST https://bank.example.com/v2/settle -> 200 in 684ms
2026-09-23 19:21:03.106 DEBUG [payment-service,7a389b62e8164fe6,de8a9b2e] [settlement-4] com.example.payment.SettlementApiClient - POST https://bank.example.com/v2/settle -> 200 in 80ms
2026-09-23 19:21:14.252 INFO  [payment-service,f6a1fc36b1702626,6be13d3f] [settlement-9] com.example.payment.PaymentRetryClient - Settled reference SET-563172 amount=52075
2026-09-23 19:21:58.222 INFO  [payment-service,4e2fa9df6b12335a,adc33551] [http-nio-8081-exec-9] com.example.payment.PaymentRetryClient - Settled reference SET-522284 amount=12428
2026-09-23 19:22:04.823 INFO  [payment-service,bd1f6093a9a2d2da,89e0df7a] [http-nio-8081-exec-4] com.example.payment.PayoutController - POST /api/v1/payouts 201 in 245ms
2026-09-23 19:22:17.879 DEBUG [payment-service,4b99cbfe1010a279,9b91aa5c] [settlement-7] com.example.payment.SettlementApiClient - POST https://bank.example.com/v2/settle -> 200 in 700ms
2026-09-23 19:25:13.990 INFO  [payment-service,015aec11eb8b00ff,8bcc5d1f] [settlement-5] com.example.payment.ReconciliationJob - Reconciled 1082 rows, 1 mismatches
2026-09-23 19:25:39.323 INFO  [payment-service,c69bff477f6197e1,54ac1ca9] [settlement-2] com.example.payment.PaymentRetryClient - Settled reference SET-471131 amount=85191
2026-09-23 19:26:10.586 INFO  [payment-service,5be1167886c29b32,f3b9de82] [settlement-5] com.example.payment.PayoutController - POST /api/v1/payouts 201 in 74ms
2026-09-23 19:26:46.490 DEBUG [payment-service,9d791584ec9ecaa1,c8d6be5a] [http-nio-8081-exec-2] com.example.payment.SettlementApiClient - POST https://bank.example.com/v2/settle -> 200 in 574ms
2026-09-23 19:27:06.316 DEBUG [payment-service,b0c40310649d192e,bac9b1c3] [settlement-2] com.example.payment.SettlementApiClient - POST https://bank.example.com/v2/settle -> 200 in 885ms
2026-09-23 19:27:47.352 INFO  [payment-service,993ea1b30846cadc,08577dbf] [http-nio-8081-exec-3] com.example.payment.ReconciliationJob - Reconciled 554 rows, 3 mismatches
2026-09-23 19:28:04.687 WARN  [payment-service,8b1053f7cff4ea57,acc82754] [http-nio-8081-exec-6] com.example.payment.SettlementApiClient - Upstream latency 2163ms exceeds the 1000ms budget
2026-09-23 19:31:16.665 WARN  [payment-service,07a761a374ccc603,cb613b64] [http-nio-8081-exec-7] com.example.payment.SettlementApiClient - Upstream latency 2537ms exceeds the 1000ms budget
2026-09-23 19:31:38.460 DEBUG [payment-service,ed4074fb03222d63,ec5bf721] [settlement-9] com.example.payment.SettlementApiClient - POST https://bank.example.com/v2/settle -> 200 in 184ms
2026-09-23 19:31:59.668 WARN  [payment-service,1a3b2ee1ed4bdb3e,36ba98aa] [http-nio-8081-exec-7] com.example.payment.SettlementApiClient - Upstream latency 1201ms exceeds the 1000ms budget
2026-09-23 19:33:51.042 DEBUG [payment-service,a1eb83f6b2eb2b0f,a9f9d2f4] [settlement-3] com.example.payment.SettlementApiClient - POST https://bank.example.com/v2/settle -> 200 in 569ms
2026-09-23 19:34:31.579 INFO  [payment-service,c6a1922d6b0a3244,5e8d47f8] [http-nio-8081-exec-1] com.example.payment.PayoutController - POST /api/v1/payouts 201 in 243ms
2026-09-23 19:34:34.195 INFO  [payment-service,ccd4e8b5c595eaf3,433fbf24] [settlement-1] com.example.payment.PayoutController - POST /api/v1/payouts 201 in 73ms
2026-09-23 19:34:50.558 INFO  [payment-service,4e80887c61f5f46b,14f9d1b0] [http-nio-8081-exec-2] com.example.payment.PayoutController - POST /api/v1/payouts 201 in 300ms
2026-09-23 19:35:07.159 INFO  [payment-service,ec63ee692ef45d15,9617cbf1] [http-nio-8081-exec-4] com.example.payment.PayoutController - POST /api/v1/payouts 201 in 207ms
2026-09-23 19:35:09.078 DEBUG [payment-service,efad5515633307f2,7ec1a299] [settlement-5] com.example.payment.SettlementApiClient - POST https://bank.example.com/v2/settle -> 200 in 820ms
2026-09-23 19:36:03.454 WARN  [payment-service,240e4e8aeacd4922,4c263fb3] [settlement-9] com.example.payment.SettlementApiClient - Upstream latency 2302ms exceeds the 1000ms budget
2026-09-23 19:36:10.590 INFO  [payment-service,bd2732d6bf950f44,95765ce5] [http-nio-8081-exec-3] com.example.payment.PaymentRetryClient - Settled reference SET-622138 amount=63661
2026-09-23 19:36:15.576 WARN  [payment-service,27ecc2957ebfaef5,8c552f12] [http-nio-8081-exec-3] com.example.payment.SettlementApiClient - Upstream latency 1961ms exceeds the 1000ms budget
2026-09-23 19:37:16.991 INFO  [payment-service,c58d37ceee6896fe,f3912fa5] [settlement-9] com.example.payment.PayoutController - POST /api/v1/payouts 201 in 148ms
2026-09-23 19:37:22.535 INFO  [payment-service,307f300ceaedfda8,a1633842] [http-nio-8081-exec-9] com.example.payment.PaymentRetryClient - Settled reference SET-121311 amount=79279
2026-09-23 19:38:01.175 INFO  [payment-service,56ff06fc8bb58392,00688e22] [http-nio-8081-exec-6] com.example.payment.PayoutController - POST /api/v1/payouts 201 in 314ms
2026-09-23 19:38:36.970 INFO  [payment-service,d9fb9f4b77155064,21042ff2] [http-nio-8081-exec-2] com.example.payment.ReconciliationJob - Reconciled 170 rows, 2 mismatches
2026-09-23 19:39:02.716 INFO  [payment-service,e1771e6d3c30d257,bee94bb8] [settlement-1] com.example.payment.PayoutController - POST /api/v1/payouts 201 in 60ms
2026-09-23 19:39:35.833 INFO  [payment-service,434b9a810a417056,e627097d] [http-nio-8081-exec-7] com.example.payment.PaymentRetryClient - Settled reference SET-117762 amount=54040
2026-09-23 19:40:12.643 INFO  [payment-service,0a8e97fc1dddf7cb,1fe76bc4] [http-nio-8081-exec-4] com.example.payment.PaymentRetryClient - Settled reference SET-770449 amount=35449
2026-09-23 19:40:40.124 INFO  [payment-service,9d20671659ff4ef0,e9effe5e] [settlement-5] com.example.payment.PaymentRetryClient - Settled reference SET-722293 amount=62904
2026-09-23 19:41:33.155 INFO  [payment-service,9f99a7b9dcb64c06,fb05540d] [settlement-7] com.example.payment.PayoutController - POST /api/v1/payouts 201 in 263ms
2026-09-23 19:43:20.883 DEBUG [payment-service,a25da5dc9fb76fb2,bf8d50c1] [settlement-7] com.example.payment.SettlementApiClient - POST https://bank.example.com/v2/settle -> 200 in 527ms
2026-09-23 19:45:24.394 WARN  [payment-service,331b0745ba962339,a2ee4b3f] [http-nio-8081-exec-1] com.example.payment.SettlementApiClient - Upstream latency 2064ms exceeds the 1000ms budget
2026-09-23 19:48:00.451 INFO  [payment-service,e74acd651df77c73,cf697cb0] [http-nio-8081-exec-3] com.example.payment.PaymentRetryClient - Settled reference SET-823170 amount=45744
2026-09-23 19:48:01.303 DEBUG [payment-service,54ee8e2b7a233da3,18cabbb7] [settlement-5] com.example.payment.SettlementApiClient - POST https://bank.example.com/v2/settle -> 200 in 812ms
2026-09-23 19:49:34.387 INFO  [payment-service,0422c594734d257a,378dd1fa] [settlement-9] com.example.payment.PaymentRetryClient - Settled reference SET-558111 amount=8159
2026-09-23 19:49:35.386 INFO  [payment-service,14a294bc63f1f2dc,90ce8405] [settlement-9] com.example.payment.PayoutController - POST /api/v1/payouts 201 in 274ms
2026-09-23 19:49:46.041 INFO  [payment-service,4c3472bc57789151,34002d7f] [http-nio-8081-exec-5] com.example.payment.ReconciliationJob - Reconciled 1050 rows, 1 mismatches
2026-09-23 19:50:34.628 DEBUG [payment-service,e8afc26a9dc9de5e,ab44c350] [http-nio-8081-exec-8] com.example.payment.SettlementApiClient - POST https://bank.example.com/v2/settle -> 200 in 595ms
2026-09-23 19:51:45.961 INFO  [payment-service,85563e5d53e4d884,c855297b] [http-nio-8081-exec-4] com.example.payment.PaymentRetryClient - Settled reference SET-839962 amount=11241
2026-09-23 19:52:35.937 INFO  [payment-service,0ec9c2a509f7d93d,f6456a23] [settlement-5] com.example.payment.PayoutController - POST /api/v1/payouts 201 in 172ms
2026-09-23 19:54:10.204 INFO  [payment-service,a5d89a82bd0734e7,c5812245] [settlement-2] com.example.payment.PaymentRetryClient - Settled reference SET-592345 amount=81770
2026-09-23 19:57:17.140 INFO  [payment-service,55a35080d67abe54,82daa12a] [settlement-6] com.example.payment.ReconciliationJob - Reconciled 225 rows, 1 mismatches
2026-09-23 19:57:47.390 INFO  [payment-service,4ed10e4247c65ce4,bf78f05a] [http-nio-8081-exec-5] com.example.payment.PayoutController - POST /api/v1/payouts 201 in 125ms
2026-09-23 19:58:19.645 INFO  [payment-service,eeb6d0f64d7f9d86,e7256e7b] [settlement-6] com.example.payment.PaymentRetryClient - Settled reference SET-383141 amount=62002
2026-09-23 19:58:21.584 WARN  [payment-service,810e9b78436a8a71,1cd49f38] [http-nio-8081-exec-4] com.example.payment.SettlementApiClient - Upstream latency 2321ms exceeds the 1000ms budget
2026-09-23 19:59:42.903 INFO  [payment-service,406ce72e6d63f4bd,2c5541ac] [settlement-3] com.example.payment.ReconciliationJob - Reconciled 895 rows, 1 mismatches
2026-09-23 20:06:26.725 INFO  [payment-service,47f798991832cfa5,b035da9c] [settlement-4] com.example.payment.PayoutController - POST /api/v1/payouts 201 in 98ms
2026-09-23 20:09:08.426 INFO  [payment-service,310832e1d047b969,4a107552] [http-nio-8081-exec-8] com.example.payment.PaymentRetryClient - Settled reference SET-223203 amount=75543
2026-09-23 20:18:05.665 DEBUG [payment-service,1a226f76c283a18f,05dcf5ed] [settlement-7] com.example.payment.SettlementApiClient - POST https://bank.example.com/v2/settle -> 200 in 153ms
2026-09-23 20:34:25.548 INFO  [payment-service,7f2092557351ed08,2845f2c0] [http-nio-8081-exec-9] com.example.payment.PaymentRetryClient - Settled reference SET-206653 amount=35333
2026-09-23 20:55:16.611 WARN  [payment-service,9767d49ff4704817,91d8a6d2] [settlement-1] com.example.payment.SettlementApiClient - Upstream latency 1374ms exceeds the 1000ms budget
2026-09-23 21:05:44.538 WARN  [payment-service,9a5b2698b08fd209,00d2f15d] [http-nio-8081-exec-4] com.example.payment.SettlementApiClient - Upstream latency 1987ms exceeds the 1000ms budget
2026-09-23 21:17:24.664 INFO  [payment-service,527bd5341b3f7552,426d72e1] [settlement-5] com.example.payment.ReconciliationJob - Reconciled 230 rows, 2 mismatches
2026-09-23 21:18:30.061 INFO  [payment-service,30833892cfaa93f7,e897a3a6] [http-nio-8081-exec-8] com.example.payment.PayoutController - POST /api/v1/payouts 201 in 159ms
2026-09-23 21:31:33.281 INFO  [payment-service,663380134f13a00a,03cf7f5e] [settlement-8] com.example.payment.PayoutController - POST /api/v1/payouts 201 in 63ms
2026-09-23 21:31:36.359 INFO  [payment-service,04f318a2d15a8b1f,3b6c61eb] [http-nio-8081-exec-6] com.example.payment.PayoutController - POST /api/v1/payouts 201 in 51ms
2026-09-23 21:40:01.237 INFO  [payment-service,4acd2578e73cacbb,c133a493] [settlement-8] com.example.payment.PayoutController - POST /api/v1/payouts 201 in 67ms
2026-09-23 21:45:24.785 INFO  [payment-service,6302e22b4c253eeb,ee5d036d] [settlement-5] com.example.payment.ReconciliationJob - Reconciled 513 rows, 1 mismatches
2026-09-23 21:49:08.492 INFO  [payment-service,d604a979c436fe80,2c6eabab] [settlement-3] com.example.payment.PaymentRetryClient - Settled reference SET-846457 amount=35364
2026-09-23 22:07:33.955 WARN  [payment-service,abc4124eca3c8a3f,2e0cf8ec] [settlement-9] com.example.payment.SettlementApiClient - Upstream latency 1255ms exceeds the 1000ms budget
2026-09-23 22:16:57.575 WARN  [payment-service,4ce89e464ac56ec0,0a5a16e0] [http-nio-8081-exec-4] com.example.payment.SettlementApiClient - Upstream latency 2403ms exceeds the 1000ms budget
2026-09-23 22:17:15.485 INFO  [payment-service,7a703f01098757b1,be2b8ef3] [http-nio-8081-exec-8] com.example.payment.ReconciliationJob - Reconciled 489 rows, 0 mismatches
2026-09-23 22:31:53.759 INFO  [payment-service,00950e7506ea19f1,fb799be1] [http-nio-8081-exec-6] com.example.payment.ReconciliationJob - Reconciled 1002 rows, 0 mismatches
2026-09-23 22:37:58.592 INFO  [payment-service,ec47414b8519096f,414ea9ef] [settlement-1] com.example.payment.PayoutController - POST /api/v1/payouts 201 in 312ms
2026-09-23 22:40:45.475 DEBUG [payment-service,14ac543d21714b6f,ab618fe7] [http-nio-8081-exec-2] com.example.payment.SettlementApiClient - POST https://bank.example.com/v2/settle -> 200 in 363ms
2026-09-23 22:53:21.912 INFO  [payment-service,c1b5682dd5f73281,a2af4fb0] [http-nio-8081-exec-7] com.example.payment.PaymentRetryClient - Settled reference SET-842721 amount=53569
2026-09-23 22:56:03.762 DEBUG [payment-service,6cdb2e24dbed26f1,43e2a38a] [settlement-5] com.example.payment.SettlementApiClient - POST https://bank.example.com/v2/settle -> 200 in 669ms
2026-09-23 23:03:49.753 DEBUG [payment-service,2afe37791bb11601,561a0bc8] [http-nio-8081-exec-7] com.example.payment.SettlementApiClient - POST https://bank.example.com/v2/settle -> 200 in 656ms
2026-09-23 23:12:41.893 INFO  [payment-service,4416e7bebabaedc2,db98923f] [http-nio-8081-exec-3] com.example.payment.PayoutController - POST /api/v1/payouts 201 in 94ms
2026-09-23 23:16:15.491 DEBUG [payment-service,2c4f69239092d417,22a45494] [settlement-4] com.example.payment.SettlementApiClient - POST https://bank.example.com/v2/settle -> 200 in 314ms
2026-09-23 23:18:14.834 INFO  [payment-service,9696261481dc529e,2f88aad4] [http-nio-8081-exec-5] com.example.payment.ReconciliationJob - Reconciled 899 rows, 1 mismatches
2026-09-23 23:20:58.399 WARN  [payment-service,dcadee9d7ac69708,5f4f219f] [http-nio-8081-exec-8] com.example.payment.SettlementApiClient - Upstream latency 2132ms exceeds the 1000ms budget
2026-09-23 23:22:40.987 WARN  [payment-service,3957231d11485964,9af90338] [settlement-8] com.example.payment.SettlementApiClient - Upstream latency 2033ms exceeds the 1000ms budget
2026-09-23 23:23:36.115 WARN  [payment-service,f9b8fc7501f22282,cabe456f] [settlement-1] com.example.payment.SettlementApiClient - Upstream latency 1655ms exceeds the 1000ms budget
2026-09-23 23:24:01.400 WARN  [payment-service,ab800724a36c29fa,18a41897] [settlement-7] com.example.payment.SettlementApiClient - Upstream latency 1681ms exceeds the 1000ms budget
2026-09-23 23:34:44.917 DEBUG [payment-service,4d1bbaee93e76b19,fbb433ad] [http-nio-8081-exec-9] com.example.payment.SettlementApiClient - POST https://bank.example.com/v2/settle -> 200 in 209ms
2026-09-23 23:40:03.807 DEBUG [payment-service,c5d2928d776b8c91,40bf50cb] [http-nio-8081-exec-4] com.example.payment.SettlementApiClient - POST https://bank.example.com/v2/settle -> 200 in 407ms
2026-09-23 23:45:23.923 INFO  [payment-service,2308d1771821ad82,82f9800a] [http-nio-8081-exec-9] com.example.payment.ReconciliationJob - Reconciled 448 rows, 3 mismatches
2026-09-23 23:46:28.990 WARN  [payment-service,1d02e98bada1427d,5208e733] [settlement-5] org.springframework.boot.context.config.ConfigDataEnvironment - Property 'spring.datasource.initialization-mode' is deprecated and will be removed in a future release
2026-09-23 23:46:55.566 DEBUG [payment-service,97a555f8b0dde856,6a10265e] [http-nio-8081-exec-8] com.example.payment.SettlementApiClient - POST https://bank.example.com/v2/settle -> 200 in 551ms
2026-09-23 23:47:06.121 INFO  [payment-service,edd9ed0b1867d094,0318c5ed] [settlement-6] com.example.payment.ReconciliationJob - Reconciled 308 rows, 0 mismatches
2026-09-23 23:48:12.691 INFO  [payment-service,2d4f2a446f667ea8,c769fc3b] [http-nio-8081-exec-2] com.example.payment.PayoutController - POST /api/v1/payouts 201 in 310ms
2026-09-23 23:52:20.622 WARN  [payment-service,e59b2829ff569217,c441447f] [http-nio-8081-exec-2] com.example.payment.SettlementApiClient - Upstream latency 2503ms exceeds the 1000ms budget
2026-09-23 23:58:49.255 WARN  [payment-service,960942d58d95d05a,b1539be8] [settlement-3] com.example.payment.SettlementApiClient - Upstream latency 1469ms exceeds the 1000ms budget
