2026-09-24 00:05:20.647 WARN  [farmer-service,5837f5d43a60c2a2,9ffbcb70] [farmer-sync-2] com.example.farmer.FarmerProfileService - Concurrent update on farmer 9161, retry 2 of 3
com.example.farmer.FarmerProfileService$OptimisticLockException: Row was updated by another transaction (farmer id=8582)
	at com.example.farmer.FarmerProfileService.rename(FarmerProfileService.java:27)
	at com.example.farmer.FarmerController.rename(FarmerController.java:96)
2026-09-24 00:11:38.172 ERROR [farmer-service,f746e77656a92424,0e6a664a] [http-nio-8080-exec-8] com.example.farmer.FarmerSyncService - Sync failed for batch 8053: could not acquire a database connection
java.sql.SQLTransientConnectionException: HikariPool-1 - Connection is not available, request timed out after 30001ms (total=10, active=10, idle=0, waiting=7)
	at com.zaxxer.hikari.pool.HikariPool.createTimeoutException(HikariPool.java:696)
	at com.zaxxer.hikari.pool.HikariPool.getConnection(HikariPool.java:181)
	at com.example.farmer.FarmerSyncService.pushPending(FarmerSyncService.java:36)
	at com.example.farmer.FarmerSyncScheduler.run(FarmerSyncScheduler.java:58)
2026-09-24 00:20:29.329 ERROR [farmer-service,28e423df115cd5e8,7f0b0fdc] [farmer-sync-4] com.example.farmer.FarmerSyncService - Sync failed for batch 8897: could not acquire a database connection
java.sql.SQLTransientConnectionException: HikariPool-1 - Connection is not available, request timed out after 30001ms (total=10, active=10, idle=0, waiting=7)
	at com.zaxxer.hikari.pool.HikariPool.createTimeoutException(HikariPool.java:696)
	at com.zaxxer.hikari.pool.HikariPool.getConnection(HikariPool.java:181)
	at com.example.farmer.FarmerSyncService.pushPending(FarmerSyncService.java:36)
	at com.example.farmer.FarmerSyncScheduler.run(FarmerSyncScheduler.java:58)
2026-09-24 00:24:01.893 WARN  [farmer-service,0a1c277a2630d350,8f1ed749] [farmer-sync-5] com.example.farmer.FarmerController - Request from 192.0.2.80 missing X-Request-Id header, generated one
2026-09-24 00:25:04.428 WARN  [farmer-service,454549e96b22e344,abe4da7b] [http-nio-8080-exec-9] com.example.farmer.FarmerController - Request from 192.0.2.245 missing X-Request-Id header, generated one
2026-09-24 00:28:00.382 DEBUG [farmer-service,51e4d69b5af90ffe,82af490f] [http-nio-8080-exec-9] com.example.farmer.FarmerRepository - select f.* from farmer f where f.region_id = 22
2026-09-24 00:29:53.590 ERROR [farmer-service,092c6a932f108fbd,03526079] [http-nio-8080-exec-9] com.example.farmer.FarmerSyncService - Sync failed for batch 8406: could not acquire a database connection
java.sql.SQLTransientConnectionException: HikariPool-1 - Connection is not available, request timed out after 30001ms (total=10, active=10, idle=0, waiting=7)
	at com.zaxxer.hikari.pool.HikariPool.createTimeoutException(HikariPool.java:696)
	at com.zaxxer.hikari.pool.HikariPool.getConnection(HikariPool.java:181)
	at com.example.farmer.FarmerSyncService.pushPending(FarmerSyncService.java:36)
	at com.example.farmer.FarmerSyncScheduler.run(FarmerSyncScheduler.java:58)
2026-09-24 00:32:21.952 INFO  [farmer-service,3ca482993dbcbaec,bcabcdcf] [farmer-sync-5] com.example.farmer.FarmerController - GET /api/v1/farmers?page=25 200 in 122ms
2026-09-24 00:35:20.768 INFO  [farmer-service,6c5ea9228cd28751,c5708497] [http-nio-8080-exec-6] com.example.farmer.FarmerSyncScheduler - Sync batch 8188 queued, 48 pending records
2026-09-24 00:36:17.250 ERROR [farmer-service,5328ec6e9e8a3faa,677ba97f] [farmer-sync-7] com.example.farmer.FarmerSyncService - Sync failed for batch 8779: could not acquire a database connection
java.sql.SQLTransientConnectionException: HikariPool-1 - Connection is not available, request timed out after 30001ms (total=10, active=10, idle=0, waiting=7)
	at com.zaxxer.hikari.pool.HikariPool.createTimeoutException(HikariPool.java:696)
	at com.zaxxer.hikari.pool.HikariPool.getConnection(HikariPool.java:181)
	at com.example.farmer.FarmerSyncService.pushPending(FarmerSyncService.java:36)
	at com.example.farmer.FarmerSyncScheduler.run(FarmerSyncScheduler.java:58)
2026-09-24 00:41:55.478 DEBUG [farmer-service,bf3cc84883527f99,e59c6e40] [http-nio-8080-exec-8] com.example.farmer.FarmerRepository - select f.* from farmer f where f.region_id = 3
2026-09-24 00:43:20.525 WARN  [farmer-service,44efde1240dc2c55,1f52fec8] [farmer-sync-7] com.example.farmer.FarmerController - Request from 192.0.2.25 missing X-Request-Id header, generated one
2026-09-24 00:53:46.510 ERROR [farmer-service,b10be1d87f770139,1d5cf303] [http-nio-8080-exec-6] com.example.farmer.FarmerSyncService - Sync failed for batch 8666: could not acquire a database connection
java.sql.SQLTransientConnectionException: HikariPool-1 - Connection is not available, request timed out after 30001ms (total=10, active=10, idle=0, waiting=7)
	at com.zaxxer.hikari.pool.HikariPool.createTimeoutException(HikariPool.java:696)
	at com.zaxxer.hikari.pool.HikariPool.getConnection(HikariPool.java:181)
	at com.example.farmer.FarmerSyncService.pushPending(FarmerSyncService.java:36)
	at com.example.farmer.FarmerSyncScheduler.run(FarmerSyncScheduler.java:58)
2026-09-24 00:54:31.534 INFO  [farmer-service,23dcca0487248c0e,397d5780] [farmer-sync-2] com.example.farmer.CardRenderJob - Rendered 8 cards in 854ms
2026-09-24 01:06:51.845 WARN  [farmer-service,c71b6cd53114f491,439d6c6c] [farmer-sync-3] org.springframework.boot.context.config.ConfigDataEnvironment - Property 'spring.datasource.initialization-mode' is deprecated and will be removed in a future release
2026-09-24 01:07:50.945 WARN  [farmer-service,b8edeca43514440d,74d4f5d6] [farmer-sync-2] com.example.farmer.FarmerController - Request from 192.0.2.248 missing X-Request-Id header, generated one
2026-09-24 01:10:13.439 ERROR [farmer-service,6547283c456f7dbd,cee3a3c5] [farmer-sync-7] com.example.farmer.FarmerSyncService - Sync failed for batch 8303: could not acquire a database connection
java.sql.SQLTransientConnectionException: HikariPool-1 - Connection is not available, request timed out after 30001ms (total=10, active=10, idle=0, waiting=7)
	at com.zaxxer.hikari.pool.HikariPool.createTimeoutException(HikariPool.java:696)
	at com.zaxxer.hikari.pool.HikariPool.getConnection(HikariPool.java:181)
	at com.example.farmer.FarmerSyncService.pushPending(FarmerSyncService.java:36)
	at com.example.farmer.FarmerSyncScheduler.run(FarmerSyncScheduler.java:58)
2026-09-24 01:24:03.522 WARN  [farmer-service,f7b7a6fd02ca0ded,a8f41823] [farmer-sync-3] com.example.farmer.FarmerProfileService - Concurrent update on farmer 1700, retry 1 of 3
com.example.farmer.FarmerProfileService$OptimisticLockException: Row was updated by another transaction (farmer id=3771)
	at com.example.farmer.FarmerProfileService.rename(FarmerProfileService.java:27)
	at com.example.farmer.FarmerController.rename(FarmerController.java:96)
2026-09-24 01:26:57.318 ERROR [farmer-service,e7a6107b8892dd6b,b722958e] [farmer-sync-4] com.example.farmer.FarmerSyncService - Sync failed for batch 8871: could not acquire a database connection
java.sql.SQLTransientConnectionException: HikariPool-1 - Connection is not available, request timed out after 30001ms (total=10, active=10, idle=0, waiting=7)
	at com.zaxxer.hikari.pool.HikariPool.createTimeoutException(HikariPool.java:696)
	at com.zaxxer.hikari.pool.HikariPool.getConnection(HikariPool.java:181)
	at com.example.farmer.FarmerSyncService.pushPending(FarmerSyncService.java:36)
	at com.example.farmer.FarmerSyncScheduler.run(FarmerSyncScheduler.java:58)
2026-09-24 01:27:19.003 INFO  [farmer-service,e01579114905610d,606ce1e3] [farmer-sync-3] com.example.farmer.FarmerSyncScheduler - Sync batch 8717 queued, 241 pending records
2026-09-24 01:30:12.884 DEBUG [farmer-service,075c9477cd4844f2,6d94ae01] [http-nio-8080-exec-9] com.example.farmer.FarmerRepository - select f.* from farmer f where f.region_id = 58
2026-09-24 01:42:45.756 DEBUG [farmer-service,5bbacec0a66114c2,c182ee72] [farmer-sync-3] com.example.farmer.FarmerRepository - select f.* from farmer f where f.region_id = 3
2026-09-24 01:46:08.734 WARN  [farmer-service,233a101a1685a09f,99b85e08] [http-nio-8080-exec-3] com.example.farmer.FarmerController - Request from 192.0.2.104 missing X-Request-Id header, generated one
2026-09-24 01:46:15.193 WARN  [farmer-service,b48b337e2ec191e8,2ae11c05] [http-nio-8080-exec-6] com.example.farmer.FarmerProfileService - Concurrent update on farmer 2726, retry 1 of 3
com.example.farmer.FarmerProfileService$OptimisticLockException: Row was updated by another transaction (farmer id=5463)
	at com.example.farmer.FarmerProfileService.rename(FarmerProfileService.java:27)
	at com.example.farmer.FarmerController.rename(FarmerController.java:96)
2026-09-24 01:50:02.553 INFO  [farmer-service,4b2c7870b893c019,d86d766e] [http-nio-8080-exec-1] com.example.common.AuditPublisher - Published 4 audit events to nightshift.audit
2026-09-24 01:55:33.506 INFO  [farmer-service,905b82acf851c3a8,db4ff16c] [farmer-sync-4] com.example.farmer.FarmerController - GET /api/v1/farmers?page=35 200 in 104ms
2026-09-24 01:55:38.154 DEBUG [farmer-service,ddfd6a57d02c3967,3c3b4dd6] [farmer-sync-6] com.example.farmer.FarmerRepository - select f.* from farmer f where f.region_id = 58
2026-09-24 02:00:00.790 ERROR [farmer-service,3079a9f4d6e77c95,195fa02c] [farmer-sync-5] com.example.farmer.CardRenderJob - Failed to render card label for farmer 21880
java.lang.NullPointerException: Cannot invoke "String.charAt(int)" because "middleName" is null
	at com.example.common.NameFormatter.initials(NameFormatter.java:22)
	at com.example.farmer.FarmerSyncService.cardLabel(FarmerSyncService.java:53)
	at com.example.farmer.CardRenderJob.render(CardRenderJob.java:74)
	at java.base/java.util.concurrent.ThreadPoolExecutor.runWorker(ThreadPoolExecutor.java:1144)
	at java.base/java.lang.Thread.run(Thread.java:1583)
2026-09-24 02:00:18.587 INFO  [farmer-service,a340bf0bc83b01b3,e381d9a4] [farmer-sync-7] com.example.common.AuditPublisher - Published 14 audit events to nightshift.audit
2026-09-24 02:03:25.816 ERROR [farmer-service,0f7d09701061cd90,38b4d823] [farmer-sync-3] com.example.farmer.FarmerSyncService - Sync failed for batch 8247: could not acquire a database connection
java.sql.SQLTransientConnectionException: HikariPool-1 - Connection is not available, request timed out after 30001ms (total=10, active=10, idle=0, waiting=7)
	at com.zaxxer.hikari.pool.HikariPool.createTimeoutException(HikariPool.java:696)
	at com.zaxxer.hikari.pool.HikariPool.getConnection(HikariPool.java:181)
	at com.example.farmer.FarmerSyncService.pushPending(FarmerSyncService.java:36)
	at com.example.farmer.FarmerSyncScheduler.run(FarmerSyncScheduler.java:58)
2026-09-24 02:07:26.647 ERROR [farmer-service,8558914cc719c2dc,911dfe8a] [farmer-sync-4] com.example.farmer.FarmerSyncService - Sync failed for batch 8449: could not acquire a database connection
java.sql.SQLTransientConnectionException: HikariPool-1 - Connection is not available, request timed out after 30001ms (total=10, active=10, idle=0, waiting=7)
	at com.zaxxer.hikari.pool.HikariPool.createTimeoutException(HikariPool.java:696)
	at com.zaxxer.hikari.pool.HikariPool.getConnection(HikariPool.java:181)
	at com.example.farmer.FarmerSyncService.pushPending(FarmerSyncService.java:36)
	at com.example.farmer.FarmerSyncScheduler.run(FarmerSyncScheduler.java:58)
2026-09-24 02:12:56.046 ERROR [farmer-service,7c7d075db83826c6,4489d222] [farmer-sync-9] com.example.farmer.FarmerSyncService - Sync failed for batch 8293: could not acquire a database connection
java.sql.SQLTransientConnectionException: HikariPool-1 - Connection is not available, request timed out after 30001ms (total=10, active=10, idle=0, waiting=7)
	at com.zaxxer.hikari.pool.HikariPool.createTimeoutException(HikariPool.java:696)
	at com.zaxxer.hikari.pool.HikariPool.getConnection(HikariPool.java:181)
	at com.example.farmer.FarmerSyncService.pushPending(FarmerSyncService.java:36)
	at com.example.farmer.FarmerSyncScheduler.run(FarmerSyncScheduler.java:58)
2026-09-24 02:25:44.183 ERROR [farmer-service,5afae1aae40cd003,f6c4671f] [farmer-sync-5] com.example.farmer.FarmerSyncService - Sync failed for batch 8749: could not acquire a database connection
java.sql.SQLTransientConnectionException: HikariPool-1 - Connection is not available, request timed out after 30001ms (total=10, active=10, idle=0, waiting=7)
	at com.zaxxer.hikari.pool.HikariPool.createTimeoutException(HikariPool.java:696)
	at com.zaxxer.hikari.pool.HikariPool.getConnection(HikariPool.java:181)
	at com.example.farmer.FarmerSyncService.pushPending(FarmerSyncService.java:36)
	at com.example.farmer.FarmerSyncScheduler.run(FarmerSyncScheduler.java:58)
2026-09-24 02:26:51.310 INFO  [farmer-service,88fcd66b8643deb0,59397f5a] [http-nio-8080-exec-4] com.example.common.AuditPublisher - Published 3 audit events to nightshift.audit
2026-09-24 02:27:47.598 INFO  [farmer-service,b65c39e765715f92,b1fc3187] [farmer-sync-2] com.example.farmer.FarmerController - GET /api/v1/farmers?page=27 200 in 86ms
2026-09-24 02:28:44.202 ERROR [farmer-service,5738daa8dedba122,0c9f1e38] [http-nio-8080-exec-4] com.example.farmer.FarmerSyncService - Sync failed for batch 8953: could not acquire a database connection
java.sql.SQLTransientConnectionException: HikariPool-1 - Connection is not available, request timed out after 30001ms (total=10, active=10, idle=0, waiting=7)
	at com.zaxxer.hikari.pool.HikariPool.createTimeoutException(HikariPool.java:696)
	at com.zaxxer.hikari.pool.HikariPool.getConnection(HikariPool.java:181)
	at com.example.farmer.FarmerSyncService.pushPending(FarmerSyncService.java:36)
	at com.example.farmer.FarmerSyncScheduler.run(FarmerSyncScheduler.java:58)
2026-09-24 02:30:12.744 WARN  [farmer-service,25a67163644a5e0c,ff40927d] [http-nio-8080-exec-7] com.example.farmer.FarmerProfileService - Concurrent update on farmer 5273, retry 1 of 3
com.example.farmer.FarmerProfileService$OptimisticLockException: Row was updated by another transaction (farmer id=4551)
	at com.example.farmer.FarmerProfileService.rename(FarmerProfileService.java:27)
	at com.example.farmer.FarmerController.rename(FarmerController.java:96)
2026-09-24 02:33:14.145 ERROR [farmer-service,c9866162bab787c3,b47ff365] [http-nio-8080-exec-2] com.example.farmer.FarmerSyncService - Sync failed for batch 8599: could not acquire a database connection
java.sql.SQLTransientConnectionException: HikariPool-1 - Connection is not available, request timed out after 30001ms (total=10, active=10, idle=0, waiting=7)
	at com.zaxxer.hikari.pool.HikariPool.createTimeoutException(HikariPool.java:696)
	at com.zaxxer.hikari.pool.HikariPool.getConnection(HikariPool.java:181)
	at com.example.farmer.FarmerSyncService.pushPending(FarmerSyncService.java:36)
	at com.example.farmer.FarmerSyncScheduler.run(FarmerSyncScheduler.java:58)
2026-09-24 02:37:00.428 DEBUG [farmer-service,57b19e560646b45b,c8638cd1] [farmer-sync-6] com.example.farmer.FarmerRepository - select f.* from farmer f where f.region_id = 26
2026-09-24 02:41:59.158 ERROR [farmer-service,83556d04de650a9f,b96a6b82] [http-nio-8080-exec-7] com.example.farmer.FarmerSyncService - Sync failed for batch 8248: could not acquire a database connection
java.sql.SQLTransientConnectionException: HikariPool-1 - Connection is not available, request timed out after 30001ms (total=10, active=10, idle=0, waiting=7)
	at com.zaxxer.hikari.pool.HikariPool.createTimeoutException(HikariPool.java:696)
	at com.zaxxer.hikari.pool.HikariPool.getConnection(HikariPool.java:181)
	at com.example.farmer.FarmerSyncService.pushPending(FarmerSyncService.java:36)
	at com.example.farmer.FarmerSyncScheduler.run(FarmerSyncScheduler.java:58)
2026-09-24 02:46:50.573 WARN  [farmer-service,5e878752b9839542,b66b4968] [http-nio-8080-exec-7] com.example.farmer.FarmerProfileService - Concurrent update on farmer 1838, retry 2 of 3
com.example.farmer.FarmerProfileService$OptimisticLockException: Row was updated by another transaction (farmer id=2339)
	at com.example.farmer.FarmerProfileService.rename(FarmerProfileService.java:27)
	at com.example.farmer.FarmerController.rename(FarmerController.java:96)
2026-09-24 02:50:05.464 INFO  [farmer-service,2643e20192288e1d,a145b700] [http-nio-8080-exec-4] com.example.farmer.FarmerSyncScheduler - Sync batch 8017 queued, 229 pending records
2026-09-24 02:53:22.281 ERROR [farmer-service,6efb4870b745690c,4c14b504] [http-nio-8080-exec-1] com.example.farmer.FarmerSyncService - Sync failed for batch 8757: could not acquire a database connection
java.sql.SQLTransientConnectionException: HikariPool-1 - Connection is not available, request timed out after 30001ms (total=10, active=10, idle=0, waiting=7)
	at com.zaxxer.hikari.pool.HikariPool.createTimeoutException(HikariPool.java:696)
	at com.zaxxer.hikari.pool.HikariPool.getConnection(HikariPool.java:181)
	at com.example.farmer.FarmerSyncService.pushPending(FarmerSyncService.java:36)
	at com.example.farmer.FarmerSyncScheduler.run(FarmerSyncScheduler.java:58)
2026-09-24 03:09:14.222 ERROR [farmer-service,2b64fa746244d487,918dc707] [http-nio-8080-exec-5] com.example.farmer.FarmerSyncService - Sync failed for batch 8354: could not acquire a database connection
java.sql.SQLTransientConnectionException: HikariPool-1 - Connection is not available, request timed out after 30001ms (total=10, active=10, idle=0, waiting=7)
	at com.zaxxer.hikari.pool.HikariPool.createTimeoutException(HikariPool.java:696)
	at com.zaxxer.hikari.pool.HikariPool.getConnection(HikariPool.java:181)
	at com.example.farmer.FarmerSyncService.pushPending(FarmerSyncService.java:36)
	at com.example.farmer.FarmerSyncScheduler.run(FarmerSyncScheduler.java:58)
2026-09-24 03:13:59.728 ERROR [farmer-service,2ac2eb782a3d2076,056734a9] [http-nio-8080-exec-9] com.example.farmer.FarmerSyncService - Sync failed for batch 8394: could not acquire a database connection
java.sql.SQLTransientConnectionException: HikariPool-1 - Connection is not available, request timed out after 30001ms (total=10, active=10, idle=0, waiting=7)
	at com.zaxxer.hikari.pool.HikariPool.createTimeoutException(HikariPool.java:696)
	at com.zaxxer.hikari.pool.HikariPool.getConnection(HikariPool.java:181)
	at com.example.farmer.FarmerSyncService.pushPending(FarmerSyncService.java:36)
	at com.example.farmer.FarmerSyncScheduler.run(FarmerSyncScheduler.java:58)
2026-09-24 03:17:47.142 ERROR [farmer-service,29d41cb0a577e8d8,e82ae0a3] [farmer-sync-7] com.example.farmer.FarmerSyncService - Sync failed for batch 8041: could not acquire a database connection
java.sql.SQLTransientConnectionException: HikariPool-1 - Connection is not available, request timed out after 30001ms (total=10, active=10, idle=0, waiting=7)
	at com.zaxxer.hikari.pool.HikariPool.createTimeoutException(HikariPool.java:696)
	at com.zaxxer.hikari.pool.HikariPool.getConnection(HikariPool.java:181)
	at com.example.farmer.FarmerSyncService.pushPending(FarmerSyncService.java:36)
	at com.example.farmer.FarmerSyncScheduler.run(FarmerSyncScheduler.java:58)
2026-09-24 03:18:12.174 INFO  [farmer-service,11a4bef0e9fa89d9,3495c62f] [http-nio-8080-exec-3] com.example.common.AuditPublisher - Published 15 audit events to nightshift.audit
2026-09-24 03:18:13.693 ERROR [farmer-service,08bcc9cff7d6dbc4,1323a46d] [farmer-sync-7] com.example.farmer.CardRenderJob - Failed to render card label for farmer 34393
java.lang.NullPointerException: Cannot invoke "String.charAt(int)" because "middleName" is null
	at com.example.common.NameFormatter.initials(NameFormatter.java:22)
	at com.example.farmer.FarmerSyncService.cardLabel(FarmerSyncService.java:53)
	at com.example.farmer.CardRenderJob.render(CardRenderJob.java:74)
	at java.base/java.util.concurrent.ThreadPoolExecutor.runWorker(ThreadPoolExecutor.java:1144)
	at java.base/java.lang.Thread.run(Thread.java:1583)
2026-09-24 03:18:56.108 ERROR [farmer-service,10c3996842725348,72195a3f] [farmer-sync-8] com.example.farmer.FarmerSyncService - Sync failed for batch 8679: could not acquire a database connection
java.sql.SQLTransientConnectionException: HikariPool-1 - Connection is not available, request timed out after 30001ms (total=10, active=10, idle=0, waiting=7)
	at com.zaxxer.hikari.pool.HikariPool.createTimeoutException(HikariPool.java:696)
	at com.zaxxer.hikari.pool.HikariPool.getConnection(HikariPool.java:181)
	at com.example.farmer.FarmerSyncService.pushPending(FarmerSyncService.java:36)
	at com.example.farmer.FarmerSyncScheduler.run(FarmerSyncScheduler.java:58)
2026-09-24 03:21:54.653 ERROR [farmer-service,49d16b479f5efd05,800b03f2] [farmer-sync-9] com.example.farmer.FarmerSyncService - Sync failed for batch 8600: could not acquire a database connection
java.sql.SQLTransientConnectionException: HikariPool-1 - Connection is not available, request timed out after 30001ms (total=10, active=10, idle=0, waiting=7)
	at com.zaxxer.hikari.pool.HikariPool.createTimeoutException(HikariPool.java:696)
	at com.zaxxer.hikari.pool.HikariPool.getConnection(HikariPool.java:181)
	at com.example.farmer.FarmerSyncService.pushPending(FarmerSyncService.java:36)
	at com.example.farmer.FarmerSyncScheduler.run(FarmerSyncScheduler.java:58)
2026-09-24 03:23:50.612 ERROR [farmer-service,2e04b538af6aa8bb,6c78139d] [farmer-sync-2] com.example.farmer.FarmerSyncService - Sync failed for batch 8778: could not acquire a database connection
java.sql.SQLTransientConnectionException: HikariPool-1 - Connection is not available, request timed out after 30001ms (total=10, active=10, idle=0, waiting=7)
	at com.zaxxer.hikari.pool.HikariPool.createTimeoutException(HikariPool.java:696)
	at com.zaxxer.hikari.pool.HikariPool.getConnection(HikariPool.java:181)
	at com.example.farmer.FarmerSyncService.pushPending(FarmerSyncService.java:36)
	at com.example.farmer.FarmerSyncScheduler.run(FarmerSyncScheduler.java:58)
2026-09-24 03:26:49.369 INFO  [farmer-service,5827c66b3f780e9a,6dae851c] [http-nio-8080-exec-8] com.example.farmer.CardRenderJob - Rendered 47 cards in 502ms
2026-09-24 03:27:07.037 INFO  [farmer-service,ab80b1eb584da358,8fea58b3] [http-nio-8080-exec-4] com.example.common.AuditPublisher - Published 11 audit events to nightshift.audit
2026-09-24 03:33:20.593 WARN  [farmer-service,0285c8e57aac3588,e7738528] [http-nio-8080-exec-5] com.example.farmer.FarmerController - Request from 192.0.2.214 missing X-Request-Id header, generated one
2026-09-24 03:34:43.202 ERROR [farmer-service,d70b32b827dffbda,bf3dcaed] [http-nio-8080-exec-1] com.example.farmer.FarmerSyncService - Sync failed for batch 8214: could not acquire a database connection
java.sql.SQLTransientConnectionException: HikariPool-1 - Connection is not available, request timed out after 30001ms (total=10, active=10, idle=0, waiting=7)
	at com.zaxxer.hikari.pool.HikariPool.createTimeoutException(HikariPool.java:696)
	at com.zaxxer.hikari.pool.HikariPool.getConnection(HikariPool.java:181)
	at com.example.farmer.FarmerSyncService.pushPending(FarmerSyncService.java:36)
	at com.example.farmer.FarmerSyncScheduler.run(FarmerSyncScheduler.java:58)
2026-09-24 03:35:43.363 WARN  [farmer-service,3df2e4a83b0cb7d4,938fbd81] [farmer-sync-4] com.example.farmer.FarmerController - Request from 192.0.2.34 missing X-Request-Id header, generated one
2026-09-24 03:37:22.305 WARN  [farmer-service,9622ea50ec9b8b2e,3cce20b3] [http-nio-8080-exec-1] org.springframework.boot.context.config.ConfigDataEnvironment - Property 'spring.datasource.initialization-mode' is deprecated and will be removed in a future release
2026-09-24 03:39:31.905 INFO  [farmer-service,fd0bb2b54b2f9169,68813ca0] [http-nio-8080-exec-7] com.example.common.AuditPublisher - Published 18 audit events to nightshift.audit
2026-09-24 03:42:10.149 ERROR [farmer-service,c611b44074fd0e41,fd9b7771] [http-nio-8080-exec-2] com.example.farmer.FarmerSyncService - Sync failed for batch 8031: could not acquire a database connection
java.sql.SQLTransientConnectionException: HikariPool-1 - Connection is not available, request timed out after 30001ms (total=10, active=10, idle=0, waiting=7)
	at com.zaxxer.hikari.pool.HikariPool.createTimeoutException(HikariPool.java:696)
	at com.zaxxer.hikari.pool.HikariPool.getConnection(HikariPool.java:181)
	at com.example.farmer.FarmerSyncService.pushPending(FarmerSyncService.java:36)
	at com.example.farmer.FarmerSyncScheduler.run(FarmerSyncScheduler.java:58)
2026-09-24 03:43:58.774 INFO  [farmer-service,2276853a2a2d2b9e,e8138557] [farmer-sync-9] com.example.farmer.FarmerController - GET /api/v1/farmers?page=7 200 in 114ms
2026-09-24 03:44:41.183 INFO  [farmer-service,e23cdac5e6143598,b274e1df] [http-nio-8080-exec-7] com.example.farmer.CardRenderJob - Rendered 9 cards in 739ms
2026-09-24 03:59:45.577 INFO  [farmer-service,06ffe1c36278af61,b3888b31] [http-nio-8080-exec-6] com.example.farmer.FarmerController - GET /api/v1/farmers?page=1 200 in 131ms
2026-09-24 04:06:08.901 ERROR [farmer-service,cd79eaecf44e5046,5b07faef] [farmer-sync-9] com.example.farmer.FarmerSyncService - Sync failed for batch 8277: could not acquire a database connection
java.sql.SQLTransientConnectionException: HikariPool-1 - Connection is not available, request timed out after 30001ms (total=10, active=10, idle=0, waiting=7)
	at com.zaxxer.hikari.pool.HikariPool.createTimeoutException(HikariPool.java:696)
	at com.zaxxer.hikari.pool.HikariPool.getConnection(HikariPool.java:181)
	at com.example.farmer.FarmerSyncService.pushPending(FarmerSyncService.java:36)
	at com.example.farmer.FarmerSyncScheduler.run(FarmerSyncScheduler.java:58)
2026-09-24 04:10:04.137 WARN  [farmer-service,b555c7371c1d04ef,299bfe94] [http-nio-8080-exec-2] com.example.farmer.FarmerController - Request from 192.0.2.70 missing X-Request-Id header, generated one
2026-09-24 04:10:28.135 ERROR [farmer-service,26186ac7f125b9a3,e7291e15] [http-nio-8080-exec-4] com.example.farmer.FarmerSyncService - Sync failed for batch 8973: could not acquire a database connection
java.sql.SQLTransientConnectionException: HikariPool-1 - Connection is not available, request timed out after 30001ms (total=10, active=10, idle=0, waiting=7)
	at com.zaxxer.hikari.pool.HikariPool.createTimeoutException(HikariPool.java:696)
	at com.zaxxer.hikari.pool.HikariPool.getConnection(HikariPool.java:181)
	at com.example.farmer.FarmerSyncService.pushPending(FarmerSyncService.java:36)
	at com.example.farmer.FarmerSyncScheduler.run(FarmerSyncScheduler.java:58)
2026-09-24 04:11:19.270 ERROR [farmer-service,91fe7110090b437f,2562abfb] [http-nio-8080-exec-8] com.example.farmer.FarmerSyncService - Sync failed for batch 8521: could not acquire a database connection
java.sql.SQLTransientConnectionException: HikariPool-1 - Connection is not available, request timed out after 30001ms (total=10, active=10, idle=0, waiting=7)
	at com.zaxxer.hikari.pool.HikariPool.createTimeoutException(HikariPool.java:696)
	at com.zaxxer.hikari.pool.HikariPool.getConnection(HikariPool.java:181)
	at com.example.farmer.FarmerSyncService.pushPending(FarmerSyncService.java:36)
	at com.example.farmer.FarmerSyncScheduler.run(FarmerSyncScheduler.java:58)
2026-09-24 04:11:45.648 INFO  [farmer-service,77b0bad17c6896f9,0305eacc] [farmer-sync-2] com.example.common.AuditPublisher - Published 17 audit events to nightshift.audit
2026-09-24 04:13:16.740 INFO  [farmer-service,149d11aac86f0628,d90d0941] [http-nio-8080-exec-1] com.example.farmer.CardRenderJob - Rendered 24 cards in 1058ms
2026-09-24 04:15:33.591 DEBUG [farmer-service,387b2865af02d1ed,9c123bc4] [farmer-sync-8] com.example.farmer.FarmerRepository - select f.* from farmer f where f.region_id = 5
2026-09-24 04:19:56.979 ERROR [farmer-service,8de53679319d25ab,be9c3cf0] [http-nio-8080-exec-7] com.example.farmer.FarmerSyncService - Sync failed for batch 8925: could not acquire a database connection
java.sql.SQLTransientConnectionException: HikariPool-1 - Connection is not available, request timed out after 30001ms (total=10, active=10, idle=0, waiting=7)
	at com.zaxxer.hikari.pool.HikariPool.createTimeoutException(HikariPool.java:696)
	at com.zaxxer.hikari.pool.HikariPool.getConnection(HikariPool.java:181)
	at com.example.farmer.FarmerSyncService.pushPending(FarmerSyncService.java:36)
	at com.example.farmer.FarmerSyncScheduler.run(FarmerSyncScheduler.java:58)
2026-09-24 04:25:04.509 ERROR [farmer-service,183ed76bae2a90bc,5d7c3403] [http-nio-8080-exec-2] com.example.farmer.FarmerSyncService - Sync failed for batch 8818: could not acquire a database connection
java.sql.SQLTransientConnectionException: HikariPool-1 - Connection is not available, request timed out after 30001ms (total=10, active=10, idle=0, waiting=7)
	at com.zaxxer.hikari.pool.HikariPool.createTimeoutException(HikariPool.java:696)
	at com.zaxxer.hikari.pool.HikariPool.getConnection(HikariPool.java:181)
	at com.example.farmer.FarmerSyncService.pushPending(FarmerSyncService.java:36)
	at com.example.farmer.FarmerSyncScheduler.run(FarmerSyncScheduler.java:58)
2026-09-24 04:44:55.088 ERROR [farmer-service,d7d9d56a4cd54683,91035c37] [http-nio-8080-exec-4] com.example.farmer.FarmerSyncService - Sync failed for batch 8084: could not acquire a database connection
java.sql.SQLTransientConnectionException: HikariPool-1 - Connection is not available, request timed out after 30001ms (total=10, active=10, idle=0, waiting=7)
	at com.zaxxer.hikari.pool.HikariPool.createTimeoutException(HikariPool.java:696)
	at com.zaxxer.hikari.pool.HikariPool.getConnection(HikariPool.java:181)
	at com.example.farmer.FarmerSyncService.pushPending(FarmerSyncService.java:36)
	at com.example.farmer.FarmerSyncScheduler.run(FarmerSyncScheduler.java:58)
2026-09-24 04:54:12.003 ERROR [farmer-service,272966819d594058,b6870ad4] [farmer-sync-8] com.example.farmer.FarmerSyncService - Sync failed for batch 8280: could not acquire a database connection
java.sql.SQLTransientConnectionException: HikariPool-1 - Connection is not available, request timed out after 30001ms (total=10, active=10, idle=0, waiting=7)
	at com.zaxxer.hikari.pool.HikariPool.createTimeoutException(HikariPool.java:696)
	at com.zaxxer.hikari.pool.HikariPool.getConnection(HikariPool.java:181)
	at com.example.farmer.FarmerSyncService.pushPending(FarmerSyncService.java:36)
	at com.example.farmer.FarmerSyncScheduler.run(FarmerSyncScheduler.java:58)
2026-09-24 04:55:33.436 WARN  [farmer-service,2abbe1b30506a4e2,5211b869] [farmer-sync-8] com.example.farmer.FarmerController - Request from 192.0.2.65 missing X-Request-Id header, generated one
2026-09-24 04:55:53.273 ERROR [farmer-service,60a4d72323e142a7,48f2696e] [farmer-sync-9] com.example.farmer.FarmerSyncService - Sync failed for batch 8631: could not acquire a database connection
java.sql.SQLTransientConnectionException: HikariPool-1 - Connection is not available, request timed out after 30001ms (total=10, active=10, idle=0, waiting=7)
	at com.zaxxer.hikari.pool.HikariPool.createTimeoutException(HikariPool.java:696)
	at com.zaxxer.hikari.pool.HikariPool.getConnection(HikariPool.java:181)
	at com.example.farmer.FarmerSyncService.pushPending(FarmerSyncService.java:36)
	at com.example.farmer.FarmerSyncScheduler.run(FarmerSyncScheduler.java:58)
2026-09-24 04:56:36.270 INFO  [farmer-service,679e5bb00db4a9fc,16822f6f] [http-nio-8080-exec-2] com.example.farmer.FarmerController - GET /api/v1/farmers?page=9 200 in 81ms
2026-09-24 05:00:08.338 ERROR [farmer-service,0136076516e00867,4ec6313e] [http-nio-8080-exec-2] com.example.farmer.FarmerSyncService - Sync failed for batch 8288: could not acquire a database connection
java.sql.SQLTransientConnectionException: HikariPool-1 - Connection is not available, request timed out after 30001ms (total=10, active=10, idle=0, waiting=7)
	at com.zaxxer.hikari.pool.HikariPool.createTimeoutException(HikariPool.java:696)
	at com.zaxxer.hikari.pool.HikariPool.getConnection(HikariPool.java:181)
	at com.example.farmer.FarmerSyncService.pushPending(FarmerSyncService.java:36)
	at com.example.farmer.FarmerSyncScheduler.run(FarmerSyncScheduler.java:58)
2026-09-24 05:01:48.178 DEBUG [farmer-service,04556a12e2eb9b83,7fb1b4bb] [farmer-sync-9] com.example.farmer.FarmerRepository - select f.* from farmer f where f.region_id = 51
2026-09-24 05:04:49.669 INFO  [farmer-service,5d1cc0a78cb1e4bd,70b5cfc5] [farmer-sync-1] com.example.farmer.CardRenderJob - Rendered 45 cards in 904ms
2026-09-24 05:18:40.802 INFO  [farmer-service,ba81b4f783dcc1c6,4be76041] [farmer-sync-2] com.example.common.AuditPublisher - Published 18 audit events to nightshift.audit
2026-09-24 05:19:35.011 ERROR [farmer-service,64230e21c45164c1,98473286] [farmer-sync-3] com.example.farmer.FarmerSyncService - Sync failed for batch 8634: could not acquire a database connection
java.sql.SQLTransientConnectionException: HikariPool-1 - Connection is not available, request timed out after 30001ms (total=10, active=10, idle=0, waiting=7)
	at com.zaxxer.hikari.pool.HikariPool.createTimeoutException(HikariPool.java:696)
	at com.zaxxer.hikari.pool.HikariPool.getConnection(HikariPool.java:181)
	at com.example.farmer.FarmerSyncService.pushPending(FarmerSyncService.java:36)
	at com.example.farmer.FarmerSyncScheduler.run(FarmerSyncScheduler.java:58)
2026-09-24 05:21:09.873 INFO  [farmer-service,bdf1a075f650011c,b903b36f] [farmer-sync-6] com.example.common.AuditPublisher - Published 8 audit events to nightshift.audit
2026-09-24 05:22:44.394 ERROR [farmer-service,e409e2f61fc21d79,113cde07] [http-nio-8080-exec-2] com.example.farmer.FarmerSyncService - Sync failed for batch 8844: could not acquire a database connection
java.sql.SQLTransientConnectionException: HikariPool-1 - Connection is not available, request timed out after 30001ms (total=10, active=10, idle=0, waiting=7)
	at com.zaxxer.hikari.pool.HikariPool.createTimeoutException(HikariPool.java:696)
	at com.zaxxer.hikari.pool.HikariPool.getConnection(HikariPool.java:181)
	at com.example.farmer.FarmerSyncService.pushPending(FarmerSyncService.java:36)
	at com.example.farmer.FarmerSyncScheduler.run(FarmerSyncScheduler.java:58)
2026-09-24 05:30:45.236 INFO  [farmer-service,ad6acf60d74be592,0494e9e6] [farmer-sync-8] com.example.farmer.FarmerSyncScheduler - Sync batch 8563 queued, 194 pending records
2026-09-24 05:31:30.213 ERROR [farmer-service,eef82db0c2526347,6859c7cc] [farmer-sync-2] com.example.farmer.FarmerSyncService - Sync failed for batch 8432: could not acquire a database connection
java.sql.SQLTransientConnectionException: HikariPool-1 - Connection is not available, request timed out after 30001ms (total=10, active=10, idle=0, waiting=7)
	at com.zaxxer.hikari.pool.HikariPool.createTimeoutException(HikariPool.java:696)
	at com.zaxxer.hikari.pool.HikariPool.getConnection(HikariPool.java:181)
	at com.example.farmer.FarmerSyncService.pushPending(FarmerSyncService.java:36)
	at com.example.farmer.FarmerSyncScheduler.run(FarmerSyncScheduler.java:58)
2026-09-24 05:34:52.727 WARN  [farmer-service,5b286f35ccc9700f,571a7dda] [http-nio-8080-exec-8] com.example.farmer.FarmerProfileService - Concurrent update on farmer 4875, retry 2 of 3
com.example.farmer.FarmerProfileService$OptimisticLockException: Row was updated by another transaction (farmer id=2970)
	at com.example.farmer.FarmerProfileService.rename(FarmerProfileService.java:27)
	at com.example.farmer.FarmerController.rename(FarmerController.java:96)
2026-09-24 05:34:53.959 INFO  [farmer-service,594492ba565f1414,acf5e31a] [farmer-sync-7] com.example.farmer.FarmerSyncScheduler - Sync batch 8525 queued, 367 pending records
2026-09-24 05:43:38.231 ERROR [farmer-service,8b42104fc8c19816,2ee1d437] [farmer-sync-2] com.example.farmer.FarmerSyncService - Sync failed for batch 8398: could not acquire a database connection
java.sql.SQLTransientConnectionException: HikariPool-1 - Connection is not available, request timed out after 30001ms (total=10, active=10, idle=0, waiting=7)
	at com.zaxxer.hikari.pool.HikariPool.createTimeoutException(HikariPool.java:696)
	at com.zaxxer.hikari.pool.HikariPool.getConnection(HikariPool.java:181)
	at com.example.farmer.FarmerSyncService.pushPending(FarmerSyncService.java:36)
	at com.example.farmer.FarmerSyncScheduler.run(FarmerSyncScheduler.java:58)
2026-09-24 05:49:39.627 INFO  [farmer-service,db0b134fa9bc1fec,752d9654] [http-nio-8080-exec-2] com.example.farmer.FarmerController - GET /api/v1/farmers?page=10 200 in 107ms
2026-09-24 05:50:12.737 ERROR [farmer-service,04f85acefb02d395,7e79bc2f] [farmer-sync-7] com.example.farmer.FarmerSyncService - Sync failed for batch 8923: could not acquire a database connection
java.sql.SQLTransientConnectionException: HikariPool-1 - Connection is not available, request timed out after 30001ms (total=10, active=10, idle=0, waiting=7)
	at com.zaxxer.hikari.pool.HikariPool.createTimeoutException(HikariPool.java:696)
	at com.zaxxer.hikari.pool.HikariPool.getConnection(HikariPool.java:181)
	at com.example.farmer.FarmerSyncService.pushPending(FarmerSyncService.java:36)
	at com.example.farmer.FarmerSyncScheduler.run(FarmerSyncScheduler.java:58)
2026-09-24 05:59:47.937 DEBUG [farmer-service,b8dcb872d4f4fc74,19aff4ae] [farmer-sync-5] com.example.farmer.FarmerRepository - select f.* from farmer f where f.region_id = 12
2026-09-24 06:05:51.826 WARN  [farmer-service,3473e9ddd64c28e0,f7352dc3] [farmer-sync-7] com.example.farmer.FarmerController - Request from 192.0.2.122 missing X-Request-Id header, generated one
2026-09-24 06:09:27.985 ERROR [farmer-service,9d08ac1d17d98e26,b83d8db1] [http-nio-8080-exec-7] com.example.farmer.FarmerSyncService - Sync failed for batch 8173: could not acquire a database connection
java.sql.SQLTransientConnectionException: HikariPool-1 - Connection is not available, request timed out after 30001ms (total=10, active=10, idle=0, waiting=7)
	at com.zaxxer.hikari.pool.HikariPool.createTimeoutException(HikariPool.java:696)
	at com.zaxxer.hikari.pool.HikariPool.getConnection(HikariPool.java:181)
	at com.example.farmer.FarmerSyncService.pushPending(FarmerSyncService.java:36)
	at com.example.farmer.FarmerSyncScheduler.run(FarmerSyncScheduler.java:58)
2026-09-24 06:18:25.854 ERROR [farmer-service,530de2ca7d965835,1e32013e] [http-nio-8080-exec-7] com.example.farmer.FarmerSyncService - Sync failed for batch 8159: could not acquire a database connection
java.sql.SQLTransientConnectionException: HikariPool-1 - Connection is not available, request timed out after 30001ms (total=10, active=10, idle=0, waiting=7)
	at com.zaxxer.hikari.pool.HikariPool.createTimeoutException(HikariPool.java:696)
	at com.zaxxer.hikari.pool.HikariPool.getConnection(HikariPool.java:181)
	at com.example.farmer.FarmerSyncService.pushPending(FarmerSyncService.java:36)
	at com.example.farmer.FarmerSyncScheduler.run(FarmerSyncScheduler.java:58)
2026-09-24 06:21:54.425 ERROR [farmer-service,12933401eeac0b59,f33af6ea] [farmer-sync-1] com.example.farmer.FarmerSyncService - Sync failed for batch 8539: could not acquire a database connection
java.sql.SQLTransientConnectionException: HikariPool-1 - Connection is not available, request timed out after 30001ms (total=10, active=10, idle=0, waiting=7)
	at com.zaxxer.hikari.pool.HikariPool.createTimeoutException(HikariPool.java:696)
	at com.zaxxer.hikari.pool.HikariPool.getConnection(HikariPool.java:181)
	at com.example.farmer.FarmerSyncService.pushPending(FarmerSyncService.java:36)
	at com.example.farmer.FarmerSyncScheduler.run(FarmerSyncScheduler.java:58)
2026-09-24 06:22:14.594 ERROR [farmer-service,88f6c86c21746d9a,64f458a0] [farmer-sync-7] com.example.farmer.FarmerSyncService - Sync failed for batch 8253: could not acquire a database connection
java.sql.SQLTransientConnectionException: HikariPool-1 - Connection is not available, request timed out after 30001ms (total=10, active=10, idle=0, waiting=7)
	at com.zaxxer.hikari.pool.HikariPool.createTimeoutException(HikariPool.java:696)
	at com.zaxxer.hikari.pool.HikariPool.getConnection(HikariPool.java:181)
	at com.example.farmer.FarmerSyncService.pushPending(FarmerSyncService.java:36)
	at com.example.farmer.FarmerSyncScheduler.run(FarmerSyncScheduler.java:58)
2026-09-24 06:25:02.995 ERROR [farmer-service,16e267398f43e9f4,2c363aa4] [farmer-sync-8] com.example.farmer.FarmerSyncService - Sync failed for batch 8571: could not acquire a database connection
java.sql.SQLTransientConnectionException: HikariPool-1 - Connection is not available, request timed out after 30001ms (total=10, active=10, idle=0, waiting=7)
	at com.zaxxer.hikari.pool.HikariPool.createTimeoutException(HikariPool.java:696)
	at com.zaxxer.hikari.pool.HikariPool.getConnection(HikariPool.java:181)
	at com.example.farmer.FarmerSyncService.pushPending(FarmerSyncService.java:36)
	at com.example.farmer.FarmerSyncScheduler.run(FarmerSyncScheduler.java:58)
2026-09-24 06:30:49.701 WARN  [farmer-service,7b8e8d9d89ef9e0d,95d1c0ef] [http-nio-8080-exec-2] com.example.farmer.FarmerProfileService - Concurrent update on farmer 3658, retry 2 of 3
com.example.farmer.FarmerProfileService$OptimisticLockException: Row was updated by another transaction (farmer id=5222)
	at com.example.farmer.FarmerProfileService.rename(FarmerProfileService.java:27)
	at com.example.farmer.FarmerController.rename(FarmerController.java:96)
2026-09-24 06:31:12.351 ERROR [farmer-service,8a8a2f9279856434,2da0f510] [http-nio-8080-exec-4] com.example.farmer.FarmerSyncService - Sync failed for batch 8771: could not acquire a database connection
java.sql.SQLTransientConnectionException: HikariPool-1 - Connection is not available, request timed out after 30001ms (total=10, active=10, idle=0, waiting=7)
	at com.zaxxer.hikari.pool.HikariPool.createTimeoutException(HikariPool.java:696)
	at com.zaxxer.hikari.pool.HikariPool.getConnection(HikariPool.java:181)
	at com.example.farmer.FarmerSyncService.pushPending(FarmerSyncService.java:36)
	at com.example.farmer.FarmerSyncScheduler.run(FarmerSyncScheduler.java:58)
2026-09-24 06:33:38.092 WARN  [farmer-service,2921d8488f029d15,2d02fd6f] [http-nio-8080-exec-8] com.example.farmer.FarmerController - Request from 192.0.2.53 missing X-Request-Id header, generated one
2026-09-24 06:37:09.910 ERROR [farmer-service,cfe9e8c9498c4b66,603e407e] [farmer-sync-7] com.example.farmer.FarmerSyncService - Sync failed for batch 8076: could not acquire a database connection
java.sql.SQLTransientConnectionException: HikariPool-1 - Connection is not available, request timed out after 30001ms (total=10, active=10, idle=0, waiting=7)
	at com.zaxxer.hikari.pool.HikariPool.createTimeoutException(HikariPool.java:696)
	at com.zaxxer.hikari.pool.HikariPool.getConnection(HikariPool.java:181)
	at com.example.farmer.FarmerSyncService.pushPending(FarmerSyncService.java:36)
	at com.example.farmer.FarmerSyncScheduler.run(FarmerSyncScheduler.java:58)
2026-09-24 06:51:51.190 INFO  [farmer-service,01281c0b77dcdf4a,49bbce73] [farmer-sync-5] com.example.farmer.FarmerSyncScheduler - Sync batch 8812 queued, 277 pending records
2026-09-24 06:59:08.149 INFO  [farmer-service,d9086c3ac7329d16,d040babe] [farmer-sync-6] com.example.farmer.FarmerSyncScheduler - Sync batch 8182 queued, 55 pending records
2026-09-24 07:04:41.312 WARN  [farmer-service,8a8165b7a458b2e6,8fd390bb] [http-nio-8080-exec-7] org.springframework.boot.context.config.ConfigDataEnvironment - Property 'spring.datasource.initialization-mode' is deprecated and will be removed in a future release
2026-09-24 07:05:58.796 INFO  [farmer-service,6e854eba3fd0aeb0,c89779c6] [farmer-sync-1] com.example.farmer.FarmerController - GET /api/v1/farmers?page=39 200 in 48ms
2026-09-24 07:09:55.919 INFO  [farmer-service,23d68a60ec259a54,8942dc00] [farmer-sync-5] com.example.farmer.CardRenderJob - Rendered 52 cards in 1468ms
2026-09-24 07:20:17.348 ERROR [farmer-service,b8fe4a41179ab811,b66c0e5a] [farmer-sync-9] com.example.farmer.FarmerSyncService - Sync failed for batch 8012: could not acquire a database connection
java.sql.SQLTransientConnectionException: HikariPool-1 - Connection is not available, request timed out after 30001ms (total=10, active=10, idle=0, waiting=7)
	at com.zaxxer.hikari.pool.HikariPool.createTimeoutException(HikariPool.java:696)
	at com.zaxxer.hikari.pool.HikariPool.getConnection(HikariPool.java:181)
	at com.example.farmer.FarmerSyncService.pushPending(FarmerSyncService.java:36)
	at com.example.farmer.FarmerSyncScheduler.run(FarmerSyncScheduler.java:58)
2026-09-24 07:22:33.990 INFO  [farmer-service,32d7ebf668839b81,019d4d72] [farmer-sync-6] com.example.farmer.FarmerSyncScheduler - Sync batch 8289 queued, 182 pending records
2026-09-24 07:23:00.815 INFO  [farmer-service,666c25d25fb7ab27,684910f4] [farmer-sync-1] com.example.farmer.FarmerController - GET /api/v1/farmers?page=4 200 in 75ms
2026-09-24 07:29:58.888 ERROR [farmer-service,8833233aadc8e5d5,a7759c17] [http-nio-8080-exec-9] com.example.farmer.FarmerSyncService - Sync failed for batch 8837: could not acquire a database connection
java.sql.SQLTransientConnectionException: HikariPool-1 - Connection is not available, request timed out after 30001ms (total=10, active=10, idle=0, waiting=7)
	at com.zaxxer.hikari.pool.HikariPool.createTimeoutException(HikariPool.java:696)
	at com.zaxxer.hikari.pool.HikariPool.getConnection(HikariPool.java:181)
	at com.example.farmer.FarmerSyncService.pushPending(FarmerSyncService.java:36)
	at com.example.farmer.FarmerSyncScheduler.run(FarmerSyncScheduler.java:58)
2026-09-24 07:31:42.218 INFO  [farmer-service,269fe7cf8ca9b6a5,e0f787c4] [http-nio-8080-exec-5] com.example.farmer.FarmerController - GET /api/v1/farmers?page=35 200 in 98ms
2026-09-24 07:37:34.550 ERROR [farmer-service,4e14c0884aa95fd7,7b28c147] [http-nio-8080-exec-8] com.example.farmer.FarmerSyncService - Sync failed for batch 8083: could not acquire a database connection
java.sql.SQLTransientConnectionException: HikariPool-1 - Connection is not available, request timed out after 30001ms (total=10, active=10, idle=0, waiting=7)
	at com.zaxxer.hikari.pool.HikariPool.createTimeoutException(HikariPool.java:696)
	at com.zaxxer.hikari.pool.HikariPool.getConnection(HikariPool.java:181)
	at com.example.farmer.FarmerSyncService.pushPending(FarmerSyncService.java:36)
	at com.example.farmer.FarmerSyncScheduler.run(FarmerSyncScheduler.java:58)
2026-09-24 07:38:42.272 ERROR [farmer-service,a1710bf23f206ee8,54984411] [http-nio-8080-exec-9] com.example.farmer.FarmerSyncService - Sync failed for batch 8416: could not acquire a database connection
java.sql.SQLTransientConnectionException: HikariPool-1 - Connection is not available, request timed out after 30001ms (total=10, active=10, idle=0, waiting=7)
	at com.zaxxer.hikari.pool.HikariPool.createTimeoutException(HikariPool.java:696)
	at com.zaxxer.hikari.pool.HikariPool.getConnection(HikariPool.java:181)
	at com.example.farmer.FarmerSyncService.pushPending(FarmerSyncService.java:36)
	at com.example.farmer.FarmerSyncScheduler.run(FarmerSyncScheduler.java:58)
2026-09-24 07:57:30.471 INFO  [farmer-service,c01af10ba1e9c87f,554f250e] [http-nio-8080-exec-7] com.example.farmer.FarmerController - GET /api/v1/farmers?page=15 200 in 66ms
2026-09-24 07:57:33.759 INFO  [farmer-service,6145d4afca24f265,f94702c5] [farmer-sync-2] com.example.farmer.CardRenderJob - Rendered 60 cards in 2254ms
2026-09-24 07:59:32.457 INFO  [farmer-service,850f7525b67eec9f,62d0bb53] [farmer-sync-7] com.example.farmer.FarmerController - GET /api/v1/farmers?page=7 200 in 67ms
2026-09-24 08:00:16.744 INFO  [farmer-service,89a1c2297badc057,34f9b4df] [http-nio-8080-exec-1] com.example.common.AuditPublisher - Published 11 audit events to nightshift.audit
2026-09-24 08:01:00.140 DEBUG [farmer-service,6c7d92ac2ee7f9e2,b502bce2] [http-nio-8080-exec-3] com.example.farmer.FarmerRepository - select f.* from farmer f where f.region_id = 17
2026-09-24 08:01:34.396 WARN  [farmer-service,b7b8e4f101bab7c1,2f27eb2c] [farmer-sync-1] com.example.farmer.FarmerController - Request from 192.0.2.108 missing X-Request-Id header, generated one
2026-09-24 08:01:37.448 WARN  [farmer-service,c679e953991e3d44,2f89cddc] [http-nio-8080-exec-6] com.example.farmer.FarmerController - Request from 192.0.2.154 missing X-Request-Id header, generated one
2026-09-24 08:04:01.119 INFO  [farmer-service,2745fc349125b5fc,0ea3304f] [farmer-sync-9] com.example.common.AuditPublisher - Published 1 audit events to nightshift.audit
2026-09-24 08:05:13.714 ERROR [farmer-service,e361772249a385fa,f29e0525] [farmer-sync-9] com.example.farmer.FarmerSyncService - Sync failed for batch 8863: could not acquire a database connection
java.sql.SQLTransientConnectionException: HikariPool-1 - Connection is not available, request timed out after 30001ms (total=10, active=10, idle=0, waiting=7)
	at com.zaxxer.hikari.pool.HikariPool.createTimeoutException(HikariPool.java:696)
	at com.zaxxer.hikari.pool.HikariPool.getConnection(HikariPool.java:181)
	at com.example.farmer.FarmerSyncService.pushPending(FarmerSyncService.java:36)
	at com.example.farmer.FarmerSyncScheduler.run(FarmerSyncScheduler.java:58)
2026-09-24 08:06:10.588 WARN  [farmer-service,9c6f11dcf0588ba2,84cdaaa8] [http-nio-8080-exec-2] com.example.farmer.FarmerController - Request from 192.0.2.29 missing X-Request-Id header, generated one
2026-09-24 08:06:23.206 INFO  [farmer-service,21a260bc2202cb63,a2ba7370] [http-nio-8080-exec-4] com.example.farmer.FarmerController - GET /api/v1/farmers?page=5 200 in 22ms
2026-09-24 08:07:54.081 INFO  [farmer-service,321f2c5b37fcf315,bdbc9feb] [farmer-sync-3] com.example.farmer.FarmerController - GET /api/v1/farmers?page=6 200 in 132ms
2026-09-24 08:08:43.891 INFO  [farmer-service,311d44b7f3f25dc3,deab736e] [http-nio-8080-exec-8] com.example.farmer.CardRenderJob - Rendered 50 cards in 493ms
2026-09-24 08:08:56.508 INFO  [farmer-service,ffa7198be44fa70c,2d5c0fd9] [http-nio-8080-exec-8] com.example.common.AuditPublisher - Published 29 audit events to nightshift.audit
2026-09-24 08:10:46.921 INFO  [farmer-service,5beda4284f544127,dedc292f] [http-nio-8080-exec-8] com.example.farmer.FarmerSyncScheduler - Sync batch 8962 queued, 199 pending records
2026-09-24 08:11:11.578 DEBUG [farmer-service,77aed2f4bac74c86,c0f61de3] [farmer-sync-4] com.example.farmer.FarmerRepository - select f.* from farmer f where f.region_id = 36
2026-09-24 08:11:18.806 ERROR [farmer-service,b0009adcf9a5622b,015c7f1c] [http-nio-8080-exec-8] com.example.farmer.FarmerSyncService - Sync failed for batch 8515: could not acquire a database connection
java.sql.SQLTransientConnectionException: HikariPool-1 - Connection is not available, request timed out after 30001ms (total=10, active=10, idle=0, waiting=7)
	at com.zaxxer.hikari.pool.HikariPool.createTimeoutException(HikariPool.java:696)
	at com.zaxxer.hikari.pool.HikariPool.getConnection(HikariPool.java:181)
	at com.example.farmer.FarmerSyncService.pushPending(FarmerSyncService.java:36)
	at com.example.farmer.FarmerSyncScheduler.run(FarmerSyncScheduler.java:58)
2026-09-24 08:13:14.470 INFO  [farmer-service,7d220dc523b2a9a3,8a5040aa] [farmer-sync-5] com.example.common.AuditPublisher - Published 20 audit events to nightshift.audit
2026-09-24 08:16:34.050 ERROR [farmer-service,2dc68c8ab5421800,580b33a3] [http-nio-8080-exec-2] com.example.farmer.FarmerSyncService - Sync failed for batch 8923: could not acquire a database connection
java.sql.SQLTransientConnectionException: HikariPool-1 - Connection is not available, request timed out after 30001ms (total=10, active=10, idle=0, waiting=7)
	at com.zaxxer.hikari.pool.HikariPool.createTimeoutException(HikariPool.java:696)
	at com.zaxxer.hikari.pool.HikariPool.getConnection(HikariPool.java:181)
	at com.example.farmer.FarmerSyncService.pushPending(FarmerSyncService.java:36)
	at com.example.farmer.FarmerSyncScheduler.run(FarmerSyncScheduler.java:58)
2026-09-24 08:17:26.337 WARN  [farmer-service,155100c0c1e87f21,b033af3a] [http-nio-8080-exec-1] com.example.farmer.FarmerController - Request from 192.0.2.10 missing X-Request-Id header, generated one
2026-09-24 08:18:00.663 DEBUG [farmer-service,33e8ffde95cd3ad0,d7f1e966] [farmer-sync-1] com.example.farmer.FarmerRepository - select f.* from farmer f where f.region_id = 60
2026-09-24 08:18:20.259 INFO  [farmer-service,5350a420422b4d15,77e80c5c] [farmer-sync-7] com.example.farmer.CardRenderJob - Rendered 37 cards in 2058ms
2026-09-24 08:18:46.457 INFO  [farmer-service,b3d7ed4cba1b5f43,035361a0] [farmer-sync-5] com.example.farmer.FarmerController - GET /api/v1/farmers?page=35 200 in 16ms
2026-09-24 08:19:35.307 INFO  [farmer-service,dbbb5a821e36b8f4,09ab8c0c] [http-nio-8080-exec-8] com.example.farmer.FarmerSyncScheduler - Sync batch 8899 queued, 380 pending records
2026-09-24 08:20:02.496 INFO  [farmer-service,729943bd4c5f92e9,40b9d18a] [farmer-sync-4] com.example.farmer.CardRenderJob - Rendered 58 cards in 700ms
2026-09-24 08:20:20.538 ERROR [farmer-service,dcc34cd0fe95b5ed,b968b061] [farmer-sync-5] com.example.farmer.FarmerSyncService - Sync failed for batch 8576: could not acquire a database connection
java.sql.SQLTransientConnectionException: HikariPool-1 - Connection is not available, request timed out after 30001ms (total=10, active=10, idle=0, waiting=7)
	at com.zaxxer.hikari.pool.HikariPool.createTimeoutException(HikariPool.java:696)
	at com.zaxxer.hikari.pool.HikariPool.getConnection(HikariPool.java:181)
	at com.example.farmer.FarmerSyncService.pushPending(FarmerSyncService.java:36)
	at com.example.farmer.FarmerSyncScheduler.run(FarmerSyncScheduler.java:58)
2026-09-24 08:21:44.933 WARN  [farmer-service,b3c35ba42ea0ef5f,71d6e53e] [http-nio-8080-exec-4] com.example.farmer.FarmerController - Request from 192.0.2.223 missing X-Request-Id header, generated one
2026-09-24 08:24:22.216 WARN  [farmer-service,4ebf0673e5f5a2b2,5fd49116] [farmer-sync-3] com.example.farmer.FarmerController - Request from 192.0.2.26 missing X-Request-Id header, generated one
2026-09-24 08:24:27.580 ERROR [farmer-service,80070e268048e563,28f6cf6c] [farmer-sync-4] com.example.farmer.FarmerSyncService - Sync failed for batch 8421: could not acquire a database connection
java.sql.SQLTransientConnectionException: HikariPool-1 - Connection is not available, request timed out after 30001ms (total=10, active=10, idle=0, waiting=7)
	at com.zaxxer.hikari.pool.HikariPool.createTimeoutException(HikariPool.java:696)
	at com.zaxxer.hikari.pool.HikariPool.getConnection(HikariPool.java:181)
	at com.example.farmer.FarmerSyncService.pushPending(FarmerSyncService.java:36)
	at com.example.farmer.FarmerSyncScheduler.run(FarmerSyncScheduler.java:58)
2026-09-24 08:24:50.563 INFO  [farmer-service,cf21455bd53f31ec,763cb6ce] [http-nio-8080-exec-5] com.example.farmer.CardRenderJob - Rendered 20 cards in 602ms
2026-09-24 08:25:01.384 INFO  [farmer-service,d12cc38a9c4d3d0e,a711fdbc] [http-nio-8080-exec-5] com.example.common.AuditPublisher - Published 21 audit events to nightshift.audit
2026-09-24 08:26:09.728 INFO  [farmer-service,189ece649a68802e,e484336b] [http-nio-8080-exec-1] com.example.common.AuditPublisher - Published 26 audit events to nightshift.audit
2026-09-24 08:28:12.862 INFO  [farmer-service,dc18e9b408e02351,6639fe5d] [farmer-sync-4] com.example.farmer.CardRenderJob - Rendered 65 cards in 379ms
2026-09-24 08:28:14.015 DEBUG [farmer-service,78dc750d4b5f9c68,5fa7d991] [http-nio-8080-exec-3] com.example.farmer.FarmerRepository - select f.* from farmer f where f.region_id = 10
2026-09-24 08:28:24.889 INFO  [farmer-service,1c2e8a22c1998534,e025dbfb] [http-nio-8080-exec-6] com.example.common.AuditPublisher - Published 13 audit events to nightshift.audit
2026-09-24 08:29:13.019 INFO  [farmer-service,8d06aefa673c751c,ea15f5e5] [http-nio-8080-exec-9] com.example.common.AuditPublisher - Published 19 audit events to nightshift.audit
2026-09-24 08:29:33.658 INFO  [farmer-service,b87692cdc401c437,073dcaf2] [http-nio-8080-exec-5] com.example.farmer.FarmerSyncScheduler - Sync batch 8001 queued, 326 pending records
2026-09-24 08:31:46.396 INFO  [farmer-service,3e9e3b774c5e20d9,8376ceb2] [http-nio-8080-exec-2] com.example.farmer.CardRenderJob - Rendered 17 cards in 836ms
2026-09-24 08:32:23.415 INFO  [farmer-service,fe4a256859f89442,b192579e] [farmer-sync-5] com.example.farmer.FarmerController - GET /api/v1/farmers?page=16 200 in 124ms
2026-09-24 08:32:24.929 DEBUG [farmer-service,2bf3e10b027a7805,35b34db5] [http-nio-8080-exec-2] com.example.farmer.FarmerRepository - select f.* from farmer f where f.region_id = 29
2026-09-24 08:32:52.231 WARN  [farmer-service,0c282b9e15d43a19,d530c79c] [farmer-sync-2] com.example.farmer.FarmerController - Request from 192.0.2.173 missing X-Request-Id header, generated one
2026-09-24 08:33:03.073 INFO  [farmer-service,f71fa3631351910b,2f223fe7] [http-nio-8080-exec-5] com.example.farmer.CardRenderJob - Rendered 8 cards in 1601ms
2026-09-24 08:34:11.803 DEBUG [farmer-service,2889400fb0214df6,8258ba09] [http-nio-8080-exec-9] com.example.farmer.FarmerRepository - select f.* from farmer f where f.region_id = 13
2026-09-24 08:34:42.309 INFO  [farmer-service,80bb2b50fed83af8,518c2a7d] [http-nio-8080-exec-6] com.example.farmer.FarmerSyncScheduler - Sync batch 8274 queued, 297 pending records
2026-09-24 08:35:39.282 INFO  [farmer-service,fa7eea88c9146310,51928e9e] [http-nio-8080-exec-2] com.example.farmer.FarmerController - GET /api/v1/farmers?page=10 200 in 84ms
2026-09-24 08:37:18.424 INFO  [farmer-service,f6211736b271a0d8,76e6bb80] [farmer-sync-2] com.example.common.AuditPublisher - Published 23 audit events to nightshift.audit
2026-09-24 08:37:48.391 ERROR [farmer-service,1a276e1a0c5988fe,c9d6939f] [farmer-sync-6] com.example.farmer.CardRenderJob - Failed to render card label for farmer 45207
java.lang.NullPointerException: Cannot invoke "String.charAt(int)" because "middleName" is null
	at com.example.common.NameFormatter.initials(NameFormatter.java:22)
	at com.example.farmer.FarmerSyncService.cardLabel(FarmerSyncService.java:53)
	at com.example.farmer.CardRenderJob.render(CardRenderJob.java:74)
	at java.base/java.util.concurrent.ThreadPoolExecutor.runWorker(ThreadPoolExecutor.java:1144)
	at java.base/java.lang.Thread.run(Thread.java:1583)
2026-09-24 08:39:16.184 INFO  [farmer-service,6753318610d63d94,a2f6d312] [http-nio-8080-exec-4] com.example.farmer.CardRenderJob - Rendered 84 cards in 1854ms
2026-09-24 08:39:18.024 DEBUG [farmer-service,5acb6c68bc5629ef,e6878f96] [http-nio-8080-exec-1] com.example.farmer.FarmerRepository - select f.* from farmer f where f.region_id = 14
2026-09-24 08:40:22.786 INFO  [farmer-service,2d420eef5a755359,d2182629] [farmer-sync-7] com.example.farmer.FarmerSyncScheduler - Sync batch 8804 queued, 362 pending records
2026-09-24 08:40:24.504 INFO  [farmer-service,b4870842c557127e,e7e3f38a] [farmer-sync-2] com.example.common.AuditPublisher - Published 29 audit events to nightshift.audit
2026-09-24 08:42:09.500 DEBUG [farmer-service,17769094f17c0068,160bfb8a] [farmer-sync-9] com.example.farmer.FarmerRepository - select f.* from farmer f where f.region_id = 44
2026-09-24 08:43:02.916 INFO  [farmer-service,1498b711ff04c108,cf4d0720] [farmer-sync-4] com.example.common.AuditPublisher - Published 4 audit events to nightshift.audit
2026-09-24 08:43:45.138 INFO  [farmer-service,f4c68948aa475541,de5a009c] [farmer-sync-1] com.example.farmer.FarmerController - GET /api/v1/farmers?page=40 200 in 103ms
2026-09-24 08:43:58.146 DEBUG [farmer-service,13f0ca4d800533e6,998c13a2] [http-nio-8080-exec-7] com.example.farmer.FarmerRepository - select f.* from farmer f where f.region_id = 46
2026-09-24 08:44:24.870 ERROR [farmer-service,684c6bdbcd792f27,c418eedf] [http-nio-8080-exec-6] com.example.farmer.CardRenderJob - Failed to render card label for farmer 30091
java.lang.NullPointerException: Cannot invoke "String.charAt(int)" because "middleName" is null
	at com.example.common.NameFormatter.initials(NameFormatter.java:22)
	at com.example.farmer.FarmerSyncService.cardLabel(FarmerSyncService.java:53)
	at com.example.farmer.CardRenderJob.render(CardRenderJob.java:74)
	at java.base/java.util.concurrent.ThreadPoolExecutor.runWorker(ThreadPoolExecutor.java:1144)
	at java.base/java.lang.Thread.run(Thread.java:1583)
2026-09-24 08:44:31.902 INFO  [farmer-service,5f5d109a48c0ea52,97d3fd1d] [http-nio-8080-exec-1] com.example.farmer.CardRenderJob - Rendered 57 cards in 1499ms
2026-09-24 08:45:44.227 INFO  [farmer-service,f17b7f8bfc52012e,4596ce20] [farmer-sync-5] com.example.common.AuditPublisher - Published 3 audit events to nightshift.audit
2026-09-24 08:47:35.723 WARN  [farmer-service,1c9dab97061353b6,2097c192] [http-nio-8080-exec-1] com.example.farmer.FarmerController - Request from 192.0.2.33 missing X-Request-Id header, generated one
2026-09-24 08:49:52.417 INFO  [farmer-service,b28d5b11eb764345,d0dab18b] [http-nio-8080-exec-4] com.example.farmer.CardRenderJob - Rendered 19 cards in 402ms
2026-09-24 08:51:51.439 INFO  [farmer-service,9aa4c7abaeca5af4,111993ba] [farmer-sync-6] com.example.farmer.FarmerSyncScheduler - Sync batch 8249 queued, 400 pending records
2026-09-24 08:52:06.041 INFO  [farmer-service,0e9647ee25716ab6,3818ddd9] [farmer-sync-1] com.example.farmer.CardRenderJob - Rendered 28 cards in 1593ms
2026-09-24 08:54:15.955 INFO  [farmer-service,68625da60be2ab13,db315052] [farmer-sync-7] com.example.farmer.FarmerController - GET /api/v1/farmers?page=10 200 in 91ms
2026-09-24 08:55:57.684 WARN  [farmer-service,7a06518a65e1951f,819f8800] [http-nio-8080-exec-9] com.example.farmer.FarmerController - Request from 192.0.2.152 missing X-Request-Id header, generated one
2026-09-24 08:56:23.505 ERROR [farmer-service,e9991bab2a7a2887,bd3010f9] [farmer-sync-9] com.example.farmer.FarmerSyncService - Sync failed for batch 8239: could not acquire a database connection
java.sql.SQLTransientConnectionException: HikariPool-1 - Connection is not available, request timed out after 30001ms (total=10, active=10, idle=0, waiting=7)
	at com.zaxxer.hikari.pool.HikariPool.createTimeoutException(HikariPool.java:696)
	at com.zaxxer.hikari.pool.HikariPool.getConnection(HikariPool.java:181)
	at com.example.farmer.FarmerSyncService.pushPending(FarmerSyncService.java:36)
	at com.example.farmer.FarmerSyncScheduler.run(FarmerSyncScheduler.java:58)
2026-09-24 08:58:13.205 INFO  [farmer-service,b7338df09ca10f01,f346ad8b] [http-nio-8080-exec-3] com.example.farmer.CardRenderJob - Rendered 18 cards in 1394ms
2026-09-24 09:00:30.820 ERROR [farmer-service,2910a12393d53100,84987844] [http-nio-8080-exec-1] com.example.farmer.FarmerSyncService - Sync failed for batch 8921: could not acquire a database connection
java.sql.SQLTransientConnectionException: HikariPool-1 - Connection is not available, request timed out after 30001ms (total=10, active=10, idle=0, waiting=7)
	at com.zaxxer.hikari.pool.HikariPool.createTimeoutException(HikariPool.java:696)
	at com.zaxxer.hikari.pool.HikariPool.getConnection(HikariPool.java:181)
	at com.example.farmer.FarmerSyncService.pushPending(FarmerSyncService.java:36)
	at com.example.farmer.FarmerSyncScheduler.run(FarmerSyncScheduler.java:58)
2026-09-24 09:00:32.324 INFO  [farmer-service,7718da6b13e36732,ca5e6175] [farmer-sync-3] com.example.common.AuditPublisher - Published 27 audit events to nightshift.audit
2026-09-24 09:01:47.790 WARN  [farmer-service,fe042192ec8d1f7f,d9398aed] [farmer-sync-3] com.example.farmer.FarmerController - Request from 192.0.2.33 missing X-Request-Id header, generated one
2026-09-24 09:01:47.855 INFO  [farmer-service,16f74793b52b5d00,d9d084b7] [http-nio-8080-exec-5] com.example.farmer.FarmerSyncScheduler - Sync batch 8591 queued, 95 pending records
2026-09-24 09:02:09.061 INFO  [farmer-service,0fe9a8ef219662dc,4684f3ea] [farmer-sync-6] com.example.farmer.FarmerSyncScheduler - Sync batch 8779 queued, 90 pending records
2026-09-24 09:03:07.748 INFO  [farmer-service,c59e3fb35b7d119a,97095948] [http-nio-8080-exec-6] com.example.farmer.CardRenderJob - Rendered 19 cards in 1974ms
2026-09-24 09:05:24.089 DEBUG [farmer-service,57060932f058be38,fc9d5982] [http-nio-8080-exec-1] com.example.farmer.FarmerRepository - select f.* from farmer f where f.region_id = 11
2026-09-24 09:05:33.446 INFO  [farmer-service,60e5fcde8e1b99fe,b16dd418] [http-nio-8080-exec-4] com.example.farmer.CardRenderJob - Rendered 49 cards in 1673ms
2026-09-24 09:07:52.063 INFO  [farmer-service,3043875c9019fdd0,954efc45] [http-nio-8080-exec-4] com.example.common.AuditPublisher - Published 17 audit events to nightshift.audit
2026-09-24 09:07:56.244 WARN  [farmer-service,a20cba67d580945d,ff260410] [http-nio-8080-exec-8] com.example.farmer.FarmerController - Request from 192.0.2.210 missing X-Request-Id header, generated one
2026-09-24 09:08:30.764 INFO  [farmer-service,c5a5b7e5c81155d6,690b555f] [farmer-sync-7] com.example.farmer.FarmerSyncScheduler - Sync batch 8780 queued, 283 pending records
2026-09-24 09:08:39.341 INFO  [farmer-service,cf47f43fc7fc5e7f,e5d8fbbd] [http-nio-8080-exec-9] com.example.farmer.CardRenderJob - Rendered 23 cards in 1560ms
2026-09-24 09:09:07.118 WARN  [farmer-service,532f624a4d409b5e,072bac1c] [farmer-sync-3] com.example.farmer.FarmerController - Request from 192.0.2.246 missing X-Request-Id header, generated one
2026-09-24 09:09:32.739 INFO  [farmer-service,8ecdaa61be25546d,f1f2a20d] [farmer-sync-4] com.example.common.AuditPublisher - Published 30 audit events to nightshift.audit
2026-09-24 09:09:55.805 INFO  [farmer-service,5078bb6b380506d1,ccc952e8] [http-nio-8080-exec-3] com.example.common.AuditPublisher - Published 13 audit events to nightshift.audit
2026-09-24 09:10:13.310 INFO  [farmer-service,7e6ca8f1971f028d,64597203] [http-nio-8080-exec-6] com.example.farmer.CardRenderJob - Rendered 62 cards in 2312ms
2026-09-24 09:10:14.779 INFO  [farmer-service,2543eb996f1bba08,3cffe09f] [farmer-sync-6] com.example.common.AuditPublisher - Published 27 audit events to nightshift.audit
2026-09-24 09:10:20.735 INFO  [farmer-service,15687a0bae22faec,c21f19b9] [farmer-sync-7] com.example.farmer.FarmerController - GET /api/v1/farmers?page=35 200 in 58ms
2026-09-24 09:10:40.849 DEBUG [farmer-service,c0bd2e6b59c2f597,cb5a2971] [http-nio-8080-exec-8] com.example.farmer.FarmerRepository - select f.* from farmer f where f.region_id = 11
2026-09-24 09:11:52.711 DEBUG [farmer-service,b04f52626b0c12d8,a4c75dc6] [farmer-sync-3] com.example.farmer.FarmerRepository - select f.* from farmer f where f.region_id = 50
2026-09-24 09:12:58.503 INFO  [farmer-service,538e5deeb662f9bc,ee751781] [http-nio-8080-exec-2] com.example.common.AuditPublisher - Published 20 audit events to nightshift.audit
2026-09-24 09:14:19.003 ERROR [farmer-service,7cfec97c988dd310,e0815559] [http-nio-8080-exec-2] com.example.farmer.FarmerSyncService - Sync failed for batch 8916: could not acquire a database connection
java.sql.SQLTransientConnectionException: HikariPool-1 - Connection is not available, request timed out after 30001ms (total=10, active=10, idle=0, waiting=7)
	at com.zaxxer.hikari.pool.HikariPool.createTimeoutException(HikariPool.java:696)
	at com.zaxxer.hikari.pool.HikariPool.getConnection(HikariPool.java:181)
	at com.example.farmer.FarmerSyncService.pushPending(FarmerSyncService.java:36)
	at com.example.farmer.FarmerSyncScheduler.run(FarmerSyncScheduler.java:58)
2026-09-24 09:14:33.796 DEBUG [farmer-service,58995a697ccc4316,3ffe44dd] [http-nio-8080-exec-1] com.example.farmer.FarmerRepository - select f.* from farmer f where f.region_id = 34
2026-09-24 09:14:38.551 INFO  [farmer-service,a845376f1448fcc8,dae9f901] [http-nio-8080-exec-9] com.example.common.AuditPublisher - Published 3 audit events to nightshift.audit
2026-09-24 09:15:24.100 DEBUG [farmer-service,2107a1b0caa4c381,3aa582d9] [farmer-sync-8] com.example.farmer.FarmerRepository - select f.* from farmer f where f.region_id = 35
2026-09-24 09:15:59.160 INFO  [farmer-service,e93059dfe99f55c1,589f4d33] [farmer-sync-4] com.example.farmer.FarmerController - GET /api/v1/farmers?page=26 200 in 45ms
2026-09-24 09:16:12.899 DEBUG [farmer-service,3308b6f438958daf,391558d7] [farmer-sync-7] com.example.farmer.FarmerRepository - select f.* from farmer f where f.region_id = 20
2026-09-24 09:17:33.018 WARN  [farmer-service,2c5b13d631e0de09,7f97b51b] [farmer-sync-2] com.example.farmer.FarmerController - Request from 192.0.2.118 missing X-Request-Id header, generated one
2026-09-24 09:19:13.609 WARN  [farmer-service,326019a24bc4478d,5a6c5912] [farmer-sync-8] com.example.farmer.FarmerController - Request from 192.0.2.29 missing X-Request-Id header, generated one
2026-09-24 09:19:40.349 WARN  [farmer-service,aa6a0afd1b66a5b5,f0fb7cf5] [farmer-sync-4] com.example.farmer.FarmerController - Request from 192.0.2.254 missing X-Request-Id header, generated one
2026-09-24 09:19:59.868 INFO  [farmer-service,596f209619f027de,cbffd4b3] [http-nio-8080-exec-6] com.example.farmer.FarmerSyncScheduler - Sync batch 8155 queued, 334 pending records
2026-09-24 09:20:35.374 INFO  [farmer-service,e5fc662ca1f7ad55,612588e0] [farmer-sync-7] com.example.common.AuditPublisher - Published 17 audit events to nightshift.audit
2026-09-24 09:22:22.486 INFO  [farmer-service,5f33ae0d9487c126,5e160a04] [farmer-sync-5] com.example.common.AuditPublisher - Published 15 audit events to nightshift.audit
2026-09-24 09:22:33.881 DEBUG [farmer-service,621e467b5885e626,1796d9e5] [http-nio-8080-exec-2] com.example.farmer.FarmerRepository - select f.* from farmer f where f.region_id = 60
2026-09-24 09:25:29.775 INFO  [farmer-service,fe75b4a2171eac94,8237c2ee] [http-nio-8080-exec-6] com.example.farmer.CardRenderJob - Rendered 16 cards in 402ms
2026-09-24 09:26:03.801 DEBUG [farmer-service,395c14bac3972303,bee4e2bf] [farmer-sync-4] com.example.farmer.FarmerRepository - select f.* from farmer f where f.region_id = 45
2026-09-24 09:26:19.601 INFO  [farmer-service,2306db42d770d9fe,bf2d27d5] [farmer-sync-1] com.example.farmer.CardRenderJob - Rendered 78 cards in 1579ms
2026-09-24 09:27:09.766 INFO  [farmer-service,072f3160677846f8,0c063681] [farmer-sync-2] com.example.farmer.FarmerController - GET /api/v1/farmers?page=10 200 in 19ms
2026-09-24 09:27:41.241 WARN  [farmer-service,5703af443e1f707f,2ea9f125] [farmer-sync-2] com.example.farmer.FarmerController - Request from 192.0.2.203 missing X-Request-Id header, generated one
2026-09-24 09:27:47.229 INFO  [farmer-service,50109ffcd7154606,2d7cedc2] [farmer-sync-5] com.example.common.AuditPublisher - Published 11 audit events to nightshift.audit
2026-09-24 09:27:56.131 WARN  [farmer-service,f2a9b8adc3ed294d,5009ccbf] [http-nio-8080-exec-2] com.example.farmer.FarmerController - Request from 192.0.2.179 missing X-Request-Id header, generated one
2026-09-24 09:28:23.020 INFO  [farmer-service,96558fa003e485b9,99ac12c5] [farmer-sync-2] com.example.common.AuditPublisher - Published 14 audit events to nightshift.audit
2026-09-24 09:28:34.971 WARN  [farmer-service,150ca1a064415938,607d718a] [farmer-sync-7] com.example.farmer.FarmerController - Request from 192.0.2.212 missing X-Request-Id header, generated one
2026-09-24 09:28:43.439 INFO  [farmer-service,1769cfa1792d662b,5c2618da] [farmer-sync-7] com.example.farmer.CardRenderJob - Rendered 81 cards in 439ms
2026-09-24 09:29:12.183 WARN  [farmer-service,b979e65bf5664a57,f8cc8e26] [http-nio-8080-exec-9] com.example.farmer.FarmerController - Request from 192.0.2.216 missing X-Request-Id header, generated one
2026-09-24 09:29:13.801 INFO  [farmer-service,e3de6d32275b7033,b1004ef6] [http-nio-8080-exec-3] com.example.common.AuditPublisher - Published 10 audit events to nightshift.audit
2026-09-24 09:31:31.377 INFO  [farmer-service,d5b668ae2e0c39e4,d4811ce6] [http-nio-8080-exec-5] com.example.farmer.FarmerController - GET /api/v1/farmers?page=16 200 in 12ms
2026-09-24 09:31:40.839 INFO  [farmer-service,afceb54f56822915,7489aeaa] [http-nio-8080-exec-5] com.example.farmer.CardRenderJob - Rendered 43 cards in 1176ms
2026-09-24 09:33:43.178 INFO  [farmer-service,2151a3498cdb6e34,ab14b802] [http-nio-8080-exec-4] com.example.farmer.FarmerSyncScheduler - Sync batch 8530 queued, 292 pending records
2026-09-24 09:36:19.771 INFO  [farmer-service,da3bde719bda2900,859580dc] [farmer-sync-4] com.example.farmer.FarmerSyncScheduler - Sync batch 8935 queued, 364 pending records
2026-09-24 09:37:19.669 WARN  [farmer-service,3c1eaec0aae97a4d,dadd9096] [farmer-sync-3] com.example.farmer.FarmerController - Request from 192.0.2.80 missing X-Request-Id header, generated one
2026-09-24 09:37:32.437 INFO  [farmer-service,6ee8bcd27c42adf6,58391f19] [farmer-sync-9] com.example.common.AuditPublisher - Published 2 audit events to nightshift.audit
2026-09-24 09:39:49.363 DEBUG [farmer-service,0662ea41d53b6a49,9d698835] [farmer-sync-6] com.example.farmer.FarmerRepository - select f.* from farmer f where f.region_id = 12
2026-09-24 09:39:55.102 INFO  [farmer-service,e18bbbad5ca60dfe,98c4fbc6] [http-nio-8080-exec-8] com.example.farmer.CardRenderJob - Rendered 37 cards in 1206ms
2026-09-24 09:40:20.816 DEBUG [farmer-service,bc03521031a3fc1c,2223bfdf] [farmer-sync-6] com.example.farmer.FarmerRepository - select f.* from farmer f where f.region_id = 27
2026-09-24 09:40:46.312 ERROR [farmer-service,a7d8d053166d090b,1300a2cc] [http-nio-8080-exec-8] com.example.farmer.FarmerSyncService - Sync failed for batch 8926: could not acquire a database connection
java.sql.SQLTransientConnectionException: HikariPool-1 - Connection is not available, request timed out after 30001ms (total=10, active=10, idle=0, waiting=7)
	at com.zaxxer.hikari.pool.HikariPool.createTimeoutException(HikariPool.java:696)
	at com.zaxxer.hikari.pool.HikariPool.getConnection(HikariPool.java:181)
	at com.example.farmer.FarmerSyncService.pushPending(FarmerSyncService.java:36)
	at com.example.farmer.FarmerSyncScheduler.run(FarmerSyncScheduler.java:58)
2026-09-24 09:40:48.432 WARN  [farmer-service,23fbb08fae70a6c3,d8694567] [farmer-sync-7] com.example.farmer.FarmerController - Request from 192.0.2.25 missing X-Request-Id header, generated one
2026-09-24 09:42:10.631 ERROR [farmer-service,50276c5c8de19944,9cdbdd4f] [http-nio-8080-exec-7] com.example.farmer.FarmerSyncService - Sync failed for batch 8642: could not acquire a database connection
java.sql.SQLTransientConnectionException: HikariPool-1 - Connection is not available, request timed out after 30001ms (total=10, active=10, idle=0, waiting=7)
	at com.zaxxer.hikari.pool.HikariPool.createTimeoutException(HikariPool.java:696)
	at com.zaxxer.hikari.pool.HikariPool.getConnection(HikariPool.java:181)
	at com.example.farmer.FarmerSyncService.pushPending(FarmerSyncService.java:36)
	at com.example.farmer.FarmerSyncScheduler.run(FarmerSyncScheduler.java:58)
2026-09-24 09:42:56.305 INFO  [farmer-service,d5a697f346e3bb37,1d0d7d3c] [http-nio-8080-exec-1] com.example.common.AuditPublisher - Published 22 audit events to nightshift.audit
2026-09-24 09:43:06.111 WARN  [farmer-service,d4c1ceedfec6d7cb,7c3eafac] [http-nio-8080-exec-7] com.example.farmer.FarmerController - Request from 192.0.2.5 missing X-Request-Id header, generated one
2026-09-24 09:43:12.484 WARN  [farmer-service,b53c5c1a8bcf73e8,c9e4e72e] [farmer-sync-4] com.example.farmer.FarmerController - Request from 192.0.2.237 missing X-Request-Id header, generated one
2026-09-24 09:43:31.207 DEBUG [farmer-service,05818394e5d7ffe4,c76469ef] [farmer-sync-7] com.example.farmer.FarmerRepository - select f.* from farmer f where f.region_id = 45
2026-09-24 09:43:42.571 WARN  [farmer-service,887602b55e6e88de,c46145dd] [farmer-sync-6] com.example.farmer.FarmerController - Request from 192.0.2.1 missing X-Request-Id header, generated one
2026-09-24 09:44:28.253 INFO  [farmer-service,0391ec2c6ffccaef,1fa7db03] [farmer-sync-8] com.example.farmer.CardRenderJob - Rendered 34 cards in 2177ms
2026-09-24 09:44:56.699 INFO  [farmer-service,7a5b35813cc328df,c5ab8b04] [http-nio-8080-exec-4] com.example.farmer.FarmerController - GET /api/v1/farmers?page=29 200 in 60ms
2026-09-24 09:47:00.959 WARN  [farmer-service,e665a5ce273fe648,464db8a0] [http-nio-8080-exec-7] com.example.farmer.FarmerProfileService - Concurrent update on farmer 6607, retry 2 of 3
com.example.farmer.FarmerProfileService$OptimisticLockException: Row was updated by another transaction (farmer id=7457)
	at com.example.farmer.FarmerProfileService.rename(FarmerProfileService.java:27)
	at com.example.farmer.FarmerController.rename(FarmerController.java:96)
2026-09-24 09:47:04.636 INFO  [farmer-service,5236f60d3f2e1f7e,2771ee50] [http-nio-8080-exec-7] com.example.farmer.FarmerController - GET /api/v1/farmers?page=27 200 in 32ms
2026-09-24 09:47:05.389 INFO  [farmer-service,e3c76f5bffd06968,7664d464] [http-nio-8080-exec-9] com.example.farmer.FarmerSyncScheduler - Sync batch 8367 queued, 378 pending records
2026-09-24 09:48:11.199 ERROR [farmer-service,a2e1e3a44164bc53,6aeb23f2] [farmer-sync-6] com.example.farmer.FarmerSyncService - Sync failed for batch 8870: could not acquire a database connection
java.sql.SQLTransientConnectionException: HikariPool-1 - Connection is not available, request timed out after 30001ms (total=10, active=10, idle=0, waiting=7)
	at com.zaxxer.hikari.pool.HikariPool.createTimeoutException(HikariPool.java:696)
	at com.zaxxer.hikari.pool.HikariPool.getConnection(HikariPool.java:181)
	at com.example.farmer.FarmerSyncService.pushPending(FarmerSyncService.java:36)
	at com.example.farmer.FarmerSyncScheduler.run(FarmerSyncScheduler.java:58)
2026-09-24 09:48:42.069 INFO  [farmer-service,d0e56a974a704934,49308b9c] [http-nio-8080-exec-8] com.example.farmer.FarmerSyncScheduler - Sync batch 8883 queued, 63 pending records
2026-09-24 09:48:54.002 INFO  [farmer-service,741939776151e338,0d361adb] [farmer-sync-5] com.example.farmer.FarmerSyncScheduler - Sync batch 8179 queued, 398 pending records
2026-09-24 09:50:55.754 INFO  [farmer-service,6eaa6a567349e31f,e0e18854] [farmer-sync-5] com.example.common.AuditPublisher - Published 13 audit events to nightshift.audit
2026-09-24 09:51:03.513 ERROR [farmer-service,53c736432acb72fa,81a23612] [http-nio-8080-exec-3] com.example.farmer.FarmerSyncService - Sync failed for batch 8213: could not acquire a database connection
java.sql.SQLTransientConnectionException: HikariPool-1 - Connection is not available, request timed out after 30001ms (total=10, active=10, idle=0, waiting=7)
	at com.zaxxer.hikari.pool.HikariPool.createTimeoutException(HikariPool.java:696)
	at com.zaxxer.hikari.pool.HikariPool.getConnection(HikariPool.java:181)
	at com.example.farmer.FarmerSyncService.pushPending(FarmerSyncService.java:36)
	at com.example.farmer.FarmerSyncScheduler.run(FarmerSyncScheduler.java:58)
2026-09-24 09:51:44.962 INFO  [farmer-service,12ed8ac5fc130e99,e49c7c9a] [http-nio-8080-exec-3] com.example.farmer.FarmerSyncScheduler - Sync batch 8909 queued, 91 pending records
2026-09-24 09:53:12.462 DEBUG [farmer-service,2ecd8a619871057e,82b62738] [http-nio-8080-exec-1] com.example.farmer.FarmerRepository - select f.* from farmer f where f.region_id = 39
2026-09-24 09:57:43.050 INFO  [farmer-service,ccd44939fbc8ac43,b175c5c0] [http-nio-8080-exec-5] com.example.farmer.FarmerSyncScheduler - Sync batch 8963 queued, 182 pending records
2026-09-24 09:57:48.473 WARN  [farmer-service,c186c9c2bb8dfbcd,4e9d5f89] [farmer-sync-3] com.example.farmer.FarmerController - Request from 192.0.2.235 missing X-Request-Id header, generated one
2026-09-24 09:58:40.999 WARN  [farmer-service,31e4ff839eff1d50,183827e4] [http-nio-8080-exec-9] com.example.farmer.FarmerController - Request from 192.0.2.67 missing X-Request-Id header, generated one
2026-09-24 09:59:02.252 DEBUG [farmer-service,a0c4c374afa7f5c0,91b0c6e3] [farmer-sync-5] com.example.farmer.FarmerRepository - select f.* from farmer f where f.region_id = 22
2026-09-24 09:59:10.429 INFO  [farmer-service,0b7f84475e50c8c4,8e5f740d] [http-nio-8080-exec-8] com.example.farmer.FarmerController - GET /api/v1/farmers?page=16 200 in 89ms
2026-09-24 09:59:53.361 WARN  [farmer-service,32fcdc31e84f0794,4cc90871] [http-nio-8080-exec-2] com.example.farmer.FarmerController - Request from 192.0.2.39 missing X-Request-Id header, generated one
2026-09-24 09:59:59.080 WARN  [farmer-service,797570f8a9e50e91,96b111f7] [farmer-sync-7] com.example.farmer.FarmerController - Request from 192.0.2.50 missing X-Request-Id header, generated one
2026-09-24 10:00:01.219 WARN  [farmer-service,d9156a1a4ad8d47f,ff83af9e] [farmer-sync-7] com.example.farmer.FarmerController - Request from 192.0.2.163 missing X-Request-Id header, generated one
2026-09-24 10:02:28.876 INFO  [farmer-service,97a2da4c965be10b,94b361b7] [http-nio-8080-exec-6] com.example.farmer.FarmerSyncScheduler - Sync batch 8642 queued, 184 pending records
2026-09-24 10:02:49.114 INFO  [farmer-service,185c0b12d857c713,d5aa2234] [farmer-sync-9] com.example.farmer.FarmerSyncScheduler - Sync batch 8750 queued, 325 pending records
2026-09-24 10:04:27.217 INFO  [farmer-service,a116ca6d696be349,3e516ebb] [farmer-sync-4] com.example.farmer.FarmerController - GET /api/v1/farmers?page=26 200 in 106ms
2026-09-24 10:05:15.066 INFO  [farmer-service,27c6c99595dd8357,c2d73dfc] [farmer-sync-1] com.example.farmer.CardRenderJob - Rendered 80 cards in 664ms
2026-09-24 10:05:54.681 WARN  [farmer-service,678fad969e5e4fc2,74dcd40c] [http-nio-8080-exec-5] com.example.farmer.FarmerController - Request from 192.0.2.214 missing X-Request-Id header, generated one
2026-09-24 10:07:34.911 WARN  [farmer-service,472b61a9483dfea8,0c30662c] [http-nio-8080-exec-2] com.example.farmer.FarmerController - Request from 192.0.2.4 missing X-Request-Id header, generated one
2026-09-24 10:08:53.299 ERROR [farmer-service,61cd5b50f5319957,9910316b] [farmer-sync-2] com.example.farmer.FarmerSyncService - Sync failed for batch 8948: could not acquire a database connection
java.sql.SQLTransientConnectionException: HikariPool-1 - Connection is not available, request timed out after 30001ms (total=10, active=10, idle=0, waiting=7)
	at com.zaxxer.hikari.pool.HikariPool.createTimeoutException(HikariPool.java:696)
	at com.zaxxer.hikari.pool.HikariPool.getConnection(HikariPool.java:181)
	at com.example.farmer.FarmerSyncService.pushPending(FarmerSyncService.java:36)
	at com.example.farmer.FarmerSyncScheduler.run(FarmerSyncScheduler.java:58)
2026-09-24 10:09:52.742 DEBUG [farmer-service,fc7cff68f3a9d762,c7ffc740] [http-nio-8080-exec-4] com.example.farmer.FarmerRepository - select f.* from farmer f where f.region_id = 58
2026-09-24 10:11:05.269 INFO  [farmer-service,cd5a13e816adf265,5fd57a9d] [farmer-sync-2] com.example.farmer.FarmerSyncScheduler - Sync batch 8082 queued, 104 pending records
2026-09-24 10:11:27.506 INFO  [farmer-service,6f4eeb04af6e8b7d,86fd6158] [farmer-sync-3] com.example.farmer.FarmerSyncScheduler - Sync batch 8198 queued, 394 pending records
2026-09-24 10:11:34.013 DEBUG [farmer-service,75a5da0680c87992,f03b3c14] [farmer-sync-6] com.example.farmer.FarmerRepository - select f.* from farmer f where f.region_id = 57
2026-09-24 10:12:33.002 INFO  [farmer-service,d1350fdd8373f69e,e21bdebf] [farmer-sync-1] com.example.common.AuditPublisher - Published 13 audit events to nightshift.audit
2026-09-24 10:12:39.468 DEBUG [farmer-service,a2183520cecb96a5,4daafe15] [http-nio-8080-exec-1] com.example.farmer.FarmerRepository - select f.* from farmer f where f.region_id = 23
2026-09-24 10:13:10.763 INFO  [farmer-service,5e9a78034546af19,f6bf9686] [http-nio-8080-exec-1] com.example.common.AuditPublisher - Published 3 audit events to nightshift.audit
2026-09-24 10:13:18.431 WARN  [farmer-service,b41653c08ea8d66c,2af15572] [farmer-sync-6] com.example.farmer.FarmerProfileService - Concurrent update on farmer 9028, retry 2 of 3
com.example.farmer.FarmerProfileService$OptimisticLockException: Row was updated by another transaction (farmer id=2155)
	at com.example.farmer.FarmerProfileService.rename(FarmerProfileService.java:27)
	at com.example.farmer.FarmerController.rename(FarmerController.java:96)
2026-09-24 10:15:22.073 WARN  [farmer-service,63667be720b4b3fc,9c6a0a24] [farmer-sync-8] com.example.farmer.FarmerController - Request from 192.0.2.33 missing X-Request-Id header, generated one
2026-09-24 10:17:07.148 INFO  [farmer-service,d1a4ed3e6a76b17d,0970205a] [farmer-sync-1] com.example.common.AuditPublisher - Published 16 audit events to nightshift.audit
2026-09-24 10:19:08.271 DEBUG [farmer-service,89763a97d5e4fa94,560b1b18] [http-nio-8080-exec-3] com.example.farmer.FarmerRepository - select f.* from farmer f where f.region_id = 64
2026-09-24 10:21:08.366 DEBUG [farmer-service,0fa9587ea43cb508,ed8c7dd6] [http-nio-8080-exec-4] com.example.farmer.FarmerRepository - select f.* from farmer f where f.region_id = 46
2026-09-24 10:21:18.051 ERROR [farmer-service,898a324afcb7d6ea,60e23e08] [farmer-sync-1] com.example.farmer.FarmerSyncService - Sync failed for batch 8728: could not acquire a database connection
java.sql.SQLTransientConnectionException: HikariPool-1 - Connection is not available, request timed out after 30001ms (total=10, active=10, idle=0, waiting=7)
	at com.zaxxer.hikari.pool.HikariPool.createTimeoutException(HikariPool.java:696)
	at com.zaxxer.hikari.pool.HikariPool.getConnection(HikariPool.java:181)
	at com.example.farmer.FarmerSyncService.pushPending(FarmerSyncService.java:36)
	at com.example.farmer.FarmerSyncScheduler.run(FarmerSyncScheduler.java:58)
2026-09-24 10:22:20.426 INFO  [farmer-service,56bab69fdebd98bc,3185f09d] [farmer-sync-4] com.example.farmer.CardRenderJob - Rendered 5 cards in 2262ms
2026-09-24 10:22:58.612 INFO  [farmer-service,db4b7c30b14d0d4e,7621e016] [http-nio-8080-exec-4] com.example.common.AuditPublisher - Published 9 audit events to nightshift.audit
2026-09-24 10:23:23.449 WARN  [farmer-service,9644e9c41f15bdd0,905976f2] [http-nio-8080-exec-6] com.example.farmer.FarmerController - Request from 192.0.2.108 missing X-Request-Id header, generated one
2026-09-24 10:23:30.762 INFO  [farmer-service,bb26c1341277d5f3,1c9d0422] [farmer-sync-4] com.example.common.AuditPublisher - Published 23 audit events to nightshift.audit
2026-09-24 10:23:32.935 INFO  [farmer-service,83a7d9122ef9333a,cc02a8d1] [farmer-sync-4] com.example.common.AuditPublisher - Published 19 audit events to nightshift.audit
2026-09-24 10:26:13.904 INFO  [farmer-service,b4372ed10ecce297,c6741c63] [farmer-sync-7] com.example.common.AuditPublisher - Published 7 audit events to nightshift.audit
2026-09-24 10:26:24.063 INFO  [farmer-service,cdf54ff6e5fd5f3d,e95f2bdf] [http-nio-8080-exec-4] com.example.farmer.FarmerSyncScheduler - Sync batch 8940 queued, 350 pending records
2026-09-24 10:27:51.094 INFO  [farmer-service,f0d3d2e5451c606f,c652d6d7] [http-nio-8080-exec-9] com.example.common.AuditPublisher - Published 17 audit events to nightshift.audit
2026-09-24 10:27:59.201 INFO  [farmer-service,51cb758aec3f3243,e6e891e7] [farmer-sync-2] com.example.farmer.FarmerSyncScheduler - Sync batch 8026 queued, 354 pending records
2026-09-24 10:28:26.977 INFO  [farmer-service,2a354af18ac93479,5dc19b3b] [http-nio-8080-exec-8] com.example.farmer.CardRenderJob - Rendered 22 cards in 1695ms
2026-09-24 10:29:26.880 INFO  [farmer-service,df5869e7b0b37294,bc0727e6] [farmer-sync-7] com.example.farmer.FarmerController - GET /api/v1/farmers?page=19 200 in 46ms
2026-09-24 10:31:37.317 INFO  [farmer-service,3ed9e25300af789c,80b3f2b1] [http-nio-8080-exec-2] com.example.farmer.FarmerSyncScheduler - Sync batch 8742 queued, 285 pending records
2026-09-24 10:32:22.283 INFO  [farmer-service,3721b61a1186056e,a80dd355] [farmer-sync-4] com.example.common.AuditPublisher - Published 23 audit events to nightshift.audit
2026-09-24 10:33:35.865 INFO  [farmer-service,8d430563b69a2d25,c33005b6] [farmer-sync-6] com.example.farmer.FarmerController - GET /api/v1/farmers?page=19 200 in 122ms
2026-09-24 10:35:06.785 WARN  [farmer-service,9e9140642fe246df,cd8cceff] [http-nio-8080-exec-6] com.example.farmer.FarmerController - Request from 192.0.2.146 missing X-Request-Id header, generated one
2026-09-24 10:35:35.577 WARN  [farmer-service,935a2ab973fb8848,0efb8c9c] [farmer-sync-8] com.example.farmer.FarmerController - Request from 192.0.2.114 missing X-Request-Id header, generated one
2026-09-24 10:35:59.591 INFO  [farmer-service,776ac649fabe48af,ee14a09c] [http-nio-8080-exec-3] com.example.farmer.FarmerSyncScheduler - Sync batch 8545 queued, 207 pending records
2026-09-24 10:36:41.299 WARN  [farmer-service,200e526f6912aba3,c9fe4af9] [http-nio-8080-exec-3] com.example.farmer.FarmerController - Request from 192.0.2.216 missing X-Request-Id header, generated one
2026-09-24 10:37:01.269 ERROR [farmer-service,e8aea52d744a59b0,14fecc4c] [http-nio-8080-exec-9] com.example.farmer.FarmerSyncService - Sync failed for batch 8370: could not acquire a database connection
java.sql.SQLTransientConnectionException: HikariPool-1 - Connection is not available, request timed out after 30001ms (total=10, active=10, idle=0, waiting=7)
	at com.zaxxer.hikari.pool.HikariPool.createTimeoutException(HikariPool.java:696)
	at com.zaxxer.hikari.pool.HikariPool.getConnection(HikariPool.java:181)
	at com.example.farmer.FarmerSyncService.pushPending(FarmerSyncService.java:36)
	at com.example.farmer.FarmerSyncScheduler.run(FarmerSyncScheduler.java:58)
2026-09-24 10:38:00.944 DEBUG [farmer-service,388f94cb8d73c287,ff90aaf9] [http-nio-8080-exec-4] com.example.farmer.FarmerRepository - select f.* from farmer f where f.region_id = 22
2026-09-24 10:38:41.804 INFO  [farmer-service,5676e0aa8859892c,36f0bb46] [http-nio-8080-exec-8] com.example.common.AuditPublisher - Published 12 audit events to nightshift.audit
2026-09-24 10:38:43.954 WARN  [farmer-service,416c3c79b87e71dc,1c9bb8db] [farmer-sync-5] com.example.farmer.FarmerController - Request from 192.0.2.150 missing X-Request-Id header, generated one
2026-09-24 10:38:57.993 INFO  [farmer-service,d6d5924c77121e15,b58092f3] [farmer-sync-2] com.example.common.AuditPublisher - Published 28 audit events to nightshift.audit
2026-09-24 10:39:59.998 INFO  [farmer-service,b409072f93207881,bb8bda90] [http-nio-8080-exec-7] com.example.farmer.CardRenderJob - Rendered 25 cards in 1961ms
2026-09-24 10:40:07.269 INFO  [farmer-service,743067e71c8d5467,bb1118b4] [http-nio-8080-exec-3] com.example.common.AuditPublisher - Published 22 audit events to nightshift.audit
2026-09-24 10:42:19.064 INFO  [farmer-service,e5c92ef20b7c4f0f,7ffaa6f2] [farmer-sync-5] com.example.farmer.CardRenderJob - Rendered 80 cards in 1421ms
2026-09-24 10:42:33.706 WARN  [farmer-service,e0d7735588330681,e4374808] [farmer-sync-7] com.example.farmer.FarmerController - Request from 192.0.2.200 missing X-Request-Id header, generated one
2026-09-24 10:43:13.519 DEBUG [farmer-service,5d8149eea26a6710,622f3007] [farmer-sync-7] com.example.farmer.FarmerRepository - select f.* from farmer f where f.region_id = 37
2026-09-24 10:44:25.247 DEBUG [farmer-service,a5c7ef3742dc2970,df9e58b2] [http-nio-8080-exec-2] com.example.farmer.FarmerRepository - select f.* from farmer f where f.region_id = 55
2026-09-24 10:46:09.696 DEBUG [farmer-service,54c00300d2998d48,5eba5134] [farmer-sync-3] com.example.farmer.FarmerRepository - select f.* from farmer f where f.region_id = 62
2026-09-24 10:46:10.460 ERROR [farmer-service,bd13c524162ac648,e52f669b] [http-nio-8080-exec-5] com.example.farmer.FarmerSyncService - Sync failed for batch 8752: could not acquire a database connection
java.sql.SQLTransientConnectionException: HikariPool-1 - Connection is not available, request timed out after 30001ms (total=10, active=10, idle=0, waiting=7)
	at com.zaxxer.hikari.pool.HikariPool.createTimeoutException(HikariPool.java:696)
	at com.zaxxer.hikari.pool.HikariPool.getConnection(HikariPool.java:181)
	at com.example.farmer.FarmerSyncService.pushPending(FarmerSyncService.java:36)
	at com.example.farmer.FarmerSyncScheduler.run(FarmerSyncScheduler.java:58)
2026-09-24 10:46:54.728 ERROR [farmer-service,3d449f4ce04db01e,a34256ec] [http-nio-8080-exec-3] com.example.farmer.FarmerSyncService - Sync failed for batch 8177: could not acquire a database connection
java.sql.SQLTransientConnectionException: HikariPool-1 - Connection is not available, request timed out after 30001ms (total=10, active=10, idle=0, waiting=7)
	at com.zaxxer.hikari.pool.HikariPool.createTimeoutException(HikariPool.java:696)
	at com.zaxxer.hikari.pool.HikariPool.getConnection(HikariPool.java:181)
	at com.example.farmer.FarmerSyncService.pushPending(FarmerSyncService.java:36)
	at com.example.farmer.FarmerSyncScheduler.run(FarmerSyncScheduler.java:58)
2026-09-24 10:47:18.306 INFO  [farmer-service,6be774ec195e8ad6,236aab63] [http-nio-8080-exec-2] com.example.farmer.FarmerController - GET /api/v1/farmers?page=31 200 in 131ms
2026-09-24 10:47:36.490 DEBUG [farmer-service,b2bf491bee5ed97f,2d1c2cb8] [http-nio-8080-exec-2] com.example.farmer.FarmerRepository - select f.* from farmer f where f.region_id = 60
2026-09-24 10:47:38.045 DEBUG [farmer-service,17c4288123d3ecee,d2c82264] [farmer-sync-9] com.example.farmer.FarmerRepository - select f.* from farmer f where f.region_id = 62
2026-09-24 10:48:17.574 INFO  [farmer-service,bd741ababb6d9424,e7cdf295] [farmer-sync-9] com.example.farmer.CardRenderJob - Rendered 38 cards in 2196ms
2026-09-24 10:48:26.556 INFO  [farmer-service,106c426b807d015e,4d80818b] [farmer-sync-3] com.example.common.AuditPublisher - Published 21 audit events to nightshift.audit
2026-09-24 10:49:31.217 INFO  [farmer-service,f898ab11059b8911,db379e76] [farmer-sync-9] com.example.common.AuditPublisher - Published 14 audit events to nightshift.audit
2026-09-24 10:49:34.515 INFO  [farmer-service,a1e187925ad8a2bf,2fd26ce7] [http-nio-8080-exec-6] com.example.farmer.FarmerController - GET /api/v1/farmers?page=13 200 in 71ms
2026-09-24 10:49:59.822 DEBUG [farmer-service,1efdfe02c04351e6,cfcf0f63] [farmer-sync-5] com.example.farmer.FarmerRepository - select f.* from farmer f where f.region_id = 3
2026-09-24 10:50:59.246 ERROR [farmer-service,d51444739ad4081d,5dcda51f] [http-nio-8080-exec-5] com.example.farmer.FarmerSyncService - Sync failed for batch 8869: could not acquire a database connection
java.sql.SQLTransientConnectionException: HikariPool-1 - Connection is not available, request timed out after 30001ms (total=10, active=10, idle=0, waiting=7)
	at com.zaxxer.hikari.pool.HikariPool.createTimeoutException(HikariPool.java:696)
	at com.zaxxer.hikari.pool.HikariPool.getConnection(HikariPool.java:181)
	at com.example.farmer.FarmerSyncService.pushPending(FarmerSyncService.java:36)
	at com.example.farmer.FarmerSyncScheduler.run(FarmerSyncScheduler.java:58)
2026-09-24 10:52:18.405 INFO  [farmer-service,ed11b0e6fbb0f056,b3cdb375] [farmer-sync-1] com.example.farmer.FarmerSyncScheduler - Sync batch 8383 queued, 346 pending records
2026-09-24 10:53:10.956 INFO  [farmer-service,7239dbb7feb805ac,3813a5cb] [http-nio-8080-exec-1] com.example.farmer.FarmerSyncScheduler - Sync batch 8755 queued, 179 pending records
2026-09-24 10:53:53.228 INFO  [farmer-service,6ec93a833d6cfff9,d6b55141] [farmer-sync-5] com.example.farmer.CardRenderJob - Rendered 33 cards in 585ms
2026-09-24 10:53:58.193 INFO  [farmer-service,0011d14ec9a21a1e,170500b0] [http-nio-8080-exec-7] com.example.farmer.CardRenderJob - Rendered 77 cards in 972ms
2026-09-24 10:54:12.101 DEBUG [farmer-service,9ad338043dcba524,ee34f40f] [http-nio-8080-exec-8] com.example.farmer.FarmerRepository - select f.* from farmer f where f.region_id = 12
2026-09-24 10:54:27.984 INFO  [farmer-service,e8ed3498906a790d,6d74dcab] [http-nio-8080-exec-1] com.example.farmer.CardRenderJob - Rendered 30 cards in 833ms
2026-09-24 10:55:18.884 INFO  [farmer-service,5464600c3e68d51a,cd55cf32] [http-nio-8080-exec-3] com.example.common.AuditPublisher - Published 10 audit events to nightshift.audit
2026-09-24 10:55:56.486 INFO  [farmer-service,a3671c0d3a1e2f0b,aa953cb9] [farmer-sync-6] com.example.common.AuditPublisher - Published 6 audit events to nightshift.audit
2026-09-24 10:56:57.860 WARN  [farmer-service,a65dbd7b9ddeccb8,78c2b902] [http-nio-8080-exec-8] com.example.farmer.FarmerController - Request from 192.0.2.178 missing X-Request-Id header, generated one
2026-09-24 10:59:21.305 INFO  [farmer-service,7aeb72fc55ca469c,25f9a288] [http-nio-8080-exec-9] com.example.farmer.FarmerSyncScheduler - Sync batch 8556 queued, 35 pending records
2026-09-24 10:59:45.297 WARN  [farmer-service,8b7e7cb3fcd05445,210c79ee] [farmer-sync-7] com.example.farmer.FarmerController - Request from 192.0.2.230 missing X-Request-Id header, generated one
2026-09-24 10:59:54.191 INFO  [farmer-service,3632dba0272f5fd5,d924e4e6] [http-nio-8080-exec-8] com.example.farmer.FarmerSyncScheduler - Sync batch 8316 queued, 367 pending records
2026-09-24 11:00:22.316 INFO  [farmer-service,8c73d4a1598bb0b9,df18daa6] [farmer-sync-7] com.example.farmer.CardRenderJob - Rendered 74 cards in 1374ms
2026-09-24 11:00:26.914 INFO  [farmer-service,2138cfc72684890c,fdd9b7ef] [farmer-sync-8] com.example.farmer.FarmerController - GET /api/v1/farmers?page=11 200 in 83ms
2026-09-24 11:00:50.551 INFO  [farmer-service,3b60576cb944dc12,236cbe4c] [farmer-sync-8] com.example.farmer.CardRenderJob - Rendered 86 cards in 722ms
2026-09-24 11:01:37.544 INFO  [farmer-service,d10639d5da1f4769,af3dcdb1] [http-nio-8080-exec-3] com.example.farmer.CardRenderJob - Rendered 79 cards in 1834ms
2026-09-24 11:01:51.461 INFO  [farmer-service,e7b1a0a3bb14a322,0a2c3747] [farmer-sync-3] com.example.farmer.CardRenderJob - Rendered 24 cards in 357ms
2026-09-24 11:02:02.671 INFO  [farmer-service,253af6ccd3a1f5f5,ed396302] [farmer-sync-6] com.example.farmer.FarmerSyncScheduler - Sync batch 8549 queued, 84 pending records
2026-09-24 11:03:11.259 INFO  [farmer-service,294156299ea84136,dae86173] [http-nio-8080-exec-6] com.example.common.AuditPublisher - Published 8 audit events to nightshift.audit
2026-09-24 11:03:20.145 INFO  [farmer-service,a6a00b087f6fd245,99cadeb9] [http-nio-8080-exec-4] com.example.farmer.FarmerController - GET /api/v1/farmers?page=29 200 in 61ms
2026-09-24 11:04:32.231 ERROR [farmer-service,27c8bf690cef425d,32a691ee] [farmer-sync-9] com.example.farmer.FarmerSyncService - Sync failed for batch 8095: could not acquire a database connection
java.sql.SQLTransientConnectionException: HikariPool-1 - Connection is not available, request timed out after 30001ms (total=10, active=10, idle=0, waiting=7)
	at com.zaxxer.hikari.pool.HikariPool.createTimeoutException(HikariPool.java:696)
	at com.zaxxer.hikari.pool.HikariPool.getConnection(HikariPool.java:181)
	at com.example.farmer.FarmerSyncService.pushPending(FarmerSyncService.java:36)
	at com.example.farmer.FarmerSyncScheduler.run(FarmerSyncScheduler.java:58)
2026-09-24 11:05:45.011 INFO  [farmer-service,f837e3d30704988b,19a880e0] [farmer-sync-8] com.example.farmer.CardRenderJob - Rendered 16 cards in 2374ms
2026-09-24 11:06:26.889 INFO  [farmer-service,975e97687c85c166,d11f3774] [farmer-sync-3] com.example.farmer.FarmerController - GET /api/v1/farmers?page=28 200 in 12ms
2026-09-24 11:08:00.699 INFO  [farmer-service,189c7f0ba9b76dad,65264faf] [http-nio-8080-exec-9] com.example.common.AuditPublisher - Published 27 audit events to nightshift.audit
2026-09-24 11:08:35.850 INFO  [farmer-service,974805f70d881d49,bfc33a11] [farmer-sync-3] com.example.farmer.FarmerSyncScheduler - Sync batch 8017 queued, 259 pending records
2026-09-24 11:09:00.077 WARN  [farmer-service,8c2e5c68af364a94,3936fcb2] [farmer-sync-4] com.example.farmer.FarmerController - Request from 192.0.2.30 missing X-Request-Id header, generated one
2026-09-24 11:10:42.657 INFO  [farmer-service,de2c5b9eef4ebc44,9b2a2db3] [http-nio-8080-exec-3] com.example.farmer.FarmerController - GET /api/v1/farmers?page=2 200 in 78ms
2026-09-24 11:12:00.186 INFO  [farmer-service,dab8c30080c269ea,c398c812] [http-nio-8080-exec-9] com.example.common.AuditPublisher - Published 11 audit events to nightshift.audit
2026-09-24 11:12:22.472 INFO  [farmer-service,df6a66f5336fef54,23b31be4] [farmer-sync-8] com.example.farmer.CardRenderJob - Rendered 24 cards in 2052ms
2026-09-24 11:12:47.811 INFO  [farmer-service,a44de0435d09d066,f8ba2dc0] [http-nio-8080-exec-2] com.example.common.AuditPublisher - Published 9 audit events to nightshift.audit
2026-09-24 11:12:59.485 WARN  [farmer-service,87e3befba178f5c3,ecf021c5] [farmer-sync-9] com.example.farmer.FarmerProfileService - Concurrent update on farmer 4213, retry 2 of 3
com.example.farmer.FarmerProfileService$OptimisticLockException: Row was updated by another transaction (farmer id=9687)
	at com.example.farmer.FarmerProfileService.rename(FarmerProfileService.java:27)
	at com.example.farmer.FarmerController.rename(FarmerController.java:96)
2026-09-24 11:14:48.332 WARN  [farmer-service,e2630be9fc213ab2,4c3bc29c] [farmer-sync-9] com.example.farmer.FarmerController - Request from 192.0.2.107 missing X-Request-Id header, generated one
2026-09-24 11:15:12.697 DEBUG [farmer-service,12d374a2dd1cbfe9,42a021a2] [http-nio-8080-exec-2] com.example.farmer.FarmerRepository - select f.* from farmer f where f.region_id = 51
2026-09-24 11:15:40.078 INFO  [farmer-service,4290c3d2025e3885,6995536e] [farmer-sync-7] com.example.farmer.CardRenderJob - Rendered 23 cards in 377ms
2026-09-24 11:17:14.810 ERROR [farmer-service,e8b9936b3a1e35cf,5d13c8cc] [farmer-sync-6] com.example.farmer.FarmerSyncService - Sync failed for batch 8941: could not acquire a database connection
java.sql.SQLTransientConnectionException: HikariPool-1 - Connection is not available, request timed out after 30001ms (total=10, active=10, idle=0, waiting=7)
	at com.zaxxer.hikari.pool.HikariPool.createTimeoutException(HikariPool.java:696)
	at com.zaxxer.hikari.pool.HikariPool.getConnection(HikariPool.java:181)
	at com.example.farmer.FarmerSyncService.pushPending(FarmerSyncService.java:36)
	at com.example.farmer.FarmerSyncScheduler.run(FarmerSyncScheduler.java:58)
2026-09-24 11:17:48.927 INFO  [farmer-service,c1181c4ea4b014a4,5fe8148d] [farmer-sync-5] com.example.farmer.CardRenderJob - Rendered 29 cards in 1067ms
2026-09-24 11:18:11.700 DEBUG [farmer-service,f9fdd93e4573a5c1,821217cf] [http-nio-8080-exec-1] com.example.farmer.FarmerRepository - select f.* from farmer f where f.region_id = 33
2026-09-24 11:18:21.255 INFO  [farmer-service,dbfbc82d3c4c4972,d556cd92] [farmer-sync-5] com.example.farmer.FarmerController - GET /api/v1/farmers?page=28 200 in 36ms
2026-09-24 11:18:21.709 INFO  [farmer-service,3a8715cdd3bc9cf7,b1e7c1bc] [farmer-sync-2] com.example.farmer.CardRenderJob - Rendered 48 cards in 312ms
2026-09-24 11:18:43.577 INFO  [farmer-service,4f4a62a77c26ac01,70d1decf] [http-nio-8080-exec-7] com.example.farmer.FarmerController - GET /api/v1/farmers?page=20 200 in 21ms
2026-09-24 11:18:54.401 INFO  [farmer-service,faddf2ab8cc3da0c,0dd15870] [http-nio-8080-exec-4] com.example.farmer.FarmerController - GET /api/v1/farmers?page=24 200 in 110ms
2026-09-24 11:19:23.266 DEBUG [farmer-service,29545a828d2c8952,a6053cca] [http-nio-8080-exec-9] com.example.farmer.FarmerRepository - select f.* from farmer f where f.region_id = 10
2026-09-24 11:19:30.370 INFO  [farmer-service,a59198b3752450c4,09e0b301] [http-nio-8080-exec-6] com.example.farmer.FarmerSyncScheduler - Sync batch 8019 queued, 361 pending records
2026-09-24 11:21:05.072 DEBUG [farmer-service,5af9b742ee6a875c,0ed6ab76] [farmer-sync-4] com.example.farmer.FarmerRepository - select f.* from farmer f where f.region_id = 18
2026-09-24 11:21:37.665 INFO  [farmer-service,fa0f19182aad4214,f0c86af5] [farmer-sync-8] com.example.farmer.CardRenderJob - Rendered 27 cards in 517ms
2026-09-24 11:22:20.135 INFO  [farmer-service,1a02ad697231c086,3b020418] [http-nio-8080-exec-3] com.example.farmer.FarmerSyncScheduler - Sync batch 8206 queued, 166 pending records
2026-09-24 11:22:58.911 INFO  [farmer-service,ec9702f5c69520c9,e2f68d18] [farmer-sync-9] com.example.farmer.FarmerSyncScheduler - Sync batch 8626 queued, 326 pending records
2026-09-24 11:23:28.602 INFO  [farmer-service,c0accb33df8f4667,577a7150] [http-nio-8080-exec-3] com.example.farmer.FarmerController - GET /api/v1/farmers?page=22 200 in 35ms
2026-09-24 11:25:06.235 INFO  [farmer-service,e222fc0c9c854ac5,6319323d] [farmer-sync-1] com.example.farmer.FarmerController - GET /api/v1/farmers?page=32 200 in 92ms
2026-09-24 11:25:39.705 WARN  [farmer-service,f322f5db88226fa4,4b3e59e3] [http-nio-8080-exec-3] com.example.farmer.FarmerController - Request from 192.0.2.249 missing X-Request-Id header, generated one
2026-09-24 11:25:50.028 INFO  [farmer-service,077a98ecc345d2e9,e2c4d63d] [farmer-sync-7] com.example.farmer.CardRenderJob - Rendered 56 cards in 1477ms
2026-09-24 11:26:27.048 INFO  [farmer-service,dd881d873571d1b5,0133ec98] [farmer-sync-5] com.example.common.AuditPublisher - Published 18 audit events to nightshift.audit
2026-09-24 11:26:33.889 INFO  [farmer-service,25202276e61035db,78f7dc58] [http-nio-8080-exec-2] com.example.common.AuditPublisher - Published 21 audit events to nightshift.audit
2026-09-24 11:28:18.780 WARN  [farmer-service,0ea87d395ab63100,105b0717] [farmer-sync-4] com.example.farmer.FarmerController - Request from 192.0.2.74 missing X-Request-Id header, generated one
2026-09-24 11:28:45.308 INFO  [farmer-service,30c9e6fc60d8c75f,6b887b34] [farmer-sync-8] com.example.farmer.CardRenderJob - Rendered 49 cards in 1002ms
2026-09-24 11:29:39.003 INFO  [farmer-service,503dbba17784ce5d,970e4c8b] [farmer-sync-3] com.example.farmer.FarmerController - GET /api/v1/farmers?page=28 200 in 104ms
2026-09-24 11:29:40.594 INFO  [farmer-service,43a7d951a3385503,f6419f5c] [http-nio-8080-exec-8] com.example.common.AuditPublisher - Published 2 audit events to nightshift.audit
2026-09-24 11:29:52.710 DEBUG [farmer-service,5d05823a1061dd37,7be1026d] [http-nio-8080-exec-7] com.example.farmer.FarmerRepository - select f.* from farmer f where f.region_id = 62
2026-09-24 11:31:30.672 DEBUG [farmer-service,429c1fc7e2564c55,37d406f2] [http-nio-8080-exec-3] com.example.farmer.FarmerRepository - select f.* from farmer f where f.region_id = 9
2026-09-24 11:31:58.079 INFO  [farmer-service,479f0834a3286dae,af18f762] [http-nio-8080-exec-4] com.example.common.AuditPublisher - Published 30 audit events to nightshift.audit
2026-09-24 11:33:19.078 INFO  [farmer-service,63e47b2079a7df76,c3b5ee1b] [http-nio-8080-exec-2] com.example.farmer.CardRenderJob - Rendered 90 cards in 2130ms
2026-09-24 11:33:27.170 DEBUG [farmer-service,2229e3abf9d98aca,e6e16389] [farmer-sync-7] com.example.farmer.FarmerRepository - select f.* from farmer f where f.region_id = 58
2026-09-24 11:33:40.303 INFO  [farmer-service,0105d830fb00db0d,33ad8ada] [http-nio-8080-exec-2] com.example.farmer.FarmerSyncScheduler - Sync batch 8890 queued, 274 pending records
2026-09-24 11:34:25.409 INFO  [farmer-service,7bb1172f1090015f,801c4d43] [farmer-sync-6] com.example.farmer.CardRenderJob - Rendered 11 cards in 241ms
2026-09-24 11:34:57.075 WARN  [farmer-service,1aab7ce4565120a1,b7ab8907] [http-nio-8080-exec-9] com.example.farmer.FarmerController - Request from 192.0.2.192 missing X-Request-Id header, generated one
2026-09-24 11:34:57.584 WARN  [farmer-service,328548cdfeddc9b9,5befbe47] [http-nio-8080-exec-7] com.example.farmer.FarmerController - Request from 192.0.2.102 missing X-Request-Id header, generated one
2026-09-24 11:37:07.837 ERROR [farmer-service,85b6dded33b0b35e,f0f5a035] [http-nio-8080-exec-4] com.example.farmer.FarmerSyncService - Sync failed for batch 8028: could not acquire a database connection
java.sql.SQLTransientConnectionException: HikariPool-1 - Connection is not available, request timed out after 30001ms (total=10, active=10, idle=0, waiting=7)
	at com.zaxxer.hikari.pool.HikariPool.createTimeoutException(HikariPool.java:696)
	at com.zaxxer.hikari.pool.HikariPool.getConnection(HikariPool.java:181)
	at com.example.farmer.FarmerSyncService.pushPending(FarmerSyncService.java:36)
	at com.example.farmer.FarmerSyncScheduler.run(FarmerSyncScheduler.java:58)
2026-09-24 11:37:30.986 INFO  [farmer-service,0a7a984084c01678,6a7364b6] [http-nio-8080-exec-2] com.example.farmer.FarmerController - GET /api/v1/farmers?page=10 200 in 59ms
2026-09-24 11:39:11.102 WARN  [farmer-service,8c30b4780a76c07f,bbed4afa] [farmer-sync-3] com.example.farmer.FarmerProfileService - Concurrent update on farmer 5486, retry 2 of 3
com.example.farmer.FarmerProfileService$OptimisticLockException: Row was updated by another transaction (farmer id=8286)
	at com.example.farmer.FarmerProfileService.rename(FarmerProfileService.java:27)
	at com.example.farmer.FarmerController.rename(FarmerController.java:96)
2026-09-24 11:40:31.742 ERROR [farmer-service,a4d2c926edd16bbe,24d9397f] [farmer-sync-3] com.example.farmer.FarmerSyncService - Sync failed for batch 8649: could not acquire a database connection
java.sql.SQLTransientConnectionException: HikariPool-1 - Connection is not available, request timed out after 30001ms (total=10, active=10, idle=0, waiting=7)
	at com.zaxxer.hikari.pool.HikariPool.createTimeoutException(HikariPool.java:696)
	at com.zaxxer.hikari.pool.HikariPool.getConnection(HikariPool.java:181)
	at com.example.farmer.FarmerSyncService.pushPending(FarmerSyncService.java:36)
	at com.example.farmer.FarmerSyncScheduler.run(FarmerSyncScheduler.java:58)
2026-09-24 11:40:44.676 INFO  [farmer-service,7be32e02df556814,5497b913] [http-nio-8080-exec-9] com.example.farmer.FarmerSyncScheduler - Sync batch 8249 queued, 195 pending records
2026-09-24 11:42:14.832 WARN  [farmer-service,de9ab060cf92147c,705eb6f7] [farmer-sync-7] com.example.farmer.FarmerController - Request from 192.0.2.74 missing X-Request-Id header, generated one
2026-09-24 11:42:42.444 INFO  [farmer-service,8cf9ecd24ef37920,5eab6e62] [http-nio-8080-exec-2] com.example.farmer.FarmerSyncScheduler - Sync batch 8642 queued, 165 pending records
2026-09-24 11:43:29.952 DEBUG [farmer-service,206491f7eb3565d6,9e3c17a1] [http-nio-8080-exec-9] com.example.farmer.FarmerRepository - select f.* from farmer f where f.region_id = 25
2026-09-24 11:46:35.578 INFO  [farmer-service,d17f15a8fb59f1b0,67bfaa94] [farmer-sync-9] com.example.farmer.CardRenderJob - Rendered 27 cards in 2298ms
2026-09-24 11:46:59.022 WARN  [farmer-service,77534079f1893d3e,7d98d4f1] [farmer-sync-6] com.example.farmer.FarmerController - Request from 192.0.2.163 missing X-Request-Id header, generated one
2026-09-24 11:50:07.239 INFO  [farmer-service,bab65743efec9d2c,246f5711] [farmer-sync-3] com.example.common.AuditPublisher - Published 15 audit events to nightshift.audit
2026-09-24 11:50:42.004 INFO  [farmer-service,097ee832cd7e8b7c,304d82d5] [http-nio-8080-exec-5] com.example.farmer.FarmerSyncScheduler - Sync batch 8362 queued, 105 pending records
2026-09-24 11:51:50.289 WARN  [farmer-service,3a74689c1705e8a2,6c8d0a47] [farmer-sync-1] com.example.farmer.FarmerController - Request from 192.0.2.221 missing X-Request-Id header, generated one
2026-09-24 11:52:06.459 INFO  [farmer-service,9e05a6d38c5f629f,7f2dc097] [http-nio-8080-exec-3] com.example.farmer.FarmerSyncScheduler - Sync batch 8967 queued, 68 pending records
2026-09-24 11:53:48.699 INFO  [farmer-service,1584a5e33e79d3ca,0907e9ca] [farmer-sync-3] com.example.farmer.CardRenderJob - Rendered 80 cards in 1211ms
2026-09-24 11:54:37.192 WARN  [farmer-service,911c89211fabd007,b9f69cb5] [http-nio-8080-exec-3] com.example.farmer.FarmerController - Request from 192.0.2.131 missing X-Request-Id header, generated one
2026-09-24 11:55:24.726 INFO  [farmer-service,0022c201cd510b6b,fcde1d95] [http-nio-8080-exec-4] com.example.common.AuditPublisher - Published 18 audit events to nightshift.audit
2026-09-24 11:56:02.381 ERROR [farmer-service,ed5bacb7af63ecb5,a42e36fc] [farmer-sync-2] com.example.farmer.FarmerSyncService - Sync failed for batch 8995: could not acquire a database connection
java.sql.SQLTransientConnectionException: HikariPool-1 - Connection is not available, request timed out after 30001ms (total=10, active=10, idle=0, waiting=7)
	at com.zaxxer.hikari.pool.HikariPool.createTimeoutException(HikariPool.java:696)
	at com.zaxxer.hikari.pool.HikariPool.getConnection(HikariPool.java:181)
	at com.example.farmer.FarmerSyncService.pushPending(FarmerSyncService.java:36)
	at com.example.farmer.FarmerSyncScheduler.run(FarmerSyncScheduler.java:58)
2026-09-24 11:59:05.460 INFO  [farmer-service,82767dd3ce685736,d0322e67] [http-nio-8080-exec-9] com.example.farmer.FarmerSyncScheduler - Sync batch 8580 queued, 69 pending records
2026-09-24 11:59:25.674 WARN  [farmer-service,87a5e996d0aee4fe,6eabe083] [http-nio-8080-exec-6] com.example.farmer.FarmerController - Request from 192.0.2.107 missing X-Request-Id header, generated one
2026-09-24 11:59:43.306 ERROR [farmer-service,01f4860140e12ef5,484a3a7e] [farmer-sync-8] com.example.farmer.CardRenderJob - Failed to render card label for farmer 17622
java.lang.NullPointerException: Cannot invoke "String.charAt(int)" because "middleName" is null
	at com.example.common.NameFormatter.initials(NameFormatter.java:22)
	at com.example.farmer.FarmerSyncService.cardLabel(FarmerSyncService.java:53)
	at com.example.farmer.CardRenderJob.render(CardRenderJob.java:74)
	at java.base/java.util.concurrent.ThreadPoolExecutor.runWorker(ThreadPoolExecutor.java:1144)
	at java.base/java.lang.Thread.run(Thread.java:1583)
2026-09-24 12:01:07.434 INFO  [farmer-service,6fac805a3299e401,13b72e7d] [http-nio-8080-exec-8] com.example.farmer.CardRenderJob - Rendered 37 cards in 897ms
2026-09-24 12:02:11.728 INFO  [farmer-service,571eebd9ec67c68a,8e2b6125] [farmer-sync-2] com.example.farmer.FarmerSyncScheduler - Sync batch 8576 queued, 321 pending records
2026-09-24 12:02:12.745 INFO  [farmer-service,cad43a75d610678e,5feb5aae] [http-nio-8080-exec-6] com.example.common.AuditPublisher - Published 14 audit events to nightshift.audit
2026-09-24 12:03:52.954 DEBUG [farmer-service,f6fd7964fb4ab1d3,7f5a458b] [farmer-sync-9] com.example.farmer.FarmerRepository - select f.* from farmer f where f.region_id = 1
2026-09-24 12:05:09.197 INFO  [farmer-service,2862b5dbf49c22af,bb9f2159] [http-nio-8080-exec-2] com.example.farmer.CardRenderJob - Rendered 12 cards in 1232ms
2026-09-24 12:06:16.051 INFO  [farmer-service,f5e94e0441d9c95b,3c8c1bcf] [farmer-sync-7] com.example.common.AuditPublisher - Published 10 audit events to nightshift.audit
2026-09-24 12:06:20.844 ERROR [farmer-service,fb6e1f33a7410e8f,2565cf81] [http-nio-8080-exec-7] com.example.farmer.FarmerSyncService - Sync failed for batch 8945: could not acquire a database connection
java.sql.SQLTransientConnectionException: HikariPool-1 - Connection is not available, request timed out after 30001ms (total=10, active=10, idle=0, waiting=7)
	at com.zaxxer.hikari.pool.HikariPool.createTimeoutException(HikariPool.java:696)
	at com.zaxxer.hikari.pool.HikariPool.getConnection(HikariPool.java:181)
	at com.example.farmer.FarmerSyncService.pushPending(FarmerSyncService.java:36)
	at com.example.farmer.FarmerSyncScheduler.run(FarmerSyncScheduler.java:58)
2026-09-24 12:07:17.044 INFO  [farmer-service,1ed96b5ce19b997a,6a3fb961] [http-nio-8080-exec-8] com.example.farmer.FarmerController - GET /api/v1/farmers?page=15 200 in 87ms
2026-09-24 12:07:32.999 DEBUG [farmer-service,79b6ecd114ff4b95,8fb40bfe] [farmer-sync-9] com.example.farmer.FarmerRepository - select f.* from farmer f where f.region_id = 32
2026-09-24 12:08:49.698 INFO  [farmer-service,34362d31659dd730,5bd216bc] [farmer-sync-9] com.example.farmer.FarmerSyncScheduler - Sync batch 8027 queued, 237 pending records
2026-09-24 12:09:54.059 INFO  [farmer-service,b822454baae8b675,9d1a12c9] [http-nio-8080-exec-6] com.example.farmer.CardRenderJob - Rendered 78 cards in 590ms
2026-09-24 12:09:57.577 WARN  [farmer-service,b8bd7319fa549aaf,28604d6e] [http-nio-8080-exec-9] com.example.farmer.FarmerController - Request from 192.0.2.228 missing X-Request-Id header, generated one
2026-09-24 12:10:24.598 INFO  [farmer-service,86351ad794c13f16,4849b0f0] [http-nio-8080-exec-6] com.example.farmer.FarmerController - GET /api/v1/farmers?page=34 200 in 45ms
2026-09-24 12:10:37.497 WARN  [farmer-service,481cc50ac8763af9,95082ce3] [farmer-sync-9] com.example.farmer.FarmerProfileService - Concurrent update on farmer 3047, retry 2 of 3
com.example.farmer.FarmerProfileService$OptimisticLockException: Row was updated by another transaction (farmer id=5895)
	at com.example.farmer.FarmerProfileService.rename(FarmerProfileService.java:27)
	at com.example.farmer.FarmerController.rename(FarmerController.java:96)
2026-09-24 12:11:03.098 DEBUG [farmer-service,fbe32b2965faed6a,bc365883] [farmer-sync-5] com.example.farmer.FarmerRepository - select f.* from farmer f where f.region_id = 13
2026-09-24 12:11:31.717 ERROR [farmer-service,916e92cddcec94e6,47f4e4b8] [http-nio-8080-exec-5] com.example.farmer.FarmerSyncService - Sync failed for batch 8510: could not acquire a database connection
java.sql.SQLTransientConnectionException: HikariPool-1 - Connection is not available, request timed out after 30001ms (total=10, active=10, idle=0, waiting=7)
	at com.zaxxer.hikari.pool.HikariPool.createTimeoutException(HikariPool.java:696)
	at com.zaxxer.hikari.pool.HikariPool.getConnection(HikariPool.java:181)
	at com.example.farmer.FarmerSyncService.pushPending(FarmerSyncService.java:36)
	at com.example.farmer.FarmerSyncScheduler.run(FarmerSyncScheduler.java:58)
2026-09-24 12:12:07.590 INFO  [farmer-service,de3b9f99d9804743,05b27289] [http-nio-8080-exec-8] com.example.farmer.FarmerSyncScheduler - Sync batch 8118 queued, 241 pending records
2026-09-24 12:13:03.320 DEBUG [farmer-service,b7bf0c7d9397df74,d7adffb1] [farmer-sync-1] com.example.farmer.FarmerRepository - select f.* from farmer f where f.region_id = 10
2026-09-24 12:13:10.092 DEBUG [farmer-service,26f2d0ff2d798456,9348d4af] [farmer-sync-4] com.example.farmer.FarmerRepository - select f.* from farmer f where f.region_id = 3
2026-09-24 12:13:53.660 INFO  [farmer-service,9942855ec958a2dc,358c40b8] [farmer-sync-5] com.example.common.AuditPublisher - Published 8 audit events to nightshift.audit
2026-09-24 12:14:25.171 INFO  [farmer-service,edb3105de814c520,758ac01c] [http-nio-8080-exec-5] com.example.farmer.FarmerController - GET /api/v1/farmers?page=6 200 in 136ms
2026-09-24 12:14:34.544 INFO  [farmer-service,8dc561485a6c2b4a,42c1885b] [farmer-sync-2] com.example.farmer.FarmerController - GET /api/v1/farmers?page=35 200 in 123ms
2026-09-24 12:14:54.936 ERROR [farmer-service,9210b675bec236bb,9fb3f1dc] [farmer-sync-6] com.example.farmer.FarmerSyncService - Sync failed for batch 8825: could not acquire a database connection
java.sql.SQLTransientConnectionException: HikariPool-1 - Connection is not available, request timed out after 30001ms (total=10, active=10, idle=0, waiting=7)
	at com.zaxxer.hikari.pool.HikariPool.createTimeoutException(HikariPool.java:696)
	at com.zaxxer.hikari.pool.HikariPool.getConnection(HikariPool.java:181)
	at com.example.farmer.FarmerSyncService.pushPending(FarmerSyncService.java:36)
	at com.example.farmer.FarmerSyncScheduler.run(FarmerSyncScheduler.java:58)
2026-09-24 12:14:57.611 INFO  [farmer-service,1d54cddf8ffe6424,a4addd7d] [farmer-sync-9] com.example.farmer.CardRenderJob - Rendered 40 cards in 2047ms
2026-09-24 12:15:48.760 ERROR [farmer-service,8a1a7dbee75c136e,bb17c0ec] [farmer-sync-4] com.example.farmer.CardRenderJob - Failed to render card label for farmer 97044
java.lang.NullPointerException: Cannot invoke "String.charAt(int)" because "middleName" is null
	at com.example.common.NameFormatter.initials(NameFormatter.java:22)
	at com.example.farmer.FarmerSyncService.cardLabel(FarmerSyncService.java:53)
	at com.example.farmer.CardRenderJob.render(CardRenderJob.java:74)
	at java.base/java.util.concurrent.ThreadPoolExecutor.runWorker(ThreadPoolExecutor.java:1144)
	at java.base/java.lang.Thread.run(Thread.java:1583)
2026-09-24 12:15:54.307 INFO  [farmer-service,f20e274dea0b3a82,809b4abe] [farmer-sync-5] com.example.farmer.CardRenderJob - Rendered 64 cards in 736ms
2026-09-24 12:16:11.976 INFO  [farmer-service,df0f2675f2949681,341252c2] [farmer-sync-3] com.example.farmer.FarmerSyncScheduler - Sync batch 8833 queued, 113 pending records
2026-09-24 12:16:35.202 WARN  [farmer-service,e3dbf5caed1fc16a,ab657b59] [http-nio-8080-exec-3] com.example.farmer.FarmerController - Request from 192.0.2.170 missing X-Request-Id header, generated one
2026-09-24 12:16:57.624 INFO  [farmer-service,280ce8c0a1876d31,e5600303] [http-nio-8080-exec-5] com.example.farmer.FarmerSyncScheduler - Sync batch 8760 queued, 223 pending records
2026-09-24 12:18:09.080 WARN  [farmer-service,a3729d207b69644f,12957d59] [http-nio-8080-exec-9] com.example.farmer.FarmerController - Request from 192.0.2.15 missing X-Request-Id header, generated one
2026-09-24 12:18:35.693 INFO  [farmer-service,0ab9a41b9b492fdd,c55dd60c] [http-nio-8080-exec-4] com.example.farmer.FarmerController - GET /api/v1/farmers?page=8 200 in 125ms
2026-09-24 12:19:14.435 WARN  [farmer-service,6d5d09ed87d7d72f,43ffd2ce] [http-nio-8080-exec-7] com.example.farmer.FarmerController - Request from 192.0.2.22 missing X-Request-Id header, generated one
2026-09-24 12:20:51.644 INFO  [farmer-service,6ea5cfd794a6856c,c98ea019] [farmer-sync-5] com.example.farmer.FarmerController - GET /api/v1/farmers?page=13 200 in 96ms
2026-09-24 12:21:10.242 INFO  [farmer-service,b5ad70abce05d0f0,88c4b62c] [farmer-sync-7] com.example.farmer.CardRenderJob - Rendered 54 cards in 1523ms
2026-09-24 12:21:58.157 INFO  [farmer-service,335aa891bedafef4,26c98c51] [http-nio-8080-exec-6] com.example.common.AuditPublisher - Published 29 audit events to nightshift.audit
2026-09-24 12:23:42.439 DEBUG [farmer-service,058ee30d4bd43e32,b346c588] [farmer-sync-6] com.example.farmer.FarmerRepository - select f.* from farmer f where f.region_id = 17
2026-09-24 12:24:43.856 INFO  [farmer-service,208a27eb7b29b4a3,5bca3c56] [farmer-sync-7] com.example.farmer.CardRenderJob - Rendered 78 cards in 1569ms
2026-09-24 12:25:02.700 DEBUG [farmer-service,f617fba681fce5fa,a9aff3ef] [farmer-sync-6] com.example.farmer.FarmerRepository - select f.* from farmer f where f.region_id = 5
2026-09-24 12:25:26.966 DEBUG [farmer-service,8c54dc1539fb1dfd,40c14578] [farmer-sync-1] com.example.farmer.FarmerRepository - select f.* from farmer f where f.region_id = 54
2026-09-24 12:25:32.820 ERROR [farmer-service,4e26c94cf9a8d14e,271f8ab0] [http-nio-8080-exec-2] com.example.farmer.FarmerSyncService - Sync failed for batch 8905: could not acquire a database connection
java.sql.SQLTransientConnectionException: HikariPool-1 - Connection is not available, request timed out after 30001ms (total=10, active=10, idle=0, waiting=7)
	at com.zaxxer.hikari.pool.HikariPool.createTimeoutException(HikariPool.java:696)
	at com.zaxxer.hikari.pool.HikariPool.getConnection(HikariPool.java:181)
	at com.example.farmer.FarmerSyncService.pushPending(FarmerSyncService.java:36)
	at com.example.farmer.FarmerSyncScheduler.run(FarmerSyncScheduler.java:58)
2026-09-24 12:25:59.217 INFO  [farmer-service,71be048e0784a123,c3423c8d] [http-nio-8080-exec-4] com.example.farmer.CardRenderJob - Rendered 53 cards in 1937ms
2026-09-24 12:27:13.113 INFO  [farmer-service,37b8095406ab6b8f,f4bb487f] [http-nio-8080-exec-6] com.example.farmer.FarmerSyncScheduler - Sync batch 8053 queued, 71 pending records
2026-09-24 12:28:51.561 INFO  [farmer-service,ff3fcda722be9347,e17f4433] [farmer-sync-8] com.example.common.AuditPublisher - Published 6 audit events to nightshift.audit
2026-09-24 12:29:37.534 INFO  [farmer-service,4b5f49bd08f5e6b8,9fb75906] [http-nio-8080-exec-8] com.example.farmer.FarmerSyncScheduler - Sync batch 8558 queued, 379 pending records
2026-09-24 12:31:00.737 INFO  [farmer-service,9aae0323f3f1b0d4,f0511f99] [http-nio-8080-exec-3] com.example.farmer.FarmerSyncScheduler - Sync batch 8623 queued, 167 pending records
2026-09-24 12:32:50.839 DEBUG [farmer-service,36629ebbe415d14d,a60c2dd2] [farmer-sync-8] com.example.farmer.FarmerRepository - select f.* from farmer f where f.region_id = 23
2026-09-24 12:33:07.179 INFO  [farmer-service,fc2c2225fc9d00c1,c538a126] [http-nio-8080-exec-1] com.example.farmer.FarmerSyncScheduler - Sync batch 8958 queued, 90 pending records
2026-09-24 12:34:52.763 INFO  [farmer-service,11b274360203e8b0,74584292] [farmer-sync-4] com.example.farmer.CardRenderJob - Rendered 77 cards in 1784ms
2026-09-24 12:37:02.368 DEBUG [farmer-service,12747410a34b7d95,e1fb4962] [farmer-sync-7] com.example.farmer.FarmerRepository - select f.* from farmer f where f.region_id = 11
2026-09-24 12:37:06.542 ERROR [farmer-service,9bfab3f21b18c890,ec11293c] [farmer-sync-6] com.example.farmer.FarmerSyncService - Sync failed for batch 8023: could not acquire a database connection
java.sql.SQLTransientConnectionException: HikariPool-1 - Connection is not available, request timed out after 30001ms (total=10, active=10, idle=0, waiting=7)
	at com.zaxxer.hikari.pool.HikariPool.createTimeoutException(HikariPool.java:696)
	at com.zaxxer.hikari.pool.HikariPool.getConnection(HikariPool.java:181)
	at com.example.farmer.FarmerSyncService.pushPending(FarmerSyncService.java:36)
	at com.example.farmer.FarmerSyncScheduler.run(FarmerSyncScheduler.java:58)
2026-09-24 12:37:29.933 INFO  [farmer-service,aca2d0ef396b85b0,ee6d468c] [http-nio-8080-exec-7] com.example.common.AuditPublisher - Published 19 audit events to nightshift.audit
2026-09-24 12:37:30.586 ERROR [farmer-service,de9f415066d2fee2,ce68800b] [farmer-sync-4] com.example.farmer.FarmerSyncService - Sync failed for batch 8118: could not acquire a database connection
java.sql.SQLTransientConnectionException: HikariPool-1 - Connection is not available, request timed out after 30001ms (total=10, active=10, idle=0, waiting=7)
	at com.zaxxer.hikari.pool.HikariPool.createTimeoutException(HikariPool.java:696)
	at com.zaxxer.hikari.pool.HikariPool.getConnection(HikariPool.java:181)
	at com.example.farmer.FarmerSyncService.pushPending(FarmerSyncService.java:36)
	at com.example.farmer.FarmerSyncScheduler.run(FarmerSyncScheduler.java:58)
2026-09-24 12:38:23.671 DEBUG [farmer-service,5f92ea9cabca2d8b,61abf93d] [http-nio-8080-exec-4] com.example.farmer.FarmerRepository - select f.* from farmer f where f.region_id = 26
2026-09-24 12:38:41.186 INFO  [farmer-service,eb7c8095cea7124e,e9702c4b] [http-nio-8080-exec-6] com.example.farmer.CardRenderJob - Rendered 56 cards in 1251ms
2026-09-24 12:39:46.696 WARN  [farmer-service,e9d6061665543956,56b66c0c] [farmer-sync-2] com.example.farmer.FarmerController - Request from 192.0.2.49 missing X-Request-Id header, generated one
2026-09-24 12:41:49.316 DEBUG [farmer-service,02e3e80bba1e3530,31d098c4] [http-nio-8080-exec-1] com.example.farmer.FarmerRepository - select f.* from farmer f where f.region_id = 26
2026-09-24 12:42:10.158 DEBUG [farmer-service,dad39bcf7555a136,9c3bda45] [http-nio-8080-exec-6] com.example.farmer.FarmerRepository - select f.* from farmer f where f.region_id = 38
2026-09-24 12:42:58.708 INFO  [farmer-service,9b97799e2897ab0a,477e3d54] [farmer-sync-2] com.example.farmer.FarmerController - GET /api/v1/farmers?page=17 200 in 78ms
2026-09-24 12:43:12.461 DEBUG [farmer-service,2daa46d44f93ee0f,3af7aabd] [farmer-sync-9] com.example.farmer.FarmerRepository - select f.* from farmer f where f.region_id = 9
2026-09-24 12:44:17.150 INFO  [farmer-service,a75f69026cabaa66,56967c25] [http-nio-8080-exec-2] com.example.farmer.CardRenderJob - Rendered 42 cards in 1953ms
2026-09-24 12:45:44.175 INFO  [farmer-service,0bba8eaf718dd943,97b7d24c] [farmer-sync-1] com.example.farmer.CardRenderJob - Rendered 79 cards in 1770ms
2026-09-24 12:47:28.444 INFO  [farmer-service,7aa5ffda9b205bc6,4ce6238b] [farmer-sync-5] com.example.farmer.FarmerController - GET /api/v1/farmers?page=0 200 in 77ms
2026-09-24 12:47:29.835 INFO  [farmer-service,4fcabfc03b192f31,66f06908] [farmer-sync-4] com.example.farmer.CardRenderJob - Rendered 28 cards in 980ms
2026-09-24 12:48:31.544 INFO  [farmer-service,90063d2db876baa9,f59dfe4e] [http-nio-8080-exec-8] com.example.common.AuditPublisher - Published 28 audit events to nightshift.audit
2026-09-24 12:50:54.444 DEBUG [farmer-service,358d37241c315715,075988f8] [farmer-sync-9] com.example.farmer.FarmerRepository - select f.* from farmer f where f.region_id = 1
2026-09-24 12:53:04.945 INFO  [farmer-service,0d8857f0c7617370,37528ee0] [farmer-sync-6] com.example.farmer.FarmerSyncScheduler - Sync batch 8498 queued, 337 pending records
2026-09-24 12:53:05.576 INFO  [farmer-service,150b561b415ac161,db68fcad] [http-nio-8080-exec-6] com.example.farmer.FarmerController - GET /api/v1/farmers?page=24 200 in 20ms
2026-09-24 12:54:25.637 INFO  [farmer-service,3d246726d5fbfdcf,9d785ddf] [http-nio-8080-exec-3] com.example.farmer.FarmerSyncScheduler - Sync batch 8001 queued, 239 pending records
2026-09-24 12:54:32.097 DEBUG [farmer-service,da0484defe98130e,37306aff] [farmer-sync-9] com.example.farmer.FarmerRepository - select f.* from farmer f where f.region_id = 21
2026-09-24 12:55:03.590 DEBUG [farmer-service,fdb34bdd5f94fb6e,ad5bb171] [http-nio-8080-exec-7] com.example.farmer.FarmerRepository - select f.* from farmer f where f.region_id = 3
2026-09-24 12:55:25.561 INFO  [farmer-service,f517ec522e5b9a63,cdab23f2] [http-nio-8080-exec-4] com.example.farmer.FarmerController - GET /api/v1/farmers?page=18 200 in 132ms
2026-09-24 12:55:34.563 INFO  [farmer-service,d04f5592122c5516,75dd8b1a] [farmer-sync-8] com.example.farmer.CardRenderJob - Rendered 15 cards in 644ms
2026-09-24 12:59:39.925 INFO  [farmer-service,f67c89437cb69ca1,16c634b0] [farmer-sync-3] com.example.common.AuditPublisher - Published 6 audit events to nightshift.audit
2026-09-24 13:01:38.190 WARN  [farmer-service,80f9620efc08c59e,fd77bb28] [farmer-sync-8] com.example.farmer.FarmerController - Request from 192.0.2.123 missing X-Request-Id header, generated one
2026-09-24 13:02:08.270 INFO  [farmer-service,0ed1ac2cd4ac8b90,6a7b2563] [http-nio-8080-exec-1] com.example.farmer.FarmerController - GET /api/v1/farmers?page=21 200 in 82ms
2026-09-24 13:02:22.252 INFO  [farmer-service,f3e0bb4b8032107c,c39d93e1] [http-nio-8080-exec-7] com.example.farmer.CardRenderJob - Rendered 12 cards in 409ms
2026-09-24 13:02:49.797 DEBUG [farmer-service,20af9bb1fc00fd43,778aa870] [http-nio-8080-exec-2] com.example.farmer.FarmerRepository - select f.* from farmer f where f.region_id = 34
2026-09-24 13:02:54.924 ERROR [farmer-service,fad7a3ac4fcfa181,e42486e0] [farmer-sync-4] com.example.farmer.FarmerSyncService - Sync failed for batch 8498: could not acquire a database connection
java.sql.SQLTransientConnectionException: HikariPool-1 - Connection is not available, request timed out after 30001ms (total=10, active=10, idle=0, waiting=7)
	at com.zaxxer.hikari.pool.HikariPool.createTimeoutException(HikariPool.java:696)
	at com.zaxxer.hikari.pool.HikariPool.getConnection(HikariPool.java:181)
	at com.example.farmer.FarmerSyncService.pushPending(FarmerSyncService.java:36)
	at com.example.farmer.FarmerSyncScheduler.run(FarmerSyncScheduler.java:58)
2026-09-24 13:03:04.802 WARN  [farmer-service,173e7ded38fe1bd9,b555c944] [http-nio-8080-exec-9] com.example.farmer.FarmerController - Request from 192.0.2.91 missing X-Request-Id header, generated one
2026-09-24 13:03:46.719 ERROR [farmer-service,22bb7523e8c01c40,e5edfe6e] [http-nio-8080-exec-4] com.example.farmer.FarmerSyncService - Sync failed for batch 8544: could not acquire a database connection
java.sql.SQLTransientConnectionException: HikariPool-1 - Connection is not available, request timed out after 30001ms (total=10, active=10, idle=0, waiting=7)
	at com.zaxxer.hikari.pool.HikariPool.createTimeoutException(HikariPool.java:696)
	at com.zaxxer.hikari.pool.HikariPool.getConnection(HikariPool.java:181)
	at com.example.farmer.FarmerSyncService.pushPending(FarmerSyncService.java:36)
	at com.example.farmer.FarmerSyncScheduler.run(FarmerSyncScheduler.java:58)
2026-09-24 13:04:26.507 INFO  [farmer-service,23e63dbf3d07dc0d,b6b800c6] [farmer-sync-1] com.example.farmer.FarmerSyncScheduler - Sync batch 8595 queued, 232 pending records
2026-09-24 13:04:54.926 DEBUG [farmer-service,5cb90bd414eeb3e7,a2c785af] [http-nio-8080-exec-4] com.example.farmer.FarmerRepository - select f.* from farmer f where f.region_id = 26
2026-09-24 13:05:37.028 WARN  [farmer-service,5667a86d9a90051a,f509ccef] [farmer-sync-1] com.example.farmer.FarmerController - Request from 192.0.2.210 missing X-Request-Id header, generated one
2026-09-24 13:07:00.561 INFO  [farmer-service,c49e92e8d4663681,c27d6f94] [farmer-sync-9] com.example.common.AuditPublisher - Published 1 audit events to nightshift.audit
2026-09-24 13:07:43.250 INFO  [farmer-service,9c200aa3440316fe,bed96d47] [http-nio-8080-exec-5] com.example.farmer.FarmerController - GET /api/v1/farmers?page=6 200 in 66ms
2026-09-24 13:07:44.728 DEBUG [farmer-service,b7997e0f397e7521,2a1b3133] [http-nio-8080-exec-1] com.example.farmer.FarmerRepository - select f.* from farmer f where f.region_id = 44
2026-09-24 13:08:04.143 DEBUG [farmer-service,08dd5bf9cfacb7c8,e847740d] [http-nio-8080-exec-2] com.example.farmer.FarmerRepository - select f.* from farmer f where f.region_id = 6
2026-09-24 13:08:10.429 INFO  [farmer-service,8c05219df7706489,c74b2755] [http-nio-8080-exec-2] com.example.farmer.FarmerController - GET /api/v1/farmers?page=21 200 in 77ms
2026-09-24 13:08:26.167 INFO  [farmer-service,099a20d0b0ef55c4,093c7524] [farmer-sync-2] com.example.common.AuditPublisher - Published 5 audit events to nightshift.audit
2026-09-24 13:10:07.360 INFO  [farmer-service,1f65796de7eb3071,3981b200] [http-nio-8080-exec-6] com.example.common.AuditPublisher - Published 26 audit events to nightshift.audit
2026-09-24 13:10:29.902 INFO  [farmer-service,dca777c65c1be42f,1dc30737] [farmer-sync-5] com.example.farmer.FarmerSyncScheduler - Sync batch 8232 queued, 389 pending records
2026-09-24 13:10:38.388 INFO  [farmer-service,25e917bb00c30679,7b2d480e] [http-nio-8080-exec-8] com.example.common.AuditPublisher - Published 7 audit events to nightshift.audit
2026-09-24 13:10:53.732 WARN  [farmer-service,666fe40220c9d602,f98258ee] [http-nio-8080-exec-1] com.example.farmer.FarmerController - Request from 192.0.2.62 missing X-Request-Id header, generated one
2026-09-24 13:11:22.253 WARN  [farmer-service,941373a8db76a53c,c37fba15] [http-nio-8080-exec-4] com.example.farmer.FarmerController - Request from 192.0.2.88 missing X-Request-Id header, generated one
2026-09-24 13:12:03.855 INFO  [farmer-service,4997f217bca7370c,0c55d5ca] [http-nio-8080-exec-5] com.example.farmer.FarmerController - GET /api/v1/farmers?page=20 200 in 63ms
2026-09-24 13:12:21.857 INFO  [farmer-service,5de879bcad739452,5463eb3d] [farmer-sync-4] com.example.farmer.CardRenderJob - Rendered 83 cards in 2068ms
2026-09-24 13:13:04.708 INFO  [farmer-service,c58089ab6640c006,2732f277] [http-nio-8080-exec-6] com.example.farmer.FarmerSyncScheduler - Sync batch 8157 queued, 93 pending records
2026-09-24 13:14:43.485 INFO  [farmer-service,db253c31d800c7b1,3662bb62] [farmer-sync-7] com.example.farmer.CardRenderJob - Rendered 88 cards in 1340ms
2026-09-24 13:15:02.811 INFO  [farmer-service,855b3945296e507f,6645c0e6] [farmer-sync-7] com.example.farmer.CardRenderJob - Rendered 51 cards in 351ms
2026-09-24 13:15:13.645 INFO  [farmer-service,46a229d6b0f31062,d76b2f0f] [http-nio-8080-exec-7] com.example.farmer.CardRenderJob - Rendered 16 cards in 1098ms
2026-09-24 13:21:48.205 ERROR [farmer-service,7bf83c2f636d0cb2,af77d2f8] [farmer-sync-8] com.example.farmer.FarmerSyncService - Sync failed for batch 8219: could not acquire a database connection
java.sql.SQLTransientConnectionException: HikariPool-1 - Connection is not available, request timed out after 30001ms (total=10, active=10, idle=0, waiting=7)
	at com.zaxxer.hikari.pool.HikariPool.createTimeoutException(HikariPool.java:696)
	at com.zaxxer.hikari.pool.HikariPool.getConnection(HikariPool.java:181)
	at com.example.farmer.FarmerSyncService.pushPending(FarmerSyncService.java:36)
	at com.example.farmer.FarmerSyncScheduler.run(FarmerSyncScheduler.java:58)
2026-09-24 13:21:55.995 INFO  [farmer-service,c11c6550eaa5e30b,b2d92f9a] [farmer-sync-6] com.example.common.AuditPublisher - Published 2 audit events to nightshift.audit
2026-09-24 13:23:52.863 INFO  [farmer-service,06b4b80ec4ec90ea,c66167ca] [farmer-sync-8] com.example.farmer.FarmerController - GET /api/v1/farmers?page=40 200 in 104ms
2026-09-24 13:23:54.213 INFO  [farmer-service,135fb8edc3cb088d,1141e6f6] [farmer-sync-5] com.example.common.AuditPublisher - Published 3 audit events to nightshift.audit
2026-09-24 13:24:22.365 INFO  [farmer-service,ce31375263ee8da5,aac7f6e4] [farmer-sync-1] com.example.common.AuditPublisher - Published 4 audit events to nightshift.audit
2026-09-24 13:24:32.683 INFO  [farmer-service,25b7a56636f6db52,73ef12fb] [http-nio-8080-exec-2] com.example.farmer.CardRenderJob - Rendered 64 cards in 974ms
2026-09-24 13:24:40.977 INFO  [farmer-service,7de7cb9b3edcfbc0,e0e6834a] [farmer-sync-3] com.example.farmer.FarmerController - GET /api/v1/farmers?page=22 200 in 45ms
2026-09-24 13:25:11.979 WARN  [farmer-service,7f8d75e828deef5b,f9ac3081] [farmer-sync-4] com.example.farmer.FarmerController - Request from 192.0.2.14 missing X-Request-Id header, generated one
2026-09-24 13:25:13.053 INFO  [farmer-service,706fe8972153f24c,206e982d] [http-nio-8080-exec-3] com.example.farmer.FarmerController - GET /api/v1/farmers?page=14 200 in 67ms
2026-09-24 13:26:36.582 INFO  [farmer-service,9036c4b7fdd86168,be77d9ee] [farmer-sync-1] com.example.farmer.FarmerController - GET /api/v1/farmers?page=24 200 in 136ms
2026-09-24 13:26:54.753 INFO  [farmer-service,efea75ed81e86712,60f040f8] [http-nio-8080-exec-5] com.example.farmer.CardRenderJob - Rendered 17 cards in 1228ms
2026-09-24 13:26:59.384 INFO  [farmer-service,114bfeb2970a4f32,238badf6] [http-nio-8080-exec-4] com.example.farmer.FarmerController - GET /api/v1/farmers?page=0 200 in 48ms
2026-09-24 13:28:04.034 DEBUG [farmer-service,3a890ed77136a2bf,204b52da] [farmer-sync-7] com.example.farmer.FarmerRepository - select f.* from farmer f where f.region_id = 32
2026-09-24 13:29:05.397 DEBUG [farmer-service,693a45e3a4696e21,88e8e9bd] [http-nio-8080-exec-7] com.example.farmer.FarmerRepository - select f.* from farmer f where f.region_id = 40
2026-09-24 13:31:55.191 INFO  [farmer-service,e1c3aa5b250b0225,ce595754] [farmer-sync-3] com.example.farmer.FarmerController - GET /api/v1/farmers?page=10 200 in 111ms
2026-09-24 13:32:07.430 INFO  [farmer-service,cd73c563db110a09,fab9fd3d] [farmer-sync-8] com.example.farmer.CardRenderJob - Rendered 66 cards in 1094ms
2026-09-24 13:32:19.253 INFO  [farmer-service,75e4b80602704d49,77666880] [farmer-sync-8] com.example.farmer.FarmerSyncScheduler - Sync batch 8501 queued, 190 pending records
2026-09-24 13:33:12.990 DEBUG [farmer-service,2bc91efd72bfba71,91f289cf] [farmer-sync-1] com.example.farmer.FarmerRepository - select f.* from farmer f where f.region_id = 37
2026-09-24 13:33:13.846 ERROR [farmer-service,140ce8e952605fd3,f83928b9] [http-nio-8080-exec-6] com.example.farmer.FarmerSyncService - Sync failed for batch 8113: could not acquire a database connection
java.sql.SQLTransientConnectionException: HikariPool-1 - Connection is not available, request timed out after 30001ms (total=10, active=10, idle=0, waiting=7)
	at com.zaxxer.hikari.pool.HikariPool.createTimeoutException(HikariPool.java:696)
	at com.zaxxer.hikari.pool.HikariPool.getConnection(HikariPool.java:181)
	at com.example.farmer.FarmerSyncService.pushPending(FarmerSyncService.java:36)
	at com.example.farmer.FarmerSyncScheduler.run(FarmerSyncScheduler.java:58)
2026-09-24 13:35:55.059 INFO  [farmer-service,5bd39727aed3d0d3,c9c38d23] [http-nio-8080-exec-4] com.example.farmer.FarmerController - GET /api/v1/farmers?page=36 200 in 59ms
2026-09-24 13:36:33.364 INFO  [farmer-service,9ccbe47e99274c42,06654364] [farmer-sync-6] com.example.farmer.CardRenderJob - Rendered 72 cards in 1403ms
2026-09-24 13:38:06.013 DEBUG [farmer-service,ee6fa54e32b35efb,4b0aeb8a] [http-nio-8080-exec-6] com.example.farmer.FarmerRepository - select f.* from farmer f where f.region_id = 47
2026-09-24 13:38:10.925 INFO  [farmer-service,9e223db8ae1822d6,ffbd0d05] [farmer-sync-8] com.example.farmer.FarmerSyncScheduler - Sync batch 8927 queued, 376 pending records
2026-09-24 13:38:23.764 INFO  [farmer-service,4967b2a1eb521313,5dcbb944] [farmer-sync-5] com.example.farmer.FarmerSyncScheduler - Sync batch 8695 queued, 110 pending records
2026-09-24 13:40:01.967 WARN  [farmer-service,b14a8eb1ab752d19,4fb5ea74] [farmer-sync-9] com.example.farmer.FarmerController - Request from 192.0.2.137 missing X-Request-Id header, generated one
2026-09-24 13:40:19.533 INFO  [farmer-service,2ac047dc688213a0,446cb4f9] [http-nio-8080-exec-9] com.example.farmer.FarmerSyncScheduler - Sync batch 8826 queued, 108 pending records
2026-09-24 13:40:53.630 INFO  [farmer-service,9669712c2c7d8862,0fc112cc] [http-nio-8080-exec-3] com.example.farmer.FarmerSyncScheduler - Sync batch 8358 queued, 379 pending records
2026-09-24 13:40:58.090 WARN  [farmer-service,e4783e0808712fba,8670be49] [http-nio-8080-exec-6] com.example.farmer.FarmerController - Request from 192.0.2.151 missing X-Request-Id header, generated one
2026-09-24 13:41:10.263 INFO  [farmer-service,283badc3a4e4b754,e4ff7e18] [http-nio-8080-exec-7] com.example.farmer.FarmerSyncScheduler - Sync batch 8982 queued, 212 pending records
2026-09-24 13:41:31.176 INFO  [farmer-service,8fa96a9447b52c01,e2990dc3] [http-nio-8080-exec-1] com.example.common.AuditPublisher - Published 16 audit events to nightshift.audit
2026-09-24 13:42:27.075 ERROR [farmer-service,7f25341fc99ce1a0,e5675227] [farmer-sync-1] com.example.farmer.FarmerSyncService - Sync failed for batch 8029: could not acquire a database connection
java.sql.SQLTransientConnectionException: HikariPool-1 - Connection is not available, request timed out after 30001ms (total=10, active=10, idle=0, waiting=7)
	at com.zaxxer.hikari.pool.HikariPool.createTimeoutException(HikariPool.java:696)
	at com.zaxxer.hikari.pool.HikariPool.getConnection(HikariPool.java:181)
	at com.example.farmer.FarmerSyncService.pushPending(FarmerSyncService.java:36)
	at com.example.farmer.FarmerSyncScheduler.run(FarmerSyncScheduler.java:58)
2026-09-24 13:42:41.348 INFO  [farmer-service,1288e0d7a59fb6bd,42fcc4b7] [farmer-sync-3] com.example.farmer.FarmerController - GET /api/v1/farmers?page=1 200 in 35ms
2026-09-24 13:42:45.229 WARN  [farmer-service,786fcdc8eb679c3c,0f8b3f3c] [farmer-sync-7] com.example.farmer.FarmerController - Request from 192.0.2.13 missing X-Request-Id header, generated one
2026-09-24 13:43:15.936 INFO  [farmer-service,46471093f54edfea,0ac750de] [http-nio-8080-exec-8] com.example.common.AuditPublisher - Published 7 audit events to nightshift.audit
2026-09-24 13:43:47.518 INFO  [farmer-service,4cc3739ed29f1e8f,4fe08431] [farmer-sync-1] com.example.farmer.FarmerController - GET /api/v1/farmers?page=40 200 in 67ms
2026-09-24 13:44:10.872 INFO  [farmer-service,cca2163461d40b44,1e9b4720] [farmer-sync-9] com.example.farmer.FarmerController - GET /api/v1/farmers?page=33 200 in 40ms
2026-09-24 13:46:41.667 WARN  [farmer-service,6ce51d23d8110802,2b17b3a4] [http-nio-8080-exec-5] com.example.farmer.FarmerController - Request from 192.0.2.146 missing X-Request-Id header, generated one
2026-09-24 13:46:49.054 INFO  [farmer-service,323d86e04a0604e1,b8ae3f6f] [farmer-sync-6] com.example.farmer.FarmerController - GET /api/v1/farmers?page=24 200 in 98ms
2026-09-24 13:46:56.954 INFO  [farmer-service,b2842631d2fc86cd,6efa85ca] [http-nio-8080-exec-2] com.example.farmer.CardRenderJob - Rendered 44 cards in 2199ms
2026-09-24 13:47:18.573 INFO  [farmer-service,d1faa2dde660480a,7dd7e7da] [farmer-sync-3] com.example.farmer.CardRenderJob - Rendered 5 cards in 389ms
2026-09-24 13:47:44.265 WARN  [farmer-service,7da42b3bc9627f44,7c118abf] [farmer-sync-6] com.example.farmer.FarmerController - Request from 192.0.2.22 missing X-Request-Id header, generated one
2026-09-24 13:47:59.631 INFO  [farmer-service,39b4eb81f415f6bf,c2665f4b] [http-nio-8080-exec-4] com.example.common.AuditPublisher - Published 18 audit events to nightshift.audit
2026-09-24 13:48:11.582 INFO  [farmer-service,ecbcd1c4da989eb7,7402ec37] [http-nio-8080-exec-1] com.example.common.AuditPublisher - Published 10 audit events to nightshift.audit
2026-09-24 13:48:13.057 INFO  [farmer-service,e44bdef039da63df,ee01577f] [farmer-sync-2] com.example.farmer.FarmerSyncScheduler - Sync batch 8202 queued, 279 pending records
2026-09-24 13:48:27.920 INFO  [farmer-service,d58cc888c212ef76,c8276a73] [farmer-sync-3] com.example.farmer.FarmerController - GET /api/v1/farmers?page=3 200 in 35ms
2026-09-24 13:51:01.927 INFO  [farmer-service,c75c2e5a62d57088,6590a41b] [farmer-sync-6] com.example.farmer.CardRenderJob - Rendered 28 cards in 1840ms
2026-09-24 13:51:48.876 INFO  [farmer-service,509703c080b976a4,9fbdc77a] [http-nio-8080-exec-7] com.example.common.AuditPublisher - Published 28 audit events to nightshift.audit
2026-09-24 13:52:43.772 WARN  [farmer-service,1d6597eab6364fc4,256b88c4] [http-nio-8080-exec-2] com.example.farmer.FarmerController - Request from 192.0.2.51 missing X-Request-Id header, generated one
2026-09-24 13:56:07.459 INFO  [farmer-service,354aa1457249f43e,e2309d73] [http-nio-8080-exec-9] com.example.common.AuditPublisher - Published 24 audit events to nightshift.audit
2026-09-24 13:57:12.834 DEBUG [farmer-service,c3d5091843a612a9,0d1159a1] [farmer-sync-1] com.example.farmer.FarmerRepository - select f.* from farmer f where f.region_id = 39
2026-09-24 13:57:28.314 INFO  [farmer-service,63e887bcae34c8cd,637f04b9] [http-nio-8080-exec-1] com.example.farmer.FarmerController - GET /api/v1/farmers?page=32 200 in 117ms
2026-09-24 13:58:40.783 DEBUG [farmer-service,ece0721a40912575,5f7dc089] [http-nio-8080-exec-6] com.example.farmer.FarmerRepository - select f.* from farmer f where f.region_id = 40
2026-09-24 13:59:58.524 WARN  [farmer-service,1d221f0cc2d8ff8d,3fa5867e] [http-nio-8080-exec-3] com.example.farmer.FarmerController - Request from 192.0.2.219 missing X-Request-Id header, generated one
2026-09-24 14:02:24.964 INFO  [farmer-service,463a6198890aa7a6,e63d4eb2] [farmer-sync-7] com.example.farmer.CardRenderJob - Rendered 88 cards in 802ms
2026-09-24 14:02:31.685 INFO  [farmer-service,f1127a106288a335,f54918a6] [http-nio-8080-exec-4] com.example.farmer.FarmerController - GET /api/v1/farmers?page=17 200 in 60ms
2026-09-24 14:03:17.982 WARN  [farmer-service,78519de664221995,4b93bcad] [farmer-sync-1] com.example.farmer.FarmerController - Request from 192.0.2.39 missing X-Request-Id header, generated one
2026-09-24 14:03:24.697 INFO  [farmer-service,5bf6f0bd36fffdb2,1adc7e54] [farmer-sync-1] com.example.farmer.CardRenderJob - Rendered 15 cards in 1147ms
2026-09-24 14:04:29.605 INFO  [farmer-service,79c2adc816dab4f8,5d79713a] [farmer-sync-5] com.example.common.AuditPublisher - Published 15 audit events to nightshift.audit
2026-09-24 14:05:11.209 INFO  [farmer-service,1cebb9c619b540d7,85a6d765] [http-nio-8080-exec-9] com.example.farmer.FarmerController - GET /api/v1/farmers?page=14 200 in 37ms
2026-09-24 14:05:32.442 INFO  [farmer-service,c1921862b9f51939,b40095b0] [http-nio-8080-exec-2] com.example.farmer.CardRenderJob - Rendered 17 cards in 2188ms
2026-09-24 14:06:00.273 INFO  [farmer-service,5ad7edb59e86dd48,212ae237] [http-nio-8080-exec-9] com.example.farmer.FarmerSyncScheduler - Sync batch 8281 queued, 189 pending records
2026-09-24 14:07:56.258 INFO  [farmer-service,e1942daec42a70d4,3eb3bcc5] [http-nio-8080-exec-9] com.example.farmer.FarmerSyncScheduler - Sync batch 8860 queued, 277 pending records
2026-09-24 14:09:15.918 INFO  [farmer-service,d28a98ec7f1f5bf8,6d5c252b] [farmer-sync-4] com.example.farmer.CardRenderJob - Rendered 25 cards in 2104ms
2026-09-24 14:09:33.883 INFO  [farmer-service,1990164044e98b88,50408bed] [http-nio-8080-exec-5] com.example.farmer.FarmerSyncScheduler - Sync batch 8298 queued, 111 pending records
2026-09-24 14:10:41.647 INFO  [farmer-service,ad107e8e951dec6b,abeb542e] [http-nio-8080-exec-1] com.example.farmer.CardRenderJob - Rendered 62 cards in 2230ms
2026-09-24 14:11:13.869 INFO  [farmer-service,a766e89b21db446d,ebee3063] [http-nio-8080-exec-4] com.example.common.AuditPublisher - Published 5 audit events to nightshift.audit
2026-09-24 14:12:32.159 DEBUG [farmer-service,7c450f1c4427fd41,b50bd05a] [farmer-sync-9] com.example.farmer.FarmerRepository - select f.* from farmer f where f.region_id = 60
2026-09-24 14:12:47.846 WARN  [farmer-service,a790656c79d5462a,793fb563] [farmer-sync-4] com.example.farmer.FarmerController - Request from 192.0.2.186 missing X-Request-Id header, generated one
2026-09-24 14:12:52.977 ERROR [farmer-service,4dd2760107d16047,e496f97c] [http-nio-8080-exec-5] com.example.farmer.FarmerSyncService - Sync failed for batch 8443: could not acquire a database connection
java.sql.SQLTransientConnectionException: HikariPool-1 - Connection is not available, request timed out after 30001ms (total=10, active=10, idle=0, waiting=7)
	at com.zaxxer.hikari.pool.HikariPool.createTimeoutException(HikariPool.java:696)
	at com.zaxxer.hikari.pool.HikariPool.getConnection(HikariPool.java:181)
	at com.example.farmer.FarmerSyncService.pushPending(FarmerSyncService.java:36)
	at com.example.farmer.FarmerSyncScheduler.run(FarmerSyncScheduler.java:58)
2026-09-24 14:12:57.800 WARN  [farmer-service,150a103eef705963,7d194abe] [farmer-sync-5] com.example.farmer.FarmerController - Request from 192.0.2.168 missing X-Request-Id header, generated one
2026-09-24 14:14:17.187 WARN  [farmer-service,77e50bf58601b063,15ad25e5] [http-nio-8080-exec-8] com.example.farmer.FarmerController - Request from 192.0.2.248 missing X-Request-Id header, generated one
2026-09-24 14:14:32.433 WARN  [farmer-service,03bc4a82f8b70e75,3cad2a19] [farmer-sync-8] com.example.farmer.FarmerController - Request from 192.0.2.99 missing X-Request-Id header, generated one
2026-09-24 14:14:48.326 DEBUG [farmer-service,49e9bf78f920a22e,47666738] [http-nio-8080-exec-7] com.example.farmer.FarmerRepository - select f.* from farmer f where f.region_id = 5
2026-09-24 14:14:56.526 INFO  [farmer-service,080962a7768d401a,0b01dc44] [farmer-sync-1] com.example.farmer.FarmerSyncScheduler - Sync batch 8592 queued, 293 pending records
2026-09-24 14:15:50.383 WARN  [farmer-service,138168cdd2aedcb3,7db9fe4b] [farmer-sync-4] com.example.farmer.FarmerController - Request from 192.0.2.209 missing X-Request-Id header, generated one
2026-09-24 14:18:00.929 INFO  [farmer-service,cdcaa305d9c4d17b,37900e9c] [farmer-sync-9] com.example.farmer.FarmerController - GET /api/v1/farmers?page=16 200 in 60ms
2026-09-24 14:18:22.053 INFO  [farmer-service,6b8427c809ae0ca7,2e7e8942] [http-nio-8080-exec-1] com.example.farmer.CardRenderJob - Rendered 11 cards in 676ms
2026-09-24 14:19:00.259 WARN  [farmer-service,4cf79907984c7bc3,693d30c6] [http-nio-8080-exec-6] com.example.farmer.FarmerController - Request from 192.0.2.170 missing X-Request-Id header, generated one
2026-09-24 14:19:02.922 INFO  [farmer-service,75b0f03587a33a67,ff2e05df] [http-nio-8080-exec-9] com.example.farmer.FarmerController - GET /api/v1/farmers?page=31 200 in 97ms
2026-09-24 14:19:03.442 INFO  [farmer-service,e4c3c62f688ed1cc,d5a1df09] [farmer-sync-2] com.example.farmer.FarmerController - GET /api/v1/farmers?page=23 200 in 132ms
2026-09-24 14:20:19.928 WARN  [farmer-service,dd89f2ca0e586658,f788715a] [http-nio-8080-exec-9] com.example.farmer.FarmerController - Request from 192.0.2.77 missing X-Request-Id header, generated one
2026-09-24 14:21:00.631 INFO  [farmer-service,f5bcb0d6a606d7a3,b6e63def] [http-nio-8080-exec-3] com.example.farmer.CardRenderJob - Rendered 30 cards in 705ms
2026-09-24 14:22:04.715 WARN  [farmer-service,63f62638b6d7b566,f6386c00] [farmer-sync-4] com.example.farmer.FarmerController - Request from 192.0.2.163 missing X-Request-Id header, generated one
2026-09-24 14:22:04.900 DEBUG [farmer-service,d0b915713672d0c8,28cf6852] [http-nio-8080-exec-4] com.example.farmer.FarmerRepository - select f.* from farmer f where f.region_id = 64
2026-09-24 14:24:09.269 WARN  [farmer-service,c8cb73f043e9fe68,90b72c1c] [farmer-sync-3] com.example.farmer.FarmerController - Request from 192.0.2.133 missing X-Request-Id header, generated one
2026-09-24 14:24:22.373 INFO  [farmer-service,4b233e528bf608f2,9e761b51] [http-nio-8080-exec-7] com.example.farmer.FarmerController - GET /api/v1/farmers?page=5 200 in 87ms
2026-09-24 14:27:28.852 INFO  [farmer-service,d14f190bc9b4ca6d,29eb8741] [farmer-sync-3] com.example.farmer.FarmerController - GET /api/v1/farmers?page=8 200 in 16ms
2026-09-24 14:28:49.694 INFO  [farmer-service,b05ed58447e1e10a,5f46e6d0] [farmer-sync-2] com.example.farmer.FarmerController - GET /api/v1/farmers?page=13 200 in 31ms
2026-09-24 14:28:50.526 DEBUG [farmer-service,44d7b3ff412ca966,11d10897] [http-nio-8080-exec-2] com.example.farmer.FarmerRepository - select f.* from farmer f where f.region_id = 53
2026-09-24 14:29:14.598 DEBUG [farmer-service,3e7757b1bf982dff,68459b5d] [farmer-sync-6] com.example.farmer.FarmerRepository - select f.* from farmer f where f.region_id = 8
2026-09-24 14:29:22.510 INFO  [farmer-service,3a4089be9f568ae8,6dc8e2dc] [farmer-sync-2] com.example.common.AuditPublisher - Published 13 audit events to nightshift.audit
2026-09-24 14:29:26.317 WARN  [farmer-service,12f4f34c009be87f,12c8d056] [http-nio-8080-exec-6] com.example.farmer.FarmerController - Request from 192.0.2.210 missing X-Request-Id header, generated one
2026-09-24 14:29:38.639 INFO  [farmer-service,6c73ce8cbb44e6a6,524a9429] [farmer-sync-5] com.example.farmer.FarmerSyncScheduler - Sync batch 8784 queued, 309 pending records
2026-09-24 14:29:42.575 INFO  [farmer-service,a80837f2458636f4,661e24a5] [http-nio-8080-exec-3] com.example.farmer.FarmerSyncScheduler - Sync batch 8734 queued, 215 pending records
2026-09-24 14:31:03.516 INFO  [farmer-service,b61a4eddf6fe3ddb,31eebf1f] [farmer-sync-2] com.example.farmer.CardRenderJob - Rendered 61 cards in 1042ms
2026-09-24 14:31:13.722 ERROR [farmer-service,198faba4e176f4b3,d1ca5ecc] [http-nio-8080-exec-8] com.example.farmer.FarmerSyncService - Sync failed for batch 8953: could not acquire a database connection
java.sql.SQLTransientConnectionException: HikariPool-1 - Connection is not available, request timed out after 30001ms (total=10, active=10, idle=0, waiting=7)
	at com.zaxxer.hikari.pool.HikariPool.createTimeoutException(HikariPool.java:696)
	at com.zaxxer.hikari.pool.HikariPool.getConnection(HikariPool.java:181)
	at com.example.farmer.FarmerSyncService.pushPending(FarmerSyncService.java:36)
	at com.example.farmer.FarmerSyncScheduler.run(FarmerSyncScheduler.java:58)
2026-09-24 14:31:42.473 WARN  [farmer-service,defa237405bd41ec,f05b64d3] [http-nio-8080-exec-2] com.example.farmer.FarmerController - Request from 192.0.2.1 missing X-Request-Id header, generated one
2026-09-24 14:31:53.487 INFO  [farmer-service,117c2e44d13df7e4,f93b3266] [http-nio-8080-exec-1] com.example.common.AuditPublisher - Published 28 audit events to nightshift.audit
2026-09-24 14:32:02.784 DEBUG [farmer-service,a4d9abda79e8e393,6684dd97] [http-nio-8080-exec-2] com.example.farmer.FarmerRepository - select f.* from farmer f where f.region_id = 28
2026-09-24 14:32:49.856 INFO  [farmer-service,9da0e021234a7f85,63d0bccd] [http-nio-8080-exec-6] com.example.farmer.FarmerController - GET /api/v1/farmers?page=9 200 in 20ms
2026-09-24 14:33:43.909 INFO  [farmer-service,6c341f4a008d3ff5,b3665e27] [http-nio-8080-exec-7] com.example.farmer.FarmerController - GET /api/v1/farmers?page=27 200 in 69ms
2026-09-24 14:33:58.972 INFO  [farmer-service,d4b75d699056207b,4d926982] [http-nio-8080-exec-4] com.example.farmer.FarmerController - GET /api/v1/farmers?page=31 200 in 91ms
2026-09-24 14:34:07.010 INFO  [farmer-service,4723eee17606972f,14a4f66c] [http-nio-8080-exec-3] com.example.common.AuditPublisher - Published 21 audit events to nightshift.audit
2026-09-24 14:34:45.588 WARN  [farmer-service,f8c8c973e4483ed6,92b922ea] [farmer-sync-6] com.example.farmer.FarmerController - Request from 192.0.2.43 missing X-Request-Id header, generated one
2026-09-24 14:36:22.181 DEBUG [farmer-service,d697e2d7a5f9cb70,9ae65469] [http-nio-8080-exec-5] com.example.farmer.FarmerRepository - select f.* from farmer f where f.region_id = 11
2026-09-24 14:36:22.488 DEBUG [farmer-service,9e4ba22747949d26,e2ff204e] [farmer-sync-9] com.example.farmer.FarmerRepository - select f.* from farmer f where f.region_id = 3
2026-09-24 14:38:19.909 WARN  [farmer-service,ad9c6f3c0bfe8eda,0d84c423] [farmer-sync-9] com.example.farmer.FarmerController - Request from 192.0.2.199 missing X-Request-Id header, generated one
2026-09-24 14:38:46.659 INFO  [farmer-service,555e355c692b143e,9bce4fc0] [http-nio-8080-exec-5] com.example.farmer.CardRenderJob - Rendered 24 cards in 664ms
2026-09-24 14:40:06.055 INFO  [farmer-service,ff4262823b313c22,b1fda6d5] [http-nio-8080-exec-8] com.example.farmer.FarmerController - GET /api/v1/farmers?page=5 200 in 123ms
2026-09-24 14:41:07.719 INFO  [farmer-service,292471bd6d731419,724f92a3] [farmer-sync-6] com.example.common.AuditPublisher - Published 9 audit events to nightshift.audit
2026-09-24 14:41:16.750 DEBUG [farmer-service,e091c34bffa69551,1248d397] [farmer-sync-6] com.example.farmer.FarmerRepository - select f.* from farmer f where f.region_id = 29
2026-09-24 14:42:08.130 WARN  [farmer-service,8d5d73d1f3a2ba06,00d030ab] [farmer-sync-8] com.example.farmer.FarmerProfileService - Concurrent update on farmer 6379, retry 2 of 3
com.example.farmer.FarmerProfileService$OptimisticLockException: Row was updated by another transaction (farmer id=5794)
	at com.example.farmer.FarmerProfileService.rename(FarmerProfileService.java:27)
	at com.example.farmer.FarmerController.rename(FarmerController.java:96)
2026-09-24 14:42:18.041 INFO  [farmer-service,7acca5c0279ee73a,9ab8942b] [farmer-sync-8] com.example.farmer.FarmerController - GET /api/v1/farmers?page=3 200 in 122ms
2026-09-24 14:42:22.453 INFO  [farmer-service,050222998d0ca3f2,3aa03ac2] [http-nio-8080-exec-7] com.example.farmer.FarmerController - GET /api/v1/farmers?page=4 200 in 101ms
2026-09-24 14:43:14.359 DEBUG [farmer-service,d8e04c2050a18981,4bc443ca] [http-nio-8080-exec-1] com.example.farmer.FarmerRepository - select f.* from farmer f where f.region_id = 56
2026-09-24 14:44:25.682 DEBUG [farmer-service,aa631be76465b03f,90923940] [farmer-sync-5] com.example.farmer.FarmerRepository - select f.* from farmer f where f.region_id = 35
2026-09-24 14:44:38.044 INFO  [farmer-service,37dc9a68f6da4491,0b53b41b] [farmer-sync-9] com.example.farmer.FarmerSyncScheduler - Sync batch 8713 queued, 106 pending records
2026-09-24 14:44:54.135 INFO  [farmer-service,033a18fcd285f722,575a7baf] [http-nio-8080-exec-1] com.example.farmer.FarmerSyncScheduler - Sync batch 8465 queued, 293 pending records
2026-09-24 14:46:20.846 INFO  [farmer-service,4fd0bf78e6a30352,2ecc5fb1] [farmer-sync-8] com.example.farmer.CardRenderJob - Rendered 87 cards in 1988ms
2026-09-24 14:46:47.700 WARN  [farmer-service,7e52e18f6bcf302e,4633bee6] [farmer-sync-1] com.example.farmer.FarmerController - Request from 192.0.2.45 missing X-Request-Id header, generated one
2026-09-24 14:47:09.400 INFO  [farmer-service,d0741ea2b802384e,59af9a68] [farmer-sync-7] com.example.farmer.CardRenderJob - Rendered 58 cards in 2132ms
2026-09-24 14:48:42.045 INFO  [farmer-service,31ffd44907887806,c1b98a74] [http-nio-8080-exec-8] com.example.farmer.FarmerController - GET /api/v1/farmers?page=17 200 in 41ms
2026-09-24 14:50:59.197 WARN  [farmer-service,f2d4987ba1191423,2d60aba8] [http-nio-8080-exec-6] com.example.farmer.FarmerController - Request from 192.0.2.113 missing X-Request-Id header, generated one
2026-09-24 14:51:54.254 INFO  [farmer-service,34c024903012a0ee,307d9224] [farmer-sync-5] com.example.farmer.FarmerController - GET /api/v1/farmers?page=38 200 in 91ms
2026-09-24 14:52:57.116 INFO  [farmer-service,45bee14ead471c0d,2daa90ce] [http-nio-8080-exec-7] com.example.common.AuditPublisher - Published 23 audit events to nightshift.audit
2026-09-24 14:55:00.755 ERROR [farmer-service,959689b5cc353aac,59bda976] [farmer-sync-1] com.example.farmer.FarmerSyncService - Sync failed for batch 8855: could not acquire a database connection
java.sql.SQLTransientConnectionException: HikariPool-1 - Connection is not available, request timed out after 30001ms (total=10, active=10, idle=0, waiting=7)
	at com.zaxxer.hikari.pool.HikariPool.createTimeoutException(HikariPool.java:696)
	at com.zaxxer.hikari.pool.HikariPool.getConnection(HikariPool.java:181)
	at com.example.farmer.FarmerSyncService.pushPending(FarmerSyncService.java:36)
	at com.example.farmer.FarmerSyncScheduler.run(FarmerSyncScheduler.java:58)
2026-09-24 14:57:07.044 DEBUG [farmer-service,02709eb54ee69d55,a5753151] [http-nio-8080-exec-3] com.example.farmer.FarmerRepository - select f.* from farmer f where f.region_id = 58
2026-09-24 14:57:18.737 WARN  [farmer-service,bf78c48e1ae1ba67,36a7fc2b] [farmer-sync-3] com.example.farmer.FarmerController - Request from 192.0.2.40 missing X-Request-Id header, generated one
2026-09-24 14:57:40.480 DEBUG [farmer-service,5853e3a63b1f871a,3c8bd667] [http-nio-8080-exec-9] com.example.farmer.FarmerRepository - select f.* from farmer f where f.region_id = 18
2026-09-24 14:57:59.274 DEBUG [farmer-service,095f299d4431ffd6,8c45a95e] [farmer-sync-4] com.example.farmer.FarmerRepository - select f.* from farmer f where f.region_id = 45
2026-09-24 14:58:17.479 ERROR [farmer-service,8921a61aadff512d,09d69d75] [farmer-sync-4] com.example.farmer.FarmerSyncService - Sync failed for batch 8969: could not acquire a database connection
java.sql.SQLTransientConnectionException: HikariPool-1 - Connection is not available, request timed out after 30001ms (total=10, active=10, idle=0, waiting=7)
	at com.zaxxer.hikari.pool.HikariPool.createTimeoutException(HikariPool.java:696)
	at com.zaxxer.hikari.pool.HikariPool.getConnection(HikariPool.java:181)
	at com.example.farmer.FarmerSyncService.pushPending(FarmerSyncService.java:36)
	at com.example.farmer.FarmerSyncScheduler.run(FarmerSyncScheduler.java:58)
2026-09-24 14:58:40.797 INFO  [farmer-service,94bb411ca7c3ceb9,a493ae44] [http-nio-8080-exec-9] com.example.farmer.CardRenderJob - Rendered 22 cards in 929ms
2026-09-24 14:59:37.939 INFO  [farmer-service,8aa614ebbd55969b,3aea1b1d] [farmer-sync-1] com.example.farmer.FarmerController - GET /api/v1/farmers?page=12 200 in 132ms
2026-09-24 14:59:57.790 INFO  [farmer-service,016e39835e1d3dca,e7afccd7] [http-nio-8080-exec-8] com.example.common.AuditPublisher - Published 1 audit events to nightshift.audit
2026-09-24 15:01:16.453 INFO  [farmer-service,37b7c29f434394e6,a51ef6bb] [http-nio-8080-exec-5] com.example.farmer.CardRenderJob - Rendered 69 cards in 250ms
2026-09-24 15:01:48.203 INFO  [farmer-service,6619b183c732c8a3,f0ce0584] [http-nio-8080-exec-8] com.example.common.AuditPublisher - Published 16 audit events to nightshift.audit
2026-09-24 15:02:30.877 ERROR [farmer-service,02c682fec264bd46,d5a78a17] [http-nio-8080-exec-6] com.example.farmer.FarmerSyncService - Sync failed for batch 8380: could not acquire a database connection
java.sql.SQLTransientConnectionException: HikariPool-1 - Connection is not available, request timed out after 30001ms (total=10, active=10, idle=0, waiting=7)
	at com.zaxxer.hikari.pool.HikariPool.createTimeoutException(HikariPool.java:696)
	at com.zaxxer.hikari.pool.HikariPool.getConnection(HikariPool.java:181)
	at com.example.farmer.FarmerSyncService.pushPending(FarmerSyncService.java:36)
	at com.example.farmer.FarmerSyncScheduler.run(FarmerSyncScheduler.java:58)
2026-09-24 15:02:36.321 INFO  [farmer-service,e77eac75bf072585,b882c0ac] [farmer-sync-2] com.example.farmer.CardRenderJob - Rendered 89 cards in 1810ms
2026-09-24 15:03:25.066 INFO  [farmer-service,9aab2dac8e298916,6b9dcbc5] [farmer-sync-2] com.example.farmer.FarmerController - GET /api/v1/farmers?page=17 200 in 17ms
2026-09-24 15:04:48.209 DEBUG [farmer-service,cc856e840b332d22,d3abb80a] [farmer-sync-7] com.example.farmer.FarmerRepository - select f.* from farmer f where f.region_id = 20
2026-09-24 15:05:34.433 WARN  [farmer-service,f04fcff6bbb6e084,463477ca] [farmer-sync-5] com.example.farmer.FarmerProfileService - Concurrent update on farmer 7014, retry 1 of 3
com.example.farmer.FarmerProfileService$OptimisticLockException: Row was updated by another transaction (farmer id=9525)
	at com.example.farmer.FarmerProfileService.rename(FarmerProfileService.java:27)
	at com.example.farmer.FarmerController.rename(FarmerController.java:96)
2026-09-24 15:06:09.468 WARN  [farmer-service,84d1f6258846ded5,20d555e2] [http-nio-8080-exec-4] com.example.farmer.FarmerProfileService - Concurrent update on farmer 1909, retry 2 of 3
com.example.farmer.FarmerProfileService$OptimisticLockException: Row was updated by another transaction (farmer id=4895)
	at com.example.farmer.FarmerProfileService.rename(FarmerProfileService.java:27)
	at com.example.farmer.FarmerController.rename(FarmerController.java:96)
2026-09-24 15:06:53.478 DEBUG [farmer-service,d342478c8ccfb16a,59bdac79] [http-nio-8080-exec-3] com.example.farmer.FarmerRepository - select f.* from farmer f where f.region_id = 41
2026-09-24 15:06:57.659 INFO  [farmer-service,9cd35a6b06c12228,ff643a86] [farmer-sync-3] com.example.farmer.FarmerController - GET /api/v1/farmers?page=9 200 in 96ms
2026-09-24 15:13:02.209 WARN  [farmer-service,22dc62832474adfc,f368cfb2] [http-nio-8080-exec-9] com.example.farmer.FarmerController - Request from 192.0.2.176 missing X-Request-Id header, generated one
2026-09-24 15:13:41.793 INFO  [farmer-service,01f4859507089248,23526e9f] [farmer-sync-6] com.example.common.AuditPublisher - Published 21 audit events to nightshift.audit
2026-09-24 15:14:20.390 WARN  [farmer-service,d9c218b55941e460,4ec35ea5] [farmer-sync-3] com.example.farmer.FarmerController - Request from 192.0.2.67 missing X-Request-Id header, generated one
2026-09-24 15:15:00.875 INFO  [farmer-service,9d7be41f4b4728c6,9af48cd7] [farmer-sync-9] com.example.farmer.CardRenderJob - Rendered 53 cards in 481ms
2026-09-24 15:15:45.925 INFO  [farmer-service,279dc962cce3d71c,c9970c67] [farmer-sync-3] com.example.farmer.FarmerController - GET /api/v1/farmers?page=39 200 in 114ms
2026-09-24 15:16:23.640 DEBUG [farmer-service,d4596b28a4db57b7,82006434] [http-nio-8080-exec-1] com.example.farmer.FarmerRepository - select f.* from farmer f where f.region_id = 44
2026-09-24 15:16:35.860 ERROR [farmer-service,64184ae963518c4c,6c18364c] [http-nio-8080-exec-5] com.example.farmer.CardRenderJob - Failed to render card label for farmer 56019
java.lang.NullPointerException: Cannot invoke "String.charAt(int)" because "middleName" is null
	at com.example.common.NameFormatter.initials(NameFormatter.java:22)
	at com.example.farmer.FarmerSyncService.cardLabel(FarmerSyncService.java:53)
	at com.example.farmer.CardRenderJob.render(CardRenderJob.java:74)
	at java.base/java.util.concurrent.ThreadPoolExecutor.runWorker(ThreadPoolExecutor.java:1144)
	at java.base/java.lang.Thread.run(Thread.java:1583)
2026-09-24 15:17:14.668 INFO  [farmer-service,219c61a0ba3c5dd0,cc03f17f] [farmer-sync-5] com.example.farmer.FarmerController - GET /api/v1/farmers?page=31 200 in 59ms
2026-09-24 15:17:36.456 WARN  [farmer-service,2126c06e40f26644,356fcd22] [farmer-sync-2] com.example.farmer.FarmerController - Request from 192.0.2.134 missing X-Request-Id header, generated one
2026-09-24 15:18:17.422 INFO  [farmer-service,4b2a4f5f18eca985,78cda2ca] [http-nio-8080-exec-4] com.example.farmer.FarmerController - GET /api/v1/farmers?page=34 200 in 49ms
2026-09-24 15:18:25.573 DEBUG [farmer-service,7ca150175db5a307,2865102e] [http-nio-8080-exec-1] com.example.farmer.FarmerRepository - select f.* from farmer f where f.region_id = 52
2026-09-24 15:18:46.044 INFO  [farmer-service,e875bd2020d44ef5,18af3f25] [http-nio-8080-exec-6] com.example.common.AuditPublisher - Published 21 audit events to nightshift.audit
2026-09-24 15:18:58.691 INFO  [farmer-service,8f1e15232414cd71,f7ea1874] [farmer-sync-3] com.example.farmer.FarmerController - GET /api/v1/farmers?page=20 200 in 138ms
2026-09-24 15:19:27.675 DEBUG [farmer-service,3016273941c9f537,1c01e5bb] [http-nio-8080-exec-5] com.example.farmer.FarmerRepository - select f.* from farmer f where f.region_id = 16
2026-09-24 15:20:56.199 DEBUG [farmer-service,fb28ba32c75406b9,5193a8dd] [http-nio-8080-exec-6] com.example.farmer.FarmerRepository - select f.* from farmer f where f.region_id = 50
2026-09-24 15:21:29.974 INFO  [farmer-service,a295cfafe557317b,efe33159] [farmer-sync-4] com.example.farmer.FarmerSyncScheduler - Sync batch 8751 queued, 318 pending records
2026-09-24 15:23:00.751 DEBUG [farmer-service,167c59affa24a76c,b6121edf] [farmer-sync-9] com.example.farmer.FarmerRepository - select f.* from farmer f where f.region_id = 23
2026-09-24 15:23:29.939 INFO  [farmer-service,c5ed5bfb43783e89,7a7746ec] [farmer-sync-3] com.example.farmer.FarmerController - GET /api/v1/farmers?page=29 200 in 71ms
2026-09-24 15:23:40.687 DEBUG [farmer-service,ce9d1551620bf79c,21f36431] [farmer-sync-2] com.example.farmer.FarmerRepository - select f.* from farmer f where f.region_id = 49
2026-09-24 15:23:43.818 INFO  [farmer-service,517d482a79d2a9e8,82b9795f] [farmer-sync-5] com.example.farmer.FarmerSyncScheduler - Sync batch 8111 queued, 336 pending records
2026-09-24 15:23:49.578 WARN  [farmer-service,e91cf1d90d32855a,6f23ca61] [farmer-sync-3] com.example.farmer.FarmerController - Request from 192.0.2.127 missing X-Request-Id header, generated one
2026-09-24 15:25:22.324 INFO  [farmer-service,0f5462625f007d89,2dfc8abf] [farmer-sync-8] com.example.farmer.CardRenderJob - Rendered 81 cards in 1074ms
2026-09-24 15:26:34.121 INFO  [farmer-service,90ccd90be577f08c,56010892] [farmer-sync-7] com.example.farmer.FarmerSyncScheduler - Sync batch 8543 queued, 86 pending records
2026-09-24 15:26:44.232 INFO  [farmer-service,bbda18d1b6a8c921,0aae43bd] [farmer-sync-1] com.example.farmer.FarmerSyncScheduler - Sync batch 8152 queued, 329 pending records
2026-09-24 15:26:44.961 INFO  [farmer-service,8932fb15cdd16ecb,9192d03f] [http-nio-8080-exec-4] com.example.farmer.CardRenderJob - Rendered 30 cards in 998ms
2026-09-24 15:28:45.741 WARN  [farmer-service,dfb72c796d0abaa5,0105e01c] [farmer-sync-9] com.example.farmer.FarmerController - Request from 192.0.2.15 missing X-Request-Id header, generated one
2026-09-24 15:29:55.900 INFO  [farmer-service,8d1076179fc4e3c5,c231d9b4] [farmer-sync-3] com.example.common.AuditPublisher - Published 11 audit events to nightshift.audit
2026-09-24 15:32:37.199 INFO  [farmer-service,1d2d2f5c728afe2e,0ea6850d] [http-nio-8080-exec-8] com.example.farmer.FarmerController - GET /api/v1/farmers?page=14 200 in 85ms
2026-09-24 15:32:37.591 INFO  [farmer-service,c8a443feb792b8bb,9df459ee] [farmer-sync-4] com.example.farmer.FarmerController - GET /api/v1/farmers?page=13 200 in 19ms
2026-09-24 15:33:03.531 DEBUG [farmer-service,b0eb8266bba10c1a,13f5e911] [http-nio-8080-exec-4] com.example.farmer.FarmerRepository - select f.* from farmer f where f.region_id = 22
2026-09-24 15:33:10.584 INFO  [farmer-service,8ae91fa987e512c9,6e80683e] [farmer-sync-7] com.example.farmer.CardRenderJob - Rendered 43 cards in 992ms
2026-09-24 15:34:49.494 ERROR [farmer-service,e00fef146f16ee3a,426e1ba2] [farmer-sync-4] com.example.farmer.FarmerSyncService - Sync failed for batch 8278: could not acquire a database connection
java.sql.SQLTransientConnectionException: HikariPool-1 - Connection is not available, request timed out after 30001ms (total=10, active=10, idle=0, waiting=7)
	at com.zaxxer.hikari.pool.HikariPool.createTimeoutException(HikariPool.java:696)
	at com.zaxxer.hikari.pool.HikariPool.getConnection(HikariPool.java:181)
	at com.example.farmer.FarmerSyncService.pushPending(FarmerSyncService.java:36)
	at com.example.farmer.FarmerSyncScheduler.run(FarmerSyncScheduler.java:58)
2026-09-24 15:35:49.899 INFO  [farmer-service,42414548d28ca039,f5a5cc19] [farmer-sync-7] com.example.farmer.CardRenderJob - Rendered 15 cards in 646ms
2026-09-24 15:37:31.558 INFO  [farmer-service,942d17b2878dbc63,d6feab34] [http-nio-8080-exec-9] com.example.farmer.FarmerController - GET /api/v1/farmers?page=14 200 in 20ms
2026-09-24 15:37:37.072 INFO  [farmer-service,09d90039dc085550,9d4f189a] [farmer-sync-6] com.example.common.AuditPublisher - Published 27 audit events to nightshift.audit
2026-09-24 15:39:22.987 INFO  [farmer-service,dfa80aaa254e1040,97950969] [http-nio-8080-exec-5] com.example.farmer.CardRenderJob - Rendered 19 cards in 1022ms
2026-09-24 15:39:47.338 WARN  [farmer-service,637bb3fe904229d9,d93e3360] [farmer-sync-2] com.example.farmer.FarmerController - Request from 192.0.2.231 missing X-Request-Id header, generated one
2026-09-24 15:43:23.531 INFO  [farmer-service,bc6442fcee67c5e5,d5427d22] [farmer-sync-7] com.example.farmer.CardRenderJob - Rendered 20 cards in 1921ms
2026-09-24 15:43:28.953 WARN  [farmer-service,66b9bd02afd773e3,30559335] [http-nio-8080-exec-7] com.example.farmer.FarmerController - Request from 192.0.2.175 missing X-Request-Id header, generated one
2026-09-24 15:44:38.775 DEBUG [farmer-service,74578d0addd03d98,1c027f67] [http-nio-8080-exec-4] com.example.farmer.FarmerRepository - select f.* from farmer f where f.region_id = 35
2026-09-24 15:45:41.492 INFO  [farmer-service,f0ff35226296472a,a20c13df] [http-nio-8080-exec-9] com.example.common.AuditPublisher - Published 10 audit events to nightshift.audit
2026-09-24 15:46:02.043 INFO  [farmer-service,74c572dca31431db,fa9a6ad9] [http-nio-8080-exec-7] com.example.farmer.FarmerController - GET /api/v1/farmers?page=14 200 in 88ms
2026-09-24 15:48:23.393 INFO  [farmer-service,454e607fa4e539ba,321d228a] [farmer-sync-3] com.example.farmer.FarmerSyncScheduler - Sync batch 8047 queued, 346 pending records
2026-09-24 15:49:35.982 DEBUG [farmer-service,14f8abc1fc6d159f,a13fce60] [http-nio-8080-exec-7] com.example.farmer.FarmerRepository - select f.* from farmer f where f.region_id = 39
2026-09-24 15:49:40.160 WARN  [farmer-service,135bea290145f675,614ab318] [http-nio-8080-exec-4] com.example.farmer.FarmerController - Request from 192.0.2.172 missing X-Request-Id header, generated one
2026-09-24 15:50:21.856 INFO  [farmer-service,4fdf05cd670adb58,0a1e85b3] [farmer-sync-3] com.example.common.AuditPublisher - Published 6 audit events to nightshift.audit
2026-09-24 15:52:25.732 INFO  [farmer-service,bf6f5009185eaea5,1c8ad8ed] [farmer-sync-3] com.example.farmer.FarmerSyncScheduler - Sync batch 8548 queued, 39 pending records
2026-09-24 15:55:52.130 ERROR [farmer-service,805f1e72c6f96dc6,050c6130] [http-nio-8080-exec-3] com.example.farmer.FarmerSyncService - Sync failed for batch 8946: could not acquire a database connection
java.sql.SQLTransientConnectionException: HikariPool-1 - Connection is not available, request timed out after 30001ms (total=10, active=10, idle=0, waiting=7)
	at com.zaxxer.hikari.pool.HikariPool.createTimeoutException(HikariPool.java:696)
	at com.zaxxer.hikari.pool.HikariPool.getConnection(HikariPool.java:181)
	at com.example.farmer.FarmerSyncService.pushPending(FarmerSyncService.java:36)
	at com.example.farmer.FarmerSyncScheduler.run(FarmerSyncScheduler.java:58)
2026-09-24 15:55:55.766 WARN  [farmer-service,66533e09b69e6196,3df8f3f2] [http-nio-8080-exec-6] com.example.farmer.FarmerController - Request from 192.0.2.57 missing X-Request-Id header, generated one
2026-09-24 15:57:36.122 INFO  [farmer-service,f3c8528db9f54131,581d9ed8] [http-nio-8080-exec-4] com.example.farmer.FarmerSyncScheduler - Sync batch 8541 queued, 233 pending records
2026-09-24 15:57:55.980 WARN  [farmer-service,fcf15b054128fea6,2ad8cc52] [farmer-sync-9] com.example.farmer.FarmerController - Request from 192.0.2.76 missing X-Request-Id header, generated one
2026-09-24 15:58:30.708 INFO  [farmer-service,5f84c157415c8897,5df36a87] [http-nio-8080-exec-1] com.example.farmer.FarmerController - GET /api/v1/farmers?page=16 200 in 80ms
2026-09-24 15:59:09.802 WARN  [farmer-service,ad3e87d7fdd6080c,6d77bbc1] [farmer-sync-3] com.example.farmer.FarmerController - Request from 192.0.2.242 missing X-Request-Id header, generated one
2026-09-24 15:59:39.580 DEBUG [farmer-service,83febcb29cbbff75,3f758ac5] [http-nio-8080-exec-2] com.example.farmer.FarmerRepository - select f.* from farmer f where f.region_id = 49
2026-09-24 15:59:58.808 INFO  [farmer-service,b2693a98f42710a2,b3e34de2] [farmer-sync-7] com.example.farmer.FarmerSyncScheduler - Sync batch 8578 queued, 66 pending records
2026-09-24 16:01:14.188 INFO  [farmer-service,88e4c31a2ed7863d,5f1eec2c] [farmer-sync-4] com.example.common.AuditPublisher - Published 26 audit events to nightshift.audit
2026-09-24 16:01:56.718 WARN  [farmer-service,b4cce608a5fbb430,e61a574a] [http-nio-8080-exec-6] com.example.farmer.FarmerController - Request from 192.0.2.165 missing X-Request-Id header, generated one
2026-09-24 16:02:01.022 INFO  [farmer-service,5db15f9632ef480a,3d7015a7] [http-nio-8080-exec-6] com.example.common.AuditPublisher - Published 5 audit events to nightshift.audit
2026-09-24 16:04:57.423 ERROR [farmer-service,efef28ada6d6aea2,827d3856] [farmer-sync-1] com.example.farmer.FarmerSyncService - Sync failed for batch 8537: could not acquire a database connection
java.sql.SQLTransientConnectionException: HikariPool-1 - Connection is not available, request timed out after 30001ms (total=10, active=10, idle=0, waiting=7)
	at com.zaxxer.hikari.pool.HikariPool.createTimeoutException(HikariPool.java:696)
	at com.zaxxer.hikari.pool.HikariPool.getConnection(HikariPool.java:181)
	at com.example.farmer.FarmerSyncService.pushPending(FarmerSyncService.java:36)
	at com.example.farmer.FarmerSyncScheduler.run(FarmerSyncScheduler.java:58)
2026-09-24 16:06:45.320 INFO  [farmer-service,d2ea99e2dfdac51b,97e2f3ba] [farmer-sync-6] com.example.farmer.FarmerController - GET /api/v1/farmers?page=29 200 in 31ms
2026-09-24 16:07:16.102 INFO  [farmer-service,c75115843194cf2a,f4045d20] [farmer-sync-6] com.example.common.AuditPublisher - Published 19 audit events to nightshift.audit
2026-09-24 16:07:22.834 INFO  [farmer-service,4b84e300602844d2,19245f87] [farmer-sync-9] com.example.farmer.FarmerController - GET /api/v1/farmers?page=31 200 in 131ms
2026-09-24 16:07:48.395 INFO  [farmer-service,f6c0aff165be223d,498d1370] [farmer-sync-8] com.example.farmer.FarmerSyncScheduler - Sync batch 8633 queued, 267 pending records
2026-09-24 16:08:28.248 ERROR [farmer-service,707ce8394513c1db,c7d6ca1c] [farmer-sync-8] com.example.farmer.FarmerSyncService - Sync failed for batch 8055: could not acquire a database connection
java.sql.SQLTransientConnectionException: HikariPool-1 - Connection is not available, request timed out after 30001ms (total=10, active=10, idle=0, waiting=7)
	at com.zaxxer.hikari.pool.HikariPool.createTimeoutException(HikariPool.java:696)
	at com.zaxxer.hikari.pool.HikariPool.getConnection(HikariPool.java:181)
	at com.example.farmer.FarmerSyncService.pushPending(FarmerSyncService.java:36)
	at com.example.farmer.FarmerSyncScheduler.run(FarmerSyncScheduler.java:58)
2026-09-24 16:09:08.079 INFO  [farmer-service,4b1468ef61e2fb7b,f30ae0d1] [farmer-sync-9] com.example.farmer.CardRenderJob - Rendered 10 cards in 1390ms
2026-09-24 16:09:17.580 INFO  [farmer-service,c63df410651de018,60d4b5b3] [farmer-sync-2] com.example.farmer.FarmerController - GET /api/v1/farmers?page=16 200 in 31ms
2026-09-24 16:09:47.267 INFO  [farmer-service,09c546e2998ef6c9,b751f70d] [farmer-sync-7] com.example.farmer.FarmerSyncScheduler - Sync batch 8318 queued, 344 pending records
2026-09-24 16:10:04.910 INFO  [farmer-service,cc791f987d8ccc89,3c7dcc13] [http-nio-8080-exec-6] com.example.farmer.FarmerController - GET /api/v1/farmers?page=33 200 in 86ms
2026-09-24 16:11:15.856 INFO  [farmer-service,da342843dd67d4a9,41911c07] [farmer-sync-8] com.example.common.AuditPublisher - Published 1 audit events to nightshift.audit
2026-09-24 16:11:23.489 WARN  [farmer-service,7faf74803c40d7c3,2d6529a1] [http-nio-8080-exec-7] com.example.farmer.FarmerController - Request from 192.0.2.177 missing X-Request-Id header, generated one
2026-09-24 16:13:02.156 WARN  [farmer-service,8b715e4a4d8ea24b,503f895d] [farmer-sync-1] com.example.farmer.FarmerController - Request from 192.0.2.122 missing X-Request-Id header, generated one
2026-09-24 16:13:39.846 INFO  [farmer-service,5e91fc283e2e61bf,9ac19f8b] [farmer-sync-1] com.example.farmer.FarmerSyncScheduler - Sync batch 8916 queued, 390 pending records
2026-09-24 16:13:40.488 WARN  [farmer-service,2a139c58b7958a72,b111a2e9] [farmer-sync-1] com.example.farmer.FarmerController - Request from 192.0.2.195 missing X-Request-Id header, generated one
2026-09-24 16:13:57.836 WARN  [farmer-service,16eca81477aa3e1f,353980de] [http-nio-8080-exec-3] com.example.farmer.FarmerController - Request from 192.0.2.208 missing X-Request-Id header, generated one
2026-09-24 16:14:05.900 WARN  [farmer-service,480ed75d79ed3c48,d4a0c1c0] [http-nio-8080-exec-1] com.example.farmer.FarmerController - Request from 192.0.2.66 missing X-Request-Id header, generated one
2026-09-24 16:15:46.780 INFO  [farmer-service,b6032b7599e9e300,77531d4c] [http-nio-8080-exec-7] com.example.common.AuditPublisher - Published 24 audit events to nightshift.audit
2026-09-24 16:16:03.973 INFO  [farmer-service,704336a90c23ae04,1aeb8448] [http-nio-8080-exec-5] com.example.farmer.FarmerSyncScheduler - Sync batch 8984 queued, 223 pending records
2026-09-24 16:16:57.405 INFO  [farmer-service,5fe0e5fc10c10a94,845795c5] [farmer-sync-5] com.example.common.AuditPublisher - Published 7 audit events to nightshift.audit
2026-09-24 16:18:05.102 INFO  [farmer-service,ac76c65be799fbac,cb20106d] [http-nio-8080-exec-3] com.example.farmer.FarmerSyncScheduler - Sync batch 8540 queued, 205 pending records
2026-09-24 16:18:41.863 DEBUG [farmer-service,d7a5aba4ff4c2489,2b99b9db] [farmer-sync-8] com.example.farmer.FarmerRepository - select f.* from farmer f where f.region_id = 57
2026-09-24 16:19:00.006 DEBUG [farmer-service,f4e9d504ded0f04f,aace1750] [farmer-sync-8] com.example.farmer.FarmerRepository - select f.* from farmer f where f.region_id = 18
2026-09-24 16:19:12.143 DEBUG [farmer-service,14e4658af158d907,95e390c3] [http-nio-8080-exec-8] com.example.farmer.FarmerRepository - select f.* from farmer f where f.region_id = 39
2026-09-24 16:19:18.952 INFO  [farmer-service,9fdab2daebb2fb8a,ddd99cd0] [farmer-sync-6] com.example.common.AuditPublisher - Published 13 audit events to nightshift.audit
2026-09-24 16:20:35.684 INFO  [farmer-service,9003e96fd8d4550e,f804fe21] [farmer-sync-4] com.example.farmer.FarmerSyncScheduler - Sync batch 8351 queued, 50 pending records
2026-09-24 16:20:59.460 INFO  [farmer-service,ab48bb6a8dc84fc9,95f3546a] [farmer-sync-5] com.example.farmer.FarmerSyncScheduler - Sync batch 8368 queued, 270 pending records
2026-09-24 16:21:05.805 INFO  [farmer-service,0634c354b89d981f,6e368812] [farmer-sync-3] com.example.farmer.CardRenderJob - Rendered 21 cards in 1944ms
2026-09-24 16:21:21.288 INFO  [farmer-service,fc6c2d18788d4839,55c378ad] [farmer-sync-7] com.example.farmer.FarmerController - GET /api/v1/farmers?page=19 200 in 35ms
2026-09-24 16:21:56.487 DEBUG [farmer-service,b2c2e1587d374d33,6cd03046] [http-nio-8080-exec-4] com.example.farmer.FarmerRepository - select f.* from farmer f where f.region_id = 10
2026-09-24 16:23:16.939 INFO  [farmer-service,ccd6ce6470119c48,dd5366b4] [http-nio-8080-exec-7] com.example.farmer.FarmerSyncScheduler - Sync batch 8408 queued, 85 pending records
2026-09-24 16:23:37.082 INFO  [farmer-service,b250a526005f4e5a,638485f0] [farmer-sync-7] com.example.farmer.CardRenderJob - Rendered 33 cards in 1513ms
2026-09-24 16:23:41.174 INFO  [farmer-service,fe95e680dba7da0f,03c4e56f] [farmer-sync-3] com.example.farmer.FarmerSyncScheduler - Sync batch 8544 queued, 345 pending records
2026-09-24 16:24:57.188 WARN  [farmer-service,4d03488cf9bf3f75,61122233] [http-nio-8080-exec-3] com.example.farmer.FarmerController - Request from 192.0.2.69 missing X-Request-Id header, generated one
2026-09-24 16:25:07.765 DEBUG [farmer-service,3b6937abc00622c8,4e8f6a97] [farmer-sync-1] com.example.farmer.FarmerRepository - select f.* from farmer f where f.region_id = 17
2026-09-24 16:26:27.101 INFO  [farmer-service,11439ce00f878fdc,110fc167] [farmer-sync-9] com.example.farmer.FarmerSyncScheduler - Sync batch 8649 queued, 136 pending records
2026-09-24 16:27:46.833 WARN  [farmer-service,4262e72cf54ad6e9,832dcf05] [farmer-sync-2] com.example.farmer.FarmerController - Request from 192.0.2.1 missing X-Request-Id header, generated one
2026-09-24 16:28:47.014 INFO  [farmer-service,e3ddbedba80c2240,d611d929] [http-nio-8080-exec-5] com.example.farmer.CardRenderJob - Rendered 15 cards in 431ms
2026-09-24 16:29:57.556 INFO  [farmer-service,df7a9dab6efff5e9,08af36e2] [http-nio-8080-exec-5] com.example.farmer.FarmerController - GET /api/v1/farmers?page=11 200 in 75ms
2026-09-24 16:30:02.273 DEBUG [farmer-service,bdf24bbaef31e080,594425e5] [farmer-sync-3] com.example.farmer.FarmerRepository - select f.* from farmer f where f.region_id = 14
2026-09-24 16:31:28.271 INFO  [farmer-service,796188d6377057f5,69053543] [farmer-sync-7] com.example.farmer.FarmerSyncScheduler - Sync batch 8928 queued, 361 pending records
2026-09-24 16:31:37.454 INFO  [farmer-service,bbf0c6f7c5a8757b,65f43208] [http-nio-8080-exec-2] com.example.farmer.CardRenderJob - Rendered 79 cards in 1902ms
2026-09-24 16:31:45.147 WARN  [farmer-service,603d99c035522bed,99a1a70b] [http-nio-8080-exec-5] com.example.farmer.FarmerController - Request from 192.0.2.233 missing X-Request-Id header, generated one
2026-09-24 16:32:38.479 INFO  [farmer-service,a6217c560de9b39d,843af492] [http-nio-8080-exec-6] com.example.farmer.FarmerController - GET /api/v1/farmers?page=11 200 in 37ms
2026-09-24 16:32:56.938 INFO  [farmer-service,055d3e4be7a512fd,d35625f9] [http-nio-8080-exec-6] com.example.farmer.CardRenderJob - Rendered 18 cards in 1466ms
2026-09-24 16:35:05.333 DEBUG [farmer-service,673f3fb4a1feab0e,d3b102f9] [http-nio-8080-exec-9] com.example.farmer.FarmerRepository - select f.* from farmer f where f.region_id = 23
2026-09-24 16:35:42.105 INFO  [farmer-service,c45e76ee3bed6832,885a9962] [farmer-sync-7] com.example.farmer.FarmerSyncScheduler - Sync batch 8601 queued, 198 pending records
2026-09-24 16:35:47.216 ERROR [farmer-service,f6934058bf0f62ea,396241b2] [http-nio-8080-exec-9] com.example.farmer.FarmerSyncService - Sync failed for batch 8825: could not acquire a database connection
java.sql.SQLTransientConnectionException: HikariPool-1 - Connection is not available, request timed out after 30001ms (total=10, active=10, idle=0, waiting=7)
	at com.zaxxer.hikari.pool.HikariPool.createTimeoutException(HikariPool.java:696)
	at com.zaxxer.hikari.pool.HikariPool.getConnection(HikariPool.java:181)
	at com.example.farmer.FarmerSyncService.pushPending(FarmerSyncService.java:36)
	at com.example.farmer.FarmerSyncScheduler.run(FarmerSyncScheduler.java:58)
2026-09-24 16:37:07.514 INFO  [farmer-service,30b2974de02b20ef,1f83b4fd] [http-nio-8080-exec-7] com.example.common.AuditPublisher - Published 4 audit events to nightshift.audit
2026-09-24 16:39:12.734 INFO  [farmer-service,78c34b85c523ea08,e6fc4fdb] [farmer-sync-7] com.example.common.AuditPublisher - Published 22 audit events to nightshift.audit
2026-09-24 16:39:46.744 WARN  [farmer-service,db54e3425bc1b345,11691385] [http-nio-8080-exec-1] com.example.farmer.FarmerController - Request from 192.0.2.214 missing X-Request-Id header, generated one
2026-09-24 16:40:11.904 DEBUG [farmer-service,49d80916b20735a1,5ebdc220] [farmer-sync-6] com.example.farmer.FarmerRepository - select f.* from farmer f where f.region_id = 2
2026-09-24 16:40:25.756 INFO  [farmer-service,a900f33e75b7906f,0336762b] [farmer-sync-6] com.example.farmer.FarmerSyncScheduler - Sync batch 8699 queued, 285 pending records
2026-09-24 16:40:33.876 ERROR [farmer-service,739be434956ed2bc,99661e18] [http-nio-8080-exec-6] com.example.farmer.FarmerSyncService - Sync failed for batch 8124: could not acquire a database connection
java.sql.SQLTransientConnectionException: HikariPool-1 - Connection is not available, request timed out after 30001ms (total=10, active=10, idle=0, waiting=7)
	at com.zaxxer.hikari.pool.HikariPool.createTimeoutException(HikariPool.java:696)
	at com.zaxxer.hikari.pool.HikariPool.getConnection(HikariPool.java:181)
	at com.example.farmer.FarmerSyncService.pushPending(FarmerSyncService.java:36)
	at com.example.farmer.FarmerSyncScheduler.run(FarmerSyncScheduler.java:58)
2026-09-24 16:41:35.718 WARN  [farmer-service,dac3d291db5e0e86,db6d84c8] [farmer-sync-8] com.example.farmer.FarmerController - Request from 192.0.2.131 missing X-Request-Id header, generated one
2026-09-24 16:42:27.582 INFO  [farmer-service,eacaaeb13f819d5d,484bc2b7] [farmer-sync-9] com.example.farmer.FarmerSyncScheduler - Sync batch 8677 queued, 166 pending records
2026-09-24 16:42:38.047 DEBUG [farmer-service,6d39de050425a8a8,e7132fc8] [farmer-sync-4] com.example.farmer.FarmerRepository - select f.* from farmer f where f.region_id = 26
2026-09-24 16:43:01.355 INFO  [farmer-service,8c6c1eb30b0272b1,bbcc7619] [farmer-sync-1] com.example.farmer.FarmerSyncScheduler - Sync batch 8751 queued, 274 pending records
2026-09-24 16:43:55.292 WARN  [farmer-service,91e404830bb5b5be,7c6d28ef] [farmer-sync-8] com.example.farmer.FarmerController - Request from 192.0.2.17 missing X-Request-Id header, generated one
2026-09-24 16:43:55.937 WARN  [farmer-service,b823d1b2657250ca,96e911ce] [http-nio-8080-exec-2] com.example.farmer.FarmerController - Request from 192.0.2.163 missing X-Request-Id header, generated one
2026-09-24 16:44:17.911 INFO  [farmer-service,e589e3be9361a48f,fd2931d9] [http-nio-8080-exec-6] com.example.farmer.FarmerSyncScheduler - Sync batch 8843 queued, 23 pending records
2026-09-24 16:44:37.500 INFO  [farmer-service,6ac2fbd175d788f9,7c30bbc3] [farmer-sync-1] com.example.farmer.FarmerController - GET /api/v1/farmers?page=29 200 in 94ms
2026-09-24 16:44:51.321 DEBUG [farmer-service,d81009619788c739,db7025b7] [farmer-sync-4] com.example.farmer.FarmerRepository - select f.* from farmer f where f.region_id = 14
2026-09-24 16:46:06.466 WARN  [farmer-service,1e6cbb528437e080,2b216460] [http-nio-8080-exec-5] com.example.farmer.FarmerController - Request from 192.0.2.95 missing X-Request-Id header, generated one
2026-09-24 16:46:31.222 DEBUG [farmer-service,266cce11abb0c525,694f1344] [farmer-sync-3] com.example.farmer.FarmerRepository - select f.* from farmer f where f.region_id = 55
2026-09-24 16:46:35.934 ERROR [farmer-service,cb76adf7ac9b9be5,8755e7cc] [farmer-sync-1] com.example.farmer.FarmerSyncService - Sync failed for batch 8102: could not acquire a database connection
java.sql.SQLTransientConnectionException: HikariPool-1 - Connection is not available, request timed out after 30001ms (total=10, active=10, idle=0, waiting=7)
	at com.zaxxer.hikari.pool.HikariPool.createTimeoutException(HikariPool.java:696)
	at com.zaxxer.hikari.pool.HikariPool.getConnection(HikariPool.java:181)
	at com.example.farmer.FarmerSyncService.pushPending(FarmerSyncService.java:36)
	at com.example.farmer.FarmerSyncScheduler.run(FarmerSyncScheduler.java:58)
2026-09-24 16:47:28.075 INFO  [farmer-service,3a5a2f0a094a9c12,b1598d99] [http-nio-8080-exec-7] com.example.common.AuditPublisher - Published 22 audit events to nightshift.audit
2026-09-24 16:48:06.384 DEBUG [farmer-service,8a98f81edda6ee34,aa0fdb2f] [farmer-sync-2] com.example.farmer.FarmerRepository - select f.* from farmer f where f.region_id = 5
2026-09-24 16:48:26.526 INFO  [farmer-service,e075ad12451114f9,86b03700] [farmer-sync-1] com.example.common.AuditPublisher - Published 29 audit events to nightshift.audit
2026-09-24 16:49:14.771 ERROR [farmer-service,ba5084083cc69940,b33d567a] [farmer-sync-9] com.example.farmer.FarmerSyncService - Sync failed for batch 8326: could not acquire a database connection
java.sql.SQLTransientConnectionException: HikariPool-1 - Connection is not available, request timed out after 30001ms (total=10, active=10, idle=0, waiting=7)
	at com.zaxxer.hikari.pool.HikariPool.createTimeoutException(HikariPool.java:696)
	at com.zaxxer.hikari.pool.HikariPool.getConnection(HikariPool.java:181)
	at com.example.farmer.FarmerSyncService.pushPending(FarmerSyncService.java:36)
	at com.example.farmer.FarmerSyncScheduler.run(FarmerSyncScheduler.java:58)
2026-09-24 16:49:14.959 INFO  [farmer-service,5f8a2193cd97257f,021dd22e] [farmer-sync-6] com.example.farmer.FarmerSyncScheduler - Sync batch 8254 queued, 283 pending records
2026-09-24 16:50:22.459 INFO  [farmer-service,dcf3e73abce8cd81,db03878d] [http-nio-8080-exec-3] com.example.common.AuditPublisher - Published 20 audit events to nightshift.audit
2026-09-24 16:52:38.426 INFO  [farmer-service,2225b6a7c9ed6670,16cc04b2] [http-nio-8080-exec-5] com.example.farmer.CardRenderJob - Rendered 48 cards in 2209ms
2026-09-24 16:53:50.475 INFO  [farmer-service,dc9f9638bd163d7c,78f4dbf0] [http-nio-8080-exec-1] com.example.farmer.CardRenderJob - Rendered 64 cards in 771ms
2026-09-24 16:53:52.164 INFO  [farmer-service,05c9d4d93fb38008,5c7acf0e] [http-nio-8080-exec-5] com.example.common.AuditPublisher - Published 30 audit events to nightshift.audit
2026-09-24 16:55:01.705 WARN  [farmer-service,2620e1444b509188,7b64463f] [http-nio-8080-exec-9] com.example.farmer.FarmerController - Request from 192.0.2.228 missing X-Request-Id header, generated one
2026-09-24 16:57:10.898 DEBUG [farmer-service,dba57f528541de1f,4b7afc4f] [http-nio-8080-exec-1] com.example.farmer.FarmerRepository - select f.* from farmer f where f.region_id = 11
2026-09-24 16:57:53.652 INFO  [farmer-service,c8005f687f52733c,f04168f2] [http-nio-8080-exec-5] com.example.farmer.FarmerController - GET /api/v1/farmers?page=39 200 in 43ms
2026-09-24 16:58:30.361 WARN  [farmer-service,db5781abbec9edf2,33bccd9a] [farmer-sync-6] com.example.farmer.FarmerController - Request from 192.0.2.231 missing X-Request-Id header, generated one
2026-09-24 16:59:14.550 INFO  [farmer-service,e1d250f4873c7e33,f1d4ebf0] [http-nio-8080-exec-4] com.example.farmer.FarmerSyncScheduler - Sync batch 8706 queued, 65 pending records
2026-09-24 17:00:14.997 INFO  [farmer-service,fd02717a5785306a,30fe72ce] [http-nio-8080-exec-8] com.example.farmer.FarmerSyncScheduler - Sync batch 8152 queued, 323 pending records
2026-09-24 17:02:48.214 DEBUG [farmer-service,a9694d981eface10,990fe732] [http-nio-8080-exec-4] com.example.farmer.FarmerRepository - select f.* from farmer f where f.region_id = 30
2026-09-24 17:04:00.496 INFO  [farmer-service,5f6c5e948755f72f,4e6310a3] [farmer-sync-5] com.example.common.AuditPublisher - Published 29 audit events to nightshift.audit
2026-09-24 17:04:49.578 INFO  [farmer-service,7e8600e98c873aff,70215a07] [farmer-sync-8] com.example.farmer.CardRenderJob - Rendered 21 cards in 1971ms
2026-09-24 17:05:41.980 ERROR [farmer-service,a9cb6f947268ecff,9d429498] [http-nio-8080-exec-1] com.example.farmer.FarmerSyncService - Sync failed for batch 8912: could not acquire a database connection
java.sql.SQLTransientConnectionException: HikariPool-1 - Connection is not available, request timed out after 30001ms (total=10, active=10, idle=0, waiting=7)
	at com.zaxxer.hikari.pool.HikariPool.createTimeoutException(HikariPool.java:696)
	at com.zaxxer.hikari.pool.HikariPool.getConnection(HikariPool.java:181)
	at com.example.farmer.FarmerSyncService.pushPending(FarmerSyncService.java:36)
	at com.example.farmer.FarmerSyncScheduler.run(FarmerSyncScheduler.java:58)
2026-09-24 17:07:07.686 INFO  [farmer-service,8c7b10125a1683ee,e2039d04] [http-nio-8080-exec-9] com.example.farmer.CardRenderJob - Rendered 70 cards in 419ms
2026-09-24 17:07:34.839 INFO  [farmer-service,885bed23870f5603,9cf210df] [farmer-sync-8] com.example.common.AuditPublisher - Published 15 audit events to nightshift.audit
2026-09-24 17:07:38.772 INFO  [farmer-service,cf1fbc45f5498ab1,b036e9ce] [http-nio-8080-exec-4] com.example.common.AuditPublisher - Published 18 audit events to nightshift.audit
2026-09-24 17:08:26.665 INFO  [farmer-service,dffae6be78cc78c0,6cfb95c6] [farmer-sync-2] com.example.farmer.CardRenderJob - Rendered 85 cards in 1005ms
2026-09-24 17:08:46.812 WARN  [farmer-service,65ff1e28c192b0e3,3d0d0d58] [http-nio-8080-exec-9] com.example.farmer.FarmerController - Request from 192.0.2.235 missing X-Request-Id header, generated one
2026-09-24 17:08:53.984 INFO  [farmer-service,bd915ee730edfba0,607f6fdb] [farmer-sync-4] com.example.farmer.CardRenderJob - Rendered 56 cards in 2368ms
2026-09-24 17:10:37.494 INFO  [farmer-service,e5cdb4d99f026332,fc2d7830] [farmer-sync-6] com.example.farmer.FarmerSyncScheduler - Sync batch 8077 queued, 90 pending records
2026-09-24 17:12:07.803 INFO  [farmer-service,419e0949c51c667d,9810377e] [farmer-sync-6] com.example.common.AuditPublisher - Published 19 audit events to nightshift.audit
2026-09-24 17:12:32.456 INFO  [farmer-service,906497811fad4fe2,85b51a7f] [http-nio-8080-exec-7] com.example.farmer.CardRenderJob - Rendered 59 cards in 1352ms
2026-09-24 17:14:41.236 INFO  [farmer-service,008fb6b5a79f2205,39d04f18] [farmer-sync-3] com.example.farmer.FarmerController - GET /api/v1/farmers?page=0 200 in 92ms
2026-09-24 17:17:35.240 INFO  [farmer-service,48f247fe0121702c,f9bb074f] [farmer-sync-9] com.example.common.AuditPublisher - Published 25 audit events to nightshift.audit
2026-09-24 17:17:38.439 INFO  [farmer-service,207ab28e5d4d0fde,30859e5e] [farmer-sync-8] com.example.farmer.FarmerSyncScheduler - Sync batch 8779 queued, 374 pending records
2026-09-24 17:18:19.423 INFO  [farmer-service,105e5c3ac57da1c0,3e7bfa37] [farmer-sync-3] com.example.farmer.FarmerSyncScheduler - Sync batch 8414 queued, 234 pending records
2026-09-24 17:18:33.571 WARN  [farmer-service,6b1dee92317b1c4e,ab1e9550] [http-nio-8080-exec-1] com.example.farmer.FarmerController - Request from 192.0.2.88 missing X-Request-Id header, generated one
2026-09-24 17:19:24.106 INFO  [farmer-service,78e8b56c029ec38d,c9ed00d0] [farmer-sync-4] com.example.farmer.FarmerController - GET /api/v1/farmers?page=36 200 in 101ms
2026-09-24 17:19:40.693 INFO  [farmer-service,f5d69cc9fdbfda93,14eac8c8] [http-nio-8080-exec-7] com.example.farmer.FarmerSyncScheduler - Sync batch 8364 queued, 238 pending records
2026-09-24 17:20:24.112 INFO  [farmer-service,4a240c8297aec70e,350750f4] [http-nio-8080-exec-9] com.example.farmer.FarmerSyncScheduler - Sync batch 8969 queued, 172 pending records
2026-09-24 17:21:46.295 DEBUG [farmer-service,fd8927c42cd50001,6c2bdf66] [http-nio-8080-exec-9] com.example.farmer.FarmerRepository - select f.* from farmer f where f.region_id = 21
2026-09-24 17:22:19.991 INFO  [farmer-service,dee63ac03c44ceda,5a0fb9c7] [farmer-sync-8] com.example.farmer.FarmerSyncScheduler - Sync batch 8324 queued, 256 pending records
2026-09-24 17:23:53.209 WARN  [farmer-service,efad7d5ec4c88895,2bceb6b1] [farmer-sync-2] com.example.farmer.FarmerController - Request from 192.0.2.55 missing X-Request-Id header, generated one
2026-09-24 17:24:07.478 DEBUG [farmer-service,7743464aa41d68e3,7c83e936] [http-nio-8080-exec-5] com.example.farmer.FarmerRepository - select f.* from farmer f where f.region_id = 61
2026-09-24 17:24:08.123 INFO  [farmer-service,08aa1899ad9b7029,7409118d] [farmer-sync-1] com.example.farmer.CardRenderJob - Rendered 81 cards in 2396ms
2026-09-24 17:26:09.719 INFO  [farmer-service,dfa1921120e94bb1,7c1080b1] [farmer-sync-5] com.example.farmer.FarmerController - GET /api/v1/farmers?page=35 200 in 90ms
2026-09-24 17:27:05.651 INFO  [farmer-service,c13f169dd0fbaf60,39280534] [http-nio-8080-exec-3] com.example.farmer.FarmerController - GET /api/v1/farmers?page=25 200 in 121ms
2026-09-24 17:28:55.664 DEBUG [farmer-service,8a122a6c643db6f7,02ea1028] [http-nio-8080-exec-9] com.example.farmer.FarmerRepository - select f.* from farmer f where f.region_id = 22
2026-09-24 17:29:05.546 INFO  [farmer-service,c92aeb20eae61ba8,3adbc9fb] [http-nio-8080-exec-2] com.example.farmer.FarmerSyncScheduler - Sync batch 8378 queued, 206 pending records
2026-09-24 17:30:22.482 INFO  [farmer-service,10315f1901332bfc,2a544c5a] [farmer-sync-2] com.example.common.AuditPublisher - Published 15 audit events to nightshift.audit
2026-09-24 17:30:31.850 INFO  [farmer-service,d422688cb148c290,515aaa65] [http-nio-8080-exec-3] com.example.farmer.CardRenderJob - Rendered 28 cards in 1734ms
2026-09-24 17:31:02.360 INFO  [farmer-service,31c025d3c3f3d120,843721f3] [farmer-sync-8] com.example.farmer.CardRenderJob - Rendered 54 cards in 1813ms
2026-09-24 17:31:10.512 INFO  [farmer-service,6751ec15066ae921,7779099b] [farmer-sync-8] com.example.common.AuditPublisher - Published 5 audit events to nightshift.audit
2026-09-24 17:31:18.935 ERROR [farmer-service,6d9f284e7e4bf006,cfce2563] [http-nio-8080-exec-8] com.example.farmer.FarmerSyncService - Sync failed for batch 8666: could not acquire a database connection
java.sql.SQLTransientConnectionException: HikariPool-1 - Connection is not available, request timed out after 30001ms (total=10, active=10, idle=0, waiting=7)
	at com.zaxxer.hikari.pool.HikariPool.createTimeoutException(HikariPool.java:696)
	at com.zaxxer.hikari.pool.HikariPool.getConnection(HikariPool.java:181)
	at com.example.farmer.FarmerSyncService.pushPending(FarmerSyncService.java:36)
	at com.example.farmer.FarmerSyncScheduler.run(FarmerSyncScheduler.java:58)
2026-09-24 17:31:32.468 ERROR [farmer-service,3b7c71e07631a214,96ce10bf] [http-nio-8080-exec-2] com.example.farmer.FarmerSyncService - Sync failed for batch 8651: could not acquire a database connection
java.sql.SQLTransientConnectionException: HikariPool-1 - Connection is not available, request timed out after 30001ms (total=10, active=10, idle=0, waiting=7)
	at com.zaxxer.hikari.pool.HikariPool.createTimeoutException(HikariPool.java:696)
	at com.zaxxer.hikari.pool.HikariPool.getConnection(HikariPool.java:181)
	at com.example.farmer.FarmerSyncService.pushPending(FarmerSyncService.java:36)
	at com.example.farmer.FarmerSyncScheduler.run(FarmerSyncScheduler.java:58)
2026-09-24 17:32:09.689 INFO  [farmer-service,5a4648efe105c1be,9a0a9002] [http-nio-8080-exec-7] com.example.farmer.FarmerSyncScheduler - Sync batch 8462 queued, 323 pending records
2026-09-24 17:33:01.965 WARN  [farmer-service,c6a509a3f0154db4,e9da7ae1] [http-nio-8080-exec-6] com.example.farmer.FarmerController - Request from 192.0.2.238 missing X-Request-Id header, generated one
2026-09-24 17:33:31.224 INFO  [farmer-service,b1977883e1ebd1f7,f23e9cbe] [http-nio-8080-exec-2] com.example.farmer.FarmerController - GET /api/v1/farmers?page=6 200 in 102ms
2026-09-24 17:36:12.042 INFO  [farmer-service,0673d74a90bba520,d4f94571] [farmer-sync-6] com.example.common.AuditPublisher - Published 15 audit events to nightshift.audit
2026-09-24 17:38:14.652 INFO  [farmer-service,279d6357a2774fcf,b116ed9f] [http-nio-8080-exec-8] com.example.farmer.FarmerController - GET /api/v1/farmers?page=4 200 in 113ms
2026-09-24 17:39:16.882 INFO  [farmer-service,e5350338d19c6373,08931d15] [http-nio-8080-exec-4] com.example.farmer.FarmerSyncScheduler - Sync batch 8274 queued, 86 pending records
2026-09-24 17:39:20.736 ERROR [farmer-service,b2da4549494a9fac,f5e7e4c4] [farmer-sync-3] com.example.farmer.FarmerSyncService - Sync failed for batch 8473: could not acquire a database connection
java.sql.SQLTransientConnectionException: HikariPool-1 - Connection is not available, request timed out after 30001ms (total=10, active=10, idle=0, waiting=7)
	at com.zaxxer.hikari.pool.HikariPool.createTimeoutException(HikariPool.java:696)
	at com.zaxxer.hikari.pool.HikariPool.getConnection(HikariPool.java:181)
	at com.example.farmer.FarmerSyncService.pushPending(FarmerSyncService.java:36)
	at com.example.farmer.FarmerSyncScheduler.run(FarmerSyncScheduler.java:58)
2026-09-24 17:39:34.336 ERROR [farmer-service,544914daa4eed19c,b96e647b] [http-nio-8080-exec-7] com.example.farmer.FarmerSyncService - Sync failed for batch 8919: could not acquire a database connection
java.sql.SQLTransientConnectionException: HikariPool-1 - Connection is not available, request timed out after 30001ms (total=10, active=10, idle=0, waiting=7)
	at com.zaxxer.hikari.pool.HikariPool.createTimeoutException(HikariPool.java:696)
	at com.zaxxer.hikari.pool.HikariPool.getConnection(HikariPool.java:181)
	at com.example.farmer.FarmerSyncService.pushPending(FarmerSyncService.java:36)
	at com.example.farmer.FarmerSyncScheduler.run(FarmerSyncScheduler.java:58)
2026-09-24 17:41:13.548 INFO  [farmer-service,91ae834676a4704a,58509ad6] [http-nio-8080-exec-9] com.example.common.AuditPublisher - Published 24 audit events to nightshift.audit
2026-09-24 17:41:19.877 WARN  [farmer-service,1900e19a636243fd,65f1c706] [farmer-sync-4] com.example.farmer.FarmerController - Request from 192.0.2.2 missing X-Request-Id header, generated one
2026-09-24 17:42:29.983 INFO  [farmer-service,caf0bfc7279a447b,12bd5d1d] [farmer-sync-2] com.example.common.AuditPublisher - Published 17 audit events to nightshift.audit
2026-09-24 17:42:41.681 INFO  [farmer-service,70ac9511d39179c9,d588c13b] [farmer-sync-5] com.example.common.AuditPublisher - Published 10 audit events to nightshift.audit
2026-09-24 17:43:18.960 INFO  [farmer-service,53064cd620914e93,7b6e5a10] [http-nio-8080-exec-9] com.example.common.AuditPublisher - Published 20 audit events to nightshift.audit
2026-09-24 17:43:24.047 INFO  [farmer-service,5fc0b2c944c6206c,132d29d4] [http-nio-8080-exec-8] com.example.farmer.FarmerController - GET /api/v1/farmers?page=36 200 in 95ms
2026-09-24 17:45:05.157 DEBUG [farmer-service,59219d548517f5c8,3edd64fb] [farmer-sync-4] com.example.farmer.FarmerRepository - select f.* from farmer f where f.region_id = 54
2026-09-24 17:45:58.727 INFO  [farmer-service,af442b901a7482be,e8fc8200] [http-nio-8080-exec-7] com.example.common.AuditPublisher - Published 13 audit events to nightshift.audit
2026-09-24 17:46:56.815 INFO  [farmer-service,b10168e37e37614a,fe1f84db] [http-nio-8080-exec-3] com.example.common.AuditPublisher - Published 23 audit events to nightshift.audit
2026-09-24 17:47:16.458 INFO  [farmer-service,6bf94c7f3fcefa16,31f82d77] [http-nio-8080-exec-1] com.example.common.AuditPublisher - Published 23 audit events to nightshift.audit
2026-09-24 17:47:18.553 INFO  [farmer-service,c43dd2610b6cc951,384f1aeb] [http-nio-8080-exec-7] com.example.farmer.FarmerController - GET /api/v1/farmers?page=37 200 in 58ms
2026-09-24 17:49:24.566 INFO  [farmer-service,5236200bcedabff4,595ce051] [farmer-sync-3] com.example.farmer.CardRenderJob - Rendered 47 cards in 424ms
2026-09-24 17:49:26.812 INFO  [farmer-service,49d70e78818ad082,45eb0ac8] [farmer-sync-7] com.example.farmer.FarmerController - GET /api/v1/farmers?page=1 200 in 124ms
2026-09-24 17:49:27.652 INFO  [farmer-service,6f229d0cad32d4cc,1e383648] [farmer-sync-2] com.example.farmer.FarmerController - GET /api/v1/farmers?page=40 200 in 74ms
2026-09-24 17:49:42.151 DEBUG [farmer-service,4b419611abb71ed4,a40115da] [farmer-sync-5] com.example.farmer.FarmerRepository - select f.* from farmer f where f.region_id = 30
2026-09-24 17:50:18.149 WARN  [farmer-service,6ba71bd4007f5607,7c099e86] [http-nio-8080-exec-2] com.example.farmer.FarmerController - Request from 192.0.2.247 missing X-Request-Id header, generated one
2026-09-24 17:50:49.476 INFO  [farmer-service,35a56b73c4b01826,ecd907fc] [http-nio-8080-exec-4] com.example.farmer.CardRenderJob - Rendered 51 cards in 241ms
2026-09-24 17:51:41.194 WARN  [farmer-service,4edd16953a9ba6c2,d523f3f1] [farmer-sync-6] com.example.farmer.FarmerController - Request from 192.0.2.58 missing X-Request-Id header, generated one
2026-09-24 17:54:09.969 INFO  [farmer-service,510c4e6c878e3e4b,43454bad] [http-nio-8080-exec-3] com.example.common.AuditPublisher - Published 28 audit events to nightshift.audit
2026-09-24 17:54:15.555 DEBUG [farmer-service,e23f392356ef4be5,5ffe2abc] [farmer-sync-3] com.example.farmer.FarmerRepository - select f.* from farmer f where f.region_id = 14
2026-09-24 17:54:38.877 ERROR [farmer-service,8f485a403efe65da,74ec7619] [http-nio-8080-exec-8] com.example.farmer.FarmerSyncService - Sync failed for batch 8749: could not acquire a database connection
java.sql.SQLTransientConnectionException: HikariPool-1 - Connection is not available, request timed out after 30001ms (total=10, active=10, idle=0, waiting=7)
	at com.zaxxer.hikari.pool.HikariPool.createTimeoutException(HikariPool.java:696)
	at com.zaxxer.hikari.pool.HikariPool.getConnection(HikariPool.java:181)
	at com.example.farmer.FarmerSyncService.pushPending(FarmerSyncService.java:36)
	at com.example.farmer.FarmerSyncScheduler.run(FarmerSyncScheduler.java:58)
2026-09-24 17:55:40.840 INFO  [farmer-service,870077316789ba01,017e9f06] [farmer-sync-7] com.example.farmer.CardRenderJob - Rendered 15 cards in 202ms
2026-09-24 17:56:32.269 INFO  [farmer-service,50fbac3b65316c38,ae874a44] [farmer-sync-9] com.example.farmer.CardRenderJob - Rendered 84 cards in 1138ms
2026-09-24 17:56:44.100 INFO  [farmer-service,e86194196f262558,5de8b559] [farmer-sync-8] com.example.farmer.CardRenderJob - Rendered 88 cards in 492ms
2026-09-24 17:56:44.825 WARN  [farmer-service,c6763319266a95e2,6285e4a4] [farmer-sync-5] com.example.farmer.FarmerController - Request from 192.0.2.17 missing X-Request-Id header, generated one
2026-09-24 17:56:54.812 DEBUG [farmer-service,2b274ceffd5b40cc,75dd3132] [farmer-sync-1] com.example.farmer.FarmerRepository - select f.* from farmer f where f.region_id = 33
2026-09-24 17:57:19.536 DEBUG [farmer-service,ba6c8bc9ac919a10,6392c3de] [http-nio-8080-exec-8] com.example.farmer.FarmerRepository - select f.* from farmer f where f.region_id = 50
2026-09-24 17:57:42.790 INFO  [farmer-service,40f9451e9f57a7fc,c935ee94] [http-nio-8080-exec-9] com.example.farmer.CardRenderJob - Rendered 6 cards in 740ms
2026-09-24 17:57:43.901 DEBUG [farmer-service,3ebe3734e58de9f0,1e0ebb5f] [farmer-sync-9] com.example.farmer.FarmerRepository - select f.* from farmer f where f.region_id = 51
2026-09-24 17:57:46.049 DEBUG [farmer-service,df77686d2eae8c9d,4a67c7bf] [http-nio-8080-exec-3] com.example.farmer.FarmerRepository - select f.* from farmer f where f.region_id = 45
2026-09-24 17:57:52.712 INFO  [farmer-service,4adac5b1957c15be,3f45ee75] [farmer-sync-9] com.example.farmer.FarmerSyncScheduler - Sync batch 8903 queued, 229 pending records
2026-09-24 17:58:41.783 INFO  [farmer-service,01d8a6775758e27c,62ea07a1] [farmer-sync-7] com.example.farmer.CardRenderJob - Rendered 29 cards in 1662ms
2026-09-24 17:59:13.557 DEBUG [farmer-service,e405488944a89934,8deb2900] [farmer-sync-2] com.example.farmer.FarmerRepository - select f.* from farmer f where f.region_id = 34
2026-09-24 18:00:38.294 ERROR [farmer-service,cee62373fa639264,3c682d2d] [farmer-sync-5] com.example.farmer.FarmerSyncService - Sync failed for batch 8370: could not acquire a database connection
java.sql.SQLTransientConnectionException: HikariPool-1 - Connection is not available, request timed out after 30001ms (total=10, active=10, idle=0, waiting=7)
	at com.zaxxer.hikari.pool.HikariPool.createTimeoutException(HikariPool.java:696)
	at com.zaxxer.hikari.pool.HikariPool.getConnection(HikariPool.java:181)
	at com.example.farmer.FarmerSyncService.pushPending(FarmerSyncService.java:36)
	at com.example.farmer.FarmerSyncScheduler.run(FarmerSyncScheduler.java:58)
2026-09-24 18:00:39.770 DEBUG [farmer-service,88c7cba4635878a1,40cd0168] [farmer-sync-5] com.example.farmer.FarmerRepository - select f.* from farmer f where f.region_id = 39
2026-09-24 18:00:42.850 INFO  [farmer-service,3fa8ce1a238fee3a,b3127dcf] [http-nio-8080-exec-9] com.example.farmer.CardRenderJob - Rendered 55 cards in 2015ms
2026-09-24 18:01:38.219 INFO  [farmer-service,8f40b06990a4e81b,84ae706a] [farmer-sync-7] com.example.common.AuditPublisher - Published 17 audit events to nightshift.audit
2026-09-24 18:04:20.413 WARN  [farmer-service,3135dc84bea5ffda,8fa4248e] [http-nio-8080-exec-2] com.example.farmer.FarmerController - Request from 192.0.2.211 missing X-Request-Id header, generated one
2026-09-24 18:06:19.681 DEBUG [farmer-service,cb7b4b78fa215ac8,861c2072] [farmer-sync-8] com.example.farmer.FarmerRepository - select f.* from farmer f where f.region_id = 61
2026-09-24 18:07:55.968 INFO  [farmer-service,54d07f1d38da6012,a2d845b8] [farmer-sync-6] com.example.farmer.CardRenderJob - Rendered 61 cards in 1000ms
2026-09-24 18:08:13.070 INFO  [farmer-service,14503f90e4f21832,de1866e2] [http-nio-8080-exec-1] com.example.farmer.FarmerSyncScheduler - Sync batch 8220 queued, 355 pending records
2026-09-24 18:09:06.179 WARN  [farmer-service,13a4360d1cd76c38,4bb5531b] [http-nio-8080-exec-1] com.example.farmer.FarmerController - Request from 192.0.2.172 missing X-Request-Id header, generated one
2026-09-24 18:09:17.423 INFO  [farmer-service,80a572995695ea78,0419177d] [farmer-sync-7] com.example.common.AuditPublisher - Published 11 audit events to nightshift.audit
2026-09-24 18:09:33.049 DEBUG [farmer-service,f111ad08aefe5659,b08dcc85] [http-nio-8080-exec-9] com.example.farmer.FarmerRepository - select f.* from farmer f where f.region_id = 39
2026-09-24 18:09:54.918 ERROR [farmer-service,207a784476a15c82,87669830] [farmer-sync-6] com.example.farmer.FarmerSyncService - Sync failed for batch 8062: could not acquire a database connection
java.sql.SQLTransientConnectionException: HikariPool-1 - Connection is not available, request timed out after 30001ms (total=10, active=10, idle=0, waiting=7)
	at com.zaxxer.hikari.pool.HikariPool.createTimeoutException(HikariPool.java:696)
	at com.zaxxer.hikari.pool.HikariPool.getConnection(HikariPool.java:181)
	at com.example.farmer.FarmerSyncService.pushPending(FarmerSyncService.java:36)
	at com.example.farmer.FarmerSyncScheduler.run(FarmerSyncScheduler.java:58)
2026-09-24 18:10:14.229 INFO  [farmer-service,26229d12bc7f2458,ecc38067] [http-nio-8080-exec-7] com.example.farmer.CardRenderJob - Rendered 13 cards in 653ms
2026-09-24 18:10:28.210 INFO  [farmer-service,9bf16b77627afc34,2734ff01] [http-nio-8080-exec-1] com.example.farmer.CardRenderJob - Rendered 71 cards in 1279ms
2026-09-24 18:12:27.582 WARN  [farmer-service,47aa87b0a5f472e6,35f9cddf] [farmer-sync-8] com.example.farmer.FarmerController - Request from 192.0.2.190 missing X-Request-Id header, generated one
2026-09-24 18:12:34.250 INFO  [farmer-service,67474784cf6a9035,821745b5] [farmer-sync-5] com.example.common.AuditPublisher - Published 17 audit events to nightshift.audit
2026-09-24 18:12:58.413 ERROR [farmer-service,ff05a9cebcf609fd,ac8d4d6f] [http-nio-8080-exec-1] com.example.farmer.FarmerSyncService - Sync failed for batch 8256: could not acquire a database connection
java.sql.SQLTransientConnectionException: HikariPool-1 - Connection is not available, request timed out after 30001ms (total=10, active=10, idle=0, waiting=7)
	at com.zaxxer.hikari.pool.HikariPool.createTimeoutException(HikariPool.java:696)
	at com.zaxxer.hikari.pool.HikariPool.getConnection(HikariPool.java:181)
	at com.example.farmer.FarmerSyncService.pushPending(FarmerSyncService.java:36)
	at com.example.farmer.FarmerSyncScheduler.run(FarmerSyncScheduler.java:58)
2026-09-24 18:14:49.275 ERROR [farmer-service,1d5810be0cb1b30e,5f9acc33] [farmer-sync-5] com.example.farmer.FarmerSyncService - Sync failed for batch 8445: could not acquire a database connection
java.sql.SQLTransientConnectionException: HikariPool-1 - Connection is not available, request timed out after 30001ms (total=10, active=10, idle=0, waiting=7)
	at com.zaxxer.hikari.pool.HikariPool.createTimeoutException(HikariPool.java:696)
	at com.zaxxer.hikari.pool.HikariPool.getConnection(HikariPool.java:181)
	at com.example.farmer.FarmerSyncService.pushPending(FarmerSyncService.java:36)
	at com.example.farmer.FarmerSyncScheduler.run(FarmerSyncScheduler.java:58)
2026-09-24 18:15:44.955 WARN  [farmer-service,8367e67b4a88ea51,2c747338] [http-nio-8080-exec-8] com.example.farmer.FarmerController - Request from 192.0.2.123 missing X-Request-Id header, generated one
2026-09-24 18:15:51.306 INFO  [farmer-service,1266b9e1cb2416ce,531eff2b] [http-nio-8080-exec-2] com.example.farmer.CardRenderJob - Rendered 74 cards in 514ms
2026-09-24 18:16:25.147 WARN  [farmer-service,afc05640be05111b,78cd44dc] [http-nio-8080-exec-7] com.example.farmer.FarmerController - Request from 192.0.2.134 missing X-Request-Id header, generated one
2026-09-24 18:17:16.747 ERROR [farmer-service,6c9d8444f92389e8,c326e861] [farmer-sync-7] com.example.farmer.FarmerSyncService - Sync failed for batch 8792: could not acquire a database connection
java.sql.SQLTransientConnectionException: HikariPool-1 - Connection is not available, request timed out after 30001ms (total=10, active=10, idle=0, waiting=7)
	at com.zaxxer.hikari.pool.HikariPool.createTimeoutException(HikariPool.java:696)
	at com.zaxxer.hikari.pool.HikariPool.getConnection(HikariPool.java:181)
	at com.example.farmer.FarmerSyncService.pushPending(FarmerSyncService.java:36)
	at com.example.farmer.FarmerSyncScheduler.run(FarmerSyncScheduler.java:58)
2026-09-24 18:18:23.383 INFO  [farmer-service,dfd6f4188f4e4ffa,9945343c] [http-nio-8080-exec-8] com.example.farmer.CardRenderJob - Rendered 19 cards in 848ms
2026-09-24 18:20:10.433 INFO  [farmer-service,109a12859e573307,ea8f4833] [http-nio-8080-exec-1] com.example.farmer.CardRenderJob - Rendered 6 cards in 695ms
2026-09-24 18:21:23.120 INFO  [farmer-service,81fb42eb4a4fe993,06333c47] [farmer-sync-5] com.example.farmer.FarmerController - GET /api/v1/farmers?page=34 200 in 53ms
2026-09-24 18:21:46.349 WARN  [farmer-service,24e1e8168870e210,4728936a] [http-nio-8080-exec-1] com.example.farmer.FarmerController - Request from 192.0.2.3 missing X-Request-Id header, generated one
2026-09-24 18:23:00.316 INFO  [farmer-service,6850d9f55cca9e5c,2655bbce] [http-nio-8080-exec-1] com.example.farmer.FarmerController - GET /api/v1/farmers?page=40 200 in 37ms
2026-09-24 18:24:49.979 INFO  [farmer-service,c45785e86db47f63,ee42b4a2] [http-nio-8080-exec-8] com.example.common.AuditPublisher - Published 4 audit events to nightshift.audit
2026-09-24 18:26:21.410 INFO  [farmer-service,0ecbe482b72a8c8e,a6b50181] [http-nio-8080-exec-9] com.example.common.AuditPublisher - Published 23 audit events to nightshift.audit
2026-09-24 18:26:31.831 INFO  [farmer-service,f98de9af2e334cda,9fc447ea] [farmer-sync-9] com.example.farmer.FarmerSyncScheduler - Sync batch 8328 queued, 70 pending records
2026-09-24 18:26:34.482 INFO  [farmer-service,6e06fe9bce3e93fa,89397a54] [http-nio-8080-exec-7] com.example.farmer.FarmerController - GET /api/v1/farmers?page=30 200 in 99ms
2026-09-24 18:27:26.831 INFO  [farmer-service,8258898a50f6ad8e,1106ff0b] [http-nio-8080-exec-4] com.example.farmer.CardRenderJob - Rendered 17 cards in 1084ms
2026-09-24 18:27:39.606 DEBUG [farmer-service,72bf87811d426446,9f513cd4] [http-nio-8080-exec-1] com.example.farmer.FarmerRepository - select f.* from farmer f where f.region_id = 35
2026-09-24 18:28:13.229 INFO  [farmer-service,644f9631ab289a66,38d06dba] [http-nio-8080-exec-4] com.example.farmer.CardRenderJob - Rendered 53 cards in 1208ms
2026-09-24 18:28:27.723 WARN  [farmer-service,1481518d00102e29,d64ce565] [http-nio-8080-exec-1] com.example.farmer.FarmerController - Request from 192.0.2.253 missing X-Request-Id header, generated one
2026-09-24 18:30:18.156 INFO  [farmer-service,02bd98194a8d48f0,21ed5907] [http-nio-8080-exec-6] com.example.farmer.FarmerController - GET /api/v1/farmers?page=5 200 in 22ms
2026-09-24 18:31:04.410 INFO  [farmer-service,63af2f1c22c5a7d5,d128214c] [farmer-sync-8] com.example.common.AuditPublisher - Published 25 audit events to nightshift.audit
2026-09-24 18:31:37.445 INFO  [farmer-service,2693a6ada620cd25,8adff33a] [farmer-sync-8] com.example.farmer.CardRenderJob - Rendered 42 cards in 362ms
2026-09-24 18:32:00.581 INFO  [farmer-service,ae7b30cd486435c8,870d7152] [http-nio-8080-exec-8] com.example.farmer.FarmerSyncScheduler - Sync batch 8355 queued, 306 pending records
2026-09-24 18:33:07.478 INFO  [farmer-service,311ecdba4123e7e2,fc7f814d] [http-nio-8080-exec-2] com.example.farmer.FarmerController - GET /api/v1/farmers?page=22 200 in 93ms
2026-09-24 18:34:43.471 INFO  [farmer-service,fba653a5b6e0a2f4,7fbe2d96] [farmer-sync-9] com.example.farmer.FarmerController - GET /api/v1/farmers?page=2 200 in 14ms
2026-09-24 18:35:57.283 INFO  [farmer-service,81ffd42f874dee79,5fb7ec41] [http-nio-8080-exec-6] com.example.common.AuditPublisher - Published 16 audit events to nightshift.audit
2026-09-24 18:36:29.782 INFO  [farmer-service,48bee7a578a272f0,f6fb1821] [farmer-sync-4] com.example.farmer.FarmerController - GET /api/v1/farmers?page=37 200 in 25ms
2026-09-24 18:37:19.905 INFO  [farmer-service,5d5e0521482790d5,28cbcd64] [http-nio-8080-exec-4] com.example.common.AuditPublisher - Published 2 audit events to nightshift.audit
2026-09-24 18:37:53.989 ERROR [farmer-service,468b85f611e02816,ffa58250] [farmer-sync-1] com.example.farmer.FarmerSyncService - Sync failed for batch 8876: could not acquire a database connection
java.sql.SQLTransientConnectionException: HikariPool-1 - Connection is not available, request timed out after 30001ms (total=10, active=10, idle=0, waiting=7)
	at com.zaxxer.hikari.pool.HikariPool.createTimeoutException(HikariPool.java:696)
	at com.zaxxer.hikari.pool.HikariPool.getConnection(HikariPool.java:181)
	at com.example.farmer.FarmerSyncService.pushPending(FarmerSyncService.java:36)
	at com.example.farmer.FarmerSyncScheduler.run(FarmerSyncScheduler.java:58)
2026-09-24 18:38:37.085 DEBUG [farmer-service,0010f709b27ab938,b719b4c8] [farmer-sync-6] com.example.farmer.FarmerRepository - select f.* from farmer f where f.region_id = 62
2026-09-24 18:38:38.212 WARN  [farmer-service,dd783852fe905952,ee9a749f] [http-nio-8080-exec-4] com.example.farmer.FarmerController - Request from 192.0.2.78 missing X-Request-Id header, generated one
2026-09-24 18:41:25.866 DEBUG [farmer-service,ce8a5de1fbe81579,0e5e0d4a] [http-nio-8080-exec-3] com.example.farmer.FarmerRepository - select f.* from farmer f where f.region_id = 50
2026-09-24 18:44:10.881 INFO  [farmer-service,e58aa6f2c468791b,35396049] [http-nio-8080-exec-7] com.example.farmer.CardRenderJob - Rendered 28 cards in 779ms
2026-09-24 18:44:25.759 WARN  [farmer-service,3f6a43a45285dbf3,e56d0bff] [farmer-sync-2] com.example.farmer.FarmerController - Request from 192.0.2.76 missing X-Request-Id header, generated one
2026-09-24 18:44:36.527 INFO  [farmer-service,e903e065b9ff43a7,67429621] [farmer-sync-9] com.example.farmer.CardRenderJob - Rendered 88 cards in 1068ms
2026-09-24 18:44:37.244 INFO  [farmer-service,4870d70dde80973c,06149bde] [farmer-sync-7] com.example.farmer.CardRenderJob - Rendered 73 cards in 1451ms
2026-09-24 18:44:53.156 WARN  [farmer-service,4353db9dfc915fb9,48dbfb73] [http-nio-8080-exec-2] com.example.farmer.FarmerController - Request from 192.0.2.69 missing X-Request-Id header, generated one
2026-09-24 18:46:54.636 DEBUG [farmer-service,7a302f3bffed3ff2,a2dd6cf6] [http-nio-8080-exec-6] com.example.farmer.FarmerRepository - select f.* from farmer f where f.region_id = 57
2026-09-24 18:48:21.218 INFO  [farmer-service,80176b8a2afe4dc1,e38eaee2] [farmer-sync-7] com.example.farmer.CardRenderJob - Rendered 53 cards in 1294ms
2026-09-24 18:48:41.086 WARN  [farmer-service,2d4342d9dea8c86c,a33dcbb1] [http-nio-8080-exec-6] com.example.farmer.FarmerController - Request from 192.0.2.238 missing X-Request-Id header, generated one
2026-09-24 18:49:07.076 WARN  [farmer-service,822916e6475da83f,6e5c524c] [farmer-sync-7] com.example.farmer.FarmerController - Request from 192.0.2.162 missing X-Request-Id header, generated one
2026-09-24 18:49:59.697 ERROR [farmer-service,fe4fdf9b259a7932,245038ba] [http-nio-8080-exec-8] com.example.farmer.FarmerSyncService - Sync failed for batch 8546: could not acquire a database connection
java.sql.SQLTransientConnectionException: HikariPool-1 - Connection is not available, request timed out after 30001ms (total=10, active=10, idle=0, waiting=7)
	at com.zaxxer.hikari.pool.HikariPool.createTimeoutException(HikariPool.java:696)
	at com.zaxxer.hikari.pool.HikariPool.getConnection(HikariPool.java:181)
	at com.example.farmer.FarmerSyncService.pushPending(FarmerSyncService.java:36)
	at com.example.farmer.FarmerSyncScheduler.run(FarmerSyncScheduler.java:58)
2026-09-24 18:50:36.206 INFO  [farmer-service,c329f7a4baf8d1bd,9bb83fe0] [http-nio-8080-exec-2] com.example.farmer.FarmerSyncScheduler - Sync batch 8046 queued, 248 pending records
2026-09-24 18:50:45.617 WARN  [farmer-service,e79eab451449db38,f282f39f] [http-nio-8080-exec-3] com.example.farmer.FarmerController - Request from 192.0.2.27 missing X-Request-Id header, generated one
2026-09-24 18:52:03.675 INFO  [farmer-service,a3019a496edec151,888660a7] [http-nio-8080-exec-3] com.example.farmer.FarmerSyncScheduler - Sync batch 8148 queued, 204 pending records
2026-09-24 18:52:14.451 WARN  [farmer-service,e71fec2f64b461c6,7920af13] [farmer-sync-7] com.example.farmer.FarmerController - Request from 192.0.2.116 missing X-Request-Id header, generated one
2026-09-24 18:53:06.955 INFO  [farmer-service,802265ddd699c2ab,39870393] [http-nio-8080-exec-9] com.example.farmer.FarmerController - GET /api/v1/farmers?page=29 200 in 43ms
2026-09-24 18:53:36.096 DEBUG [farmer-service,2b213c45053dc918,ec13d33a] [http-nio-8080-exec-8] com.example.farmer.FarmerRepository - select f.* from farmer f where f.region_id = 39
2026-09-24 18:53:57.138 INFO  [farmer-service,79f3f80ebe03ca00,d7390df7] [http-nio-8080-exec-4] com.example.farmer.FarmerController - GET /api/v1/farmers?page=33 200 in 132ms
2026-09-24 18:54:04.377 INFO  [farmer-service,f0bb576a20673240,632a8e8b] [farmer-sync-1] com.example.farmer.CardRenderJob - Rendered 13 cards in 967ms
2026-09-24 18:54:36.826 INFO  [farmer-service,331f6fe86f52131c,dbeb380a] [farmer-sync-6] com.example.farmer.FarmerSyncScheduler - Sync batch 8218 queued, 190 pending records
2026-09-24 18:55:51.755 INFO  [farmer-service,30b44211e5722041,3a64cd20] [farmer-sync-1] com.example.farmer.FarmerController - GET /api/v1/farmers?page=33 200 in 54ms
2026-09-24 18:56:10.218 INFO  [farmer-service,95556fac2d04d05a,7d4308bb] [farmer-sync-5] com.example.farmer.FarmerController - GET /api/v1/farmers?page=10 200 in 83ms
2026-09-24 18:56:44.912 WARN  [farmer-service,e27b8381c1eb2ea7,0f3417ae] [farmer-sync-2] com.example.farmer.FarmerController - Request from 192.0.2.120 missing X-Request-Id header, generated one
2026-09-24 18:57:36.597 INFO  [farmer-service,e27aaed765d391d9,8328a319] [http-nio-8080-exec-3] com.example.common.AuditPublisher - Published 1 audit events to nightshift.audit
2026-09-24 18:59:13.892 INFO  [farmer-service,8b7b1751079f5329,94e088a2] [farmer-sync-3] com.example.farmer.FarmerController - GET /api/v1/farmers?page=3 200 in 32ms
2026-09-24 19:00:01.381 WARN  [farmer-service,faab9453fe260ac2,c61136d7] [http-nio-8080-exec-2] com.example.farmer.FarmerController - Request from 192.0.2.253 missing X-Request-Id header, generated one
2026-09-24 19:00:15.355 INFO  [farmer-service,d73a3a8246f4827c,570b2fc7] [http-nio-8080-exec-9] com.example.common.AuditPublisher - Published 6 audit events to nightshift.audit
2026-09-24 19:00:30.391 ERROR [farmer-service,444d74dce685a2f2,cddaa400] [http-nio-8080-exec-6] com.example.farmer.FarmerSyncService - Sync failed for batch 8271: could not acquire a database connection
java.sql.SQLTransientConnectionException: HikariPool-1 - Connection is not available, request timed out after 30001ms (total=10, active=10, idle=0, waiting=7)
	at com.zaxxer.hikari.pool.HikariPool.createTimeoutException(HikariPool.java:696)
	at com.zaxxer.hikari.pool.HikariPool.getConnection(HikariPool.java:181)
	at com.example.farmer.FarmerSyncService.pushPending(FarmerSyncService.java:36)
	at com.example.farmer.FarmerSyncScheduler.run(FarmerSyncScheduler.java:58)
2026-09-24 19:00:38.376 ERROR [farmer-service,008ac979e452c9ff,d41583eb] [farmer-sync-1] com.example.farmer.FarmerSyncService - Sync failed for batch 8589: could not acquire a database connection
java.sql.SQLTransientConnectionException: HikariPool-1 - Connection is not available, request timed out after 30001ms (total=10, active=10, idle=0, waiting=7)
	at com.zaxxer.hikari.pool.HikariPool.createTimeoutException(HikariPool.java:696)
	at com.zaxxer.hikari.pool.HikariPool.getConnection(HikariPool.java:181)
	at com.example.farmer.FarmerSyncService.pushPending(FarmerSyncService.java:36)
	at com.example.farmer.FarmerSyncScheduler.run(FarmerSyncScheduler.java:58)
2026-09-24 19:00:48.704 WARN  [farmer-service,07ef2029ab56f443,df981697] [http-nio-8080-exec-1] com.example.farmer.FarmerController - Request from 192.0.2.187 missing X-Request-Id header, generated one
2026-09-24 19:01:39.076 INFO  [farmer-service,8777e99ff3da00dc,48d6ea64] [farmer-sync-9] com.example.farmer.CardRenderJob - Rendered 24 cards in 1235ms
2026-09-24 19:02:22.211 DEBUG [farmer-service,caadc21564ff5afc,9c127ad8] [farmer-sync-4] com.example.farmer.FarmerRepository - select f.* from farmer f where f.region_id = 1
2026-09-24 19:02:41.137 INFO  [farmer-service,465e20ac236b191b,6ff4bd47] [http-nio-8080-exec-7] com.example.farmer.FarmerSyncScheduler - Sync batch 8924 queued, 255 pending records
2026-09-24 19:04:04.291 INFO  [farmer-service,f23671465ad28983,5fe8bf61] [http-nio-8080-exec-1] com.example.farmer.FarmerSyncScheduler - Sync batch 8669 queued, 342 pending records
2026-09-24 19:05:28.631 ERROR [farmer-service,e5106d3e76198a21,6b544ba2] [http-nio-8080-exec-8] com.example.farmer.FarmerSyncService - Sync failed for batch 8396: could not acquire a database connection
java.sql.SQLTransientConnectionException: HikariPool-1 - Connection is not available, request timed out after 30001ms (total=10, active=10, idle=0, waiting=7)
	at com.zaxxer.hikari.pool.HikariPool.createTimeoutException(HikariPool.java:696)
	at com.zaxxer.hikari.pool.HikariPool.getConnection(HikariPool.java:181)
	at com.example.farmer.FarmerSyncService.pushPending(FarmerSyncService.java:36)
	at com.example.farmer.FarmerSyncScheduler.run(FarmerSyncScheduler.java:58)
2026-09-24 19:05:59.191 INFO  [farmer-service,cac76069190db0ee,a962fb52] [http-nio-8080-exec-8] com.example.farmer.FarmerController - GET /api/v1/farmers?page=21 200 in 24ms
2026-09-24 19:06:13.144 DEBUG [farmer-service,c5c6cd4a313a5d6b,420b6e68] [http-nio-8080-exec-9] com.example.farmer.FarmerRepository - select f.* from farmer f where f.region_id = 30
2026-09-24 19:08:32.451 INFO  [farmer-service,88ad6590feee0f05,a7550b57] [http-nio-8080-exec-3] com.example.farmer.FarmerSyncScheduler - Sync batch 8504 queued, 141 pending records
2026-09-24 19:09:11.313 INFO  [farmer-service,23531a4a764bbca8,04a5a486] [http-nio-8080-exec-8] com.example.farmer.CardRenderJob - Rendered 90 cards in 1786ms
2026-09-24 19:09:15.731 ERROR [farmer-service,cc3a9c74cbd76cf6,d2770e52] [http-nio-8080-exec-7] com.example.farmer.FarmerSyncService - Sync failed for batch 8627: could not acquire a database connection
java.sql.SQLTransientConnectionException: HikariPool-1 - Connection is not available, request timed out after 30001ms (total=10, active=10, idle=0, waiting=7)
	at com.zaxxer.hikari.pool.HikariPool.createTimeoutException(HikariPool.java:696)
	at com.zaxxer.hikari.pool.HikariPool.getConnection(HikariPool.java:181)
	at com.example.farmer.FarmerSyncService.pushPending(FarmerSyncService.java:36)
	at com.example.farmer.FarmerSyncScheduler.run(FarmerSyncScheduler.java:58)
2026-09-24 19:10:21.384 INFO  [farmer-service,2ecaafbfc3f02575,8f23099f] [http-nio-8080-exec-4] com.example.farmer.FarmerController - GET /api/v1/farmers?page=4 200 in 103ms
2026-09-24 19:11:08.159 DEBUG [farmer-service,621f71a7dd1fe582,f4cb3142] [http-nio-8080-exec-8] com.example.farmer.FarmerRepository - select f.* from farmer f where f.region_id = 8
2026-09-24 19:11:08.882 INFO  [farmer-service,3a88f5489bd77061,dc160eb4] [http-nio-8080-exec-3] com.example.common.AuditPublisher - Published 25 audit events to nightshift.audit
2026-09-24 19:11:13.333 WARN  [farmer-service,4f032c39d6b427a0,2939cfe8] [farmer-sync-2] com.example.farmer.FarmerController - Request from 192.0.2.6 missing X-Request-Id header, generated one
2026-09-24 19:12:44.788 WARN  [farmer-service,a61a13e4dd99f6bf,11a82d05] [http-nio-8080-exec-2] com.example.farmer.FarmerController - Request from 192.0.2.148 missing X-Request-Id header, generated one
2026-09-24 19:14:22.433 WARN  [farmer-service,afc1b5d09339536a,e633e368] [farmer-sync-8] com.example.farmer.FarmerController - Request from 192.0.2.219 missing X-Request-Id header, generated one
2026-09-24 19:15:58.214 ERROR [farmer-service,54950914c33730ab,d5e1daba] [farmer-sync-6] com.example.farmer.FarmerSyncService - Sync failed for batch 8350: could not acquire a database connection
java.sql.SQLTransientConnectionException: HikariPool-1 - Connection is not available, request timed out after 30001ms (total=10, active=10, idle=0, waiting=7)
	at com.zaxxer.hikari.pool.HikariPool.createTimeoutException(HikariPool.java:696)
	at com.zaxxer.hikari.pool.HikariPool.getConnection(HikariPool.java:181)
	at com.example.farmer.FarmerSyncService.pushPending(FarmerSyncService.java:36)
	at com.example.farmer.FarmerSyncScheduler.run(FarmerSyncScheduler.java:58)
2026-09-24 19:16:56.612 INFO  [farmer-service,181f33f38f228b0c,a02c050b] [http-nio-8080-exec-5] com.example.farmer.CardRenderJob - Rendered 7 cards in 330ms
2026-09-24 19:21:00.285 DEBUG [farmer-service,f6ae992a1e21e9f3,46a027b5] [http-nio-8080-exec-3] com.example.farmer.FarmerRepository - select f.* from farmer f where f.region_id = 42
2026-09-24 19:21:20.127 INFO  [farmer-service,885f4f50a6e76ad4,387526ce] [farmer-sync-7] com.example.farmer.CardRenderJob - Rendered 20 cards in 1051ms
2026-09-24 19:22:51.798 DEBUG [farmer-service,7f71f6b440a71913,05185d87] [http-nio-8080-exec-3] com.example.farmer.FarmerRepository - select f.* from farmer f where f.region_id = 11
2026-09-24 19:23:24.534 INFO  [farmer-service,15b73af0d8a9ca3f,28293fc3] [farmer-sync-4] com.example.farmer.FarmerController - GET /api/v1/farmers?page=23 200 in 130ms
2026-09-24 19:23:38.257 INFO  [farmer-service,4ed85fe05629c0b6,097bf824] [http-nio-8080-exec-1] com.example.farmer.FarmerController - GET /api/v1/farmers?page=11 200 in 67ms
2026-09-24 19:24:16.110 DEBUG [farmer-service,5a59ae3831603237,fda25650] [http-nio-8080-exec-8] com.example.farmer.FarmerRepository - select f.* from farmer f where f.region_id = 53
2026-09-24 19:24:40.033 INFO  [farmer-service,2acd96669e5a6d2d,eb6e0eb0] [http-nio-8080-exec-9] com.example.farmer.CardRenderJob - Rendered 90 cards in 594ms
2026-09-24 19:24:46.231 INFO  [farmer-service,eb2694cb5dcaccaf,15525241] [farmer-sync-9] com.example.farmer.CardRenderJob - Rendered 19 cards in 2297ms
2026-09-24 19:25:44.425 ERROR [farmer-service,c23ffb897ad192e8,922862f9] [http-nio-8080-exec-4] com.example.farmer.FarmerSyncService - Sync failed for batch 8562: could not acquire a database connection
java.sql.SQLTransientConnectionException: HikariPool-1 - Connection is not available, request timed out after 30001ms (total=10, active=10, idle=0, waiting=7)
	at com.zaxxer.hikari.pool.HikariPool.createTimeoutException(HikariPool.java:696)
	at com.zaxxer.hikari.pool.HikariPool.getConnection(HikariPool.java:181)
	at com.example.farmer.FarmerSyncService.pushPending(FarmerSyncService.java:36)
	at com.example.farmer.FarmerSyncScheduler.run(FarmerSyncScheduler.java:58)
2026-09-24 19:26:05.818 INFO  [farmer-service,8043285fd02f3231,6dd7320c] [farmer-sync-1] com.example.farmer.CardRenderJob - Rendered 40 cards in 2395ms
2026-09-24 19:26:19.102 INFO  [farmer-service,07abf22de1a52aef,a12716e2] [http-nio-8080-exec-4] com.example.farmer.FarmerController - GET /api/v1/farmers?page=33 200 in 41ms
2026-09-24 19:26:30.359 INFO  [farmer-service,affbdb63f3515365,f2b5dcbd] [farmer-sync-1] com.example.common.AuditPublisher - Published 28 audit events to nightshift.audit
2026-09-24 19:27:07.217 ERROR [farmer-service,0f1e1b30b8b2a9b7,c408f7b8] [http-nio-8080-exec-4] com.example.farmer.FarmerSyncService - Sync failed for batch 8606: could not acquire a database connection
java.sql.SQLTransientConnectionException: HikariPool-1 - Connection is not available, request timed out after 30001ms (total=10, active=10, idle=0, waiting=7)
	at com.zaxxer.hikari.pool.HikariPool.createTimeoutException(HikariPool.java:696)
	at com.zaxxer.hikari.pool.HikariPool.getConnection(HikariPool.java:181)
	at com.example.farmer.FarmerSyncService.pushPending(FarmerSyncService.java:36)
	at com.example.farmer.FarmerSyncScheduler.run(FarmerSyncScheduler.java:58)
2026-09-24 19:27:09.113 INFO  [farmer-service,0b1a170df5d92171,3f7b1588] [farmer-sync-4] com.example.farmer.FarmerController - GET /api/v1/farmers?page=31 200 in 100ms
2026-09-24 19:27:34.908 ERROR [farmer-service,8305022df893669c,e2b600fa] [http-nio-8080-exec-2] com.example.farmer.FarmerSyncService - Sync failed for batch 8763: could not acquire a database connection
java.sql.SQLTransientConnectionException: HikariPool-1 - Connection is not available, request timed out after 30001ms (total=10, active=10, idle=0, waiting=7)
	at com.zaxxer.hikari.pool.HikariPool.createTimeoutException(HikariPool.java:696)
	at com.zaxxer.hikari.pool.HikariPool.getConnection(HikariPool.java:181)
	at com.example.farmer.FarmerSyncService.pushPending(FarmerSyncService.java:36)
	at com.example.farmer.FarmerSyncScheduler.run(FarmerSyncScheduler.java:58)
2026-09-24 19:29:03.568 INFO  [farmer-service,f6d1b9c7dac07ed9,66f90594] [http-nio-8080-exec-4] com.example.common.AuditPublisher - Published 20 audit events to nightshift.audit
2026-09-24 19:29:34.516 WARN  [farmer-service,41712350bb8a1bd9,0b4ee08f] [http-nio-8080-exec-5] com.example.farmer.FarmerController - Request from 192.0.2.66 missing X-Request-Id header, generated one
2026-09-24 19:30:13.209 INFO  [farmer-service,e7984295bd66562c,0a8b701d] [http-nio-8080-exec-7] com.example.common.AuditPublisher - Published 24 audit events to nightshift.audit
2026-09-24 19:30:19.163 WARN  [farmer-service,105332930033ccba,760cc49e] [farmer-sync-7] com.example.farmer.FarmerController - Request from 192.0.2.42 missing X-Request-Id header, generated one
2026-09-24 19:30:43.270 INFO  [farmer-service,5a003c5ac45c893d,5521a993] [farmer-sync-3] com.example.farmer.FarmerController - GET /api/v1/farmers?page=0 200 in 20ms
2026-09-24 19:30:56.628 INFO  [farmer-service,95253eaaf99c67fc,adcf2773] [http-nio-8080-exec-8] com.example.farmer.FarmerSyncScheduler - Sync batch 8035 queued, 38 pending records
2026-09-24 19:31:15.524 INFO  [farmer-service,00b5a9ac346ee7ef,4d96c788] [http-nio-8080-exec-4] com.example.farmer.FarmerController - GET /api/v1/farmers?page=34 200 in 37ms
2026-09-24 19:31:39.026 INFO  [farmer-service,12d408e86dedf59b,c62a8880] [farmer-sync-8] com.example.farmer.FarmerController - GET /api/v1/farmers?page=19 200 in 11ms
2026-09-24 19:32:33.536 WARN  [farmer-service,d80d299906bbc68e,840593cc] [farmer-sync-6] com.example.farmer.FarmerController - Request from 192.0.2.91 missing X-Request-Id header, generated one
2026-09-24 19:33:28.370 WARN  [farmer-service,85f00a9e060aaf69,04964e2f] [http-nio-8080-exec-6] com.example.farmer.FarmerController - Request from 192.0.2.11 missing X-Request-Id header, generated one
2026-09-24 19:33:51.408 DEBUG [farmer-service,0c5899b8e0e32a5d,3d3116ea] [farmer-sync-8] com.example.farmer.FarmerRepository - select f.* from farmer f where f.region_id = 36
2026-09-24 19:34:52.677 WARN  [farmer-service,d1e92ee800840abf,1b9446b8] [http-nio-8080-exec-5] com.example.farmer.FarmerController - Request from 192.0.2.174 missing X-Request-Id header, generated one
2026-09-24 19:35:18.794 WARN  [farmer-service,cede4c41f9df3acc,4788fe8c] [farmer-sync-9] com.example.farmer.FarmerController - Request from 192.0.2.100 missing X-Request-Id header, generated one
2026-09-24 19:35:47.791 ERROR [farmer-service,a082ef57385ebcef,e8f82c10] [http-nio-8080-exec-2] com.example.farmer.FarmerSyncService - Sync failed for batch 8204: could not acquire a database connection
java.sql.SQLTransientConnectionException: HikariPool-1 - Connection is not available, request timed out after 30001ms (total=10, active=10, idle=0, waiting=7)
	at com.zaxxer.hikari.pool.HikariPool.createTimeoutException(HikariPool.java:696)
	at com.zaxxer.hikari.pool.HikariPool.getConnection(HikariPool.java:181)
	at com.example.farmer.FarmerSyncService.pushPending(FarmerSyncService.java:36)
	at com.example.farmer.FarmerSyncScheduler.run(FarmerSyncScheduler.java:58)
2026-09-24 19:36:06.830 INFO  [farmer-service,01c6892fae4538e0,ce2e593b] [farmer-sync-5] com.example.farmer.FarmerSyncScheduler - Sync batch 8549 queued, 319 pending records
2026-09-24 19:36:49.236 INFO  [farmer-service,2967b25643bfd98e,9aea4e4a] [farmer-sync-8] com.example.common.AuditPublisher - Published 7 audit events to nightshift.audit
2026-09-24 19:37:21.394 DEBUG [farmer-service,de7760ce30386941,366804ff] [http-nio-8080-exec-2] com.example.farmer.FarmerRepository - select f.* from farmer f where f.region_id = 49
2026-09-24 19:38:38.143 DEBUG [farmer-service,6e51d22e923aa4d7,8c8bba5e] [farmer-sync-8] com.example.farmer.FarmerRepository - select f.* from farmer f where f.region_id = 41
2026-09-24 19:39:31.820 INFO  [farmer-service,97491b1b75be1fac,966be17b] [farmer-sync-1] com.example.farmer.CardRenderJob - Rendered 59 cards in 819ms
2026-09-24 19:41:17.543 INFO  [farmer-service,67e0473fa71bb362,f7942360] [http-nio-8080-exec-1] com.example.farmer.FarmerController - GET /api/v1/farmers?page=26 200 in 110ms
2026-09-24 19:41:48.716 INFO  [farmer-service,e629a5068b71ad6c,fb911f01] [farmer-sync-6] com.example.farmer.CardRenderJob - Rendered 77 cards in 1346ms
2026-09-24 19:42:13.685 INFO  [farmer-service,2fd1a4d5c648958b,0fb542d5] [http-nio-8080-exec-6] com.example.farmer.CardRenderJob - Rendered 27 cards in 887ms
2026-09-24 19:44:31.088 INFO  [farmer-service,9c7872a479afa426,1608120c] [http-nio-8080-exec-1] com.example.farmer.CardRenderJob - Rendered 16 cards in 1612ms
2026-09-24 19:46:57.607 WARN  [farmer-service,7129d8bb91f08bcb,39980ded] [http-nio-8080-exec-5] com.example.farmer.FarmerController - Request from 192.0.2.250 missing X-Request-Id header, generated one
2026-09-24 19:47:26.351 INFO  [farmer-service,c86970464c832ae5,1a207a29] [http-nio-8080-exec-8] com.example.farmer.FarmerController - GET /api/v1/farmers?page=6 200 in 33ms
2026-09-24 19:48:22.121 INFO  [farmer-service,2e5ff5b42e356ecf,a81d4d35] [http-nio-8080-exec-9] com.example.farmer.CardRenderJob - Rendered 57 cards in 1979ms
2026-09-24 19:48:27.843 INFO  [farmer-service,d1fe1704dc60e092,cff6bded] [http-nio-8080-exec-8] com.example.common.AuditPublisher - Published 14 audit events to nightshift.audit
2026-09-24 19:49:25.398 WARN  [farmer-service,93d834e6f05d0af2,d0419dae] [http-nio-8080-exec-1] com.example.farmer.FarmerController - Request from 192.0.2.86 missing X-Request-Id header, generated one
2026-09-24 19:50:30.774 INFO  [farmer-service,0f69452deb917286,1129f312] [farmer-sync-5] com.example.farmer.FarmerController - GET /api/v1/farmers?page=19 200 in 48ms
2026-09-24 19:54:23.736 DEBUG [farmer-service,4ed4ba51d45dac5b,3343e9b6] [farmer-sync-5] com.example.farmer.FarmerRepository - select f.* from farmer f where f.region_id = 33
2026-09-24 19:54:52.313 INFO  [farmer-service,89cd2da70f3a020e,897e8542] [farmer-sync-9] com.example.farmer.FarmerController - GET /api/v1/farmers?page=35 200 in 34ms
2026-09-24 19:55:18.017 INFO  [farmer-service,7bd4057aa073e9cb,b5c66b76] [farmer-sync-4] com.example.farmer.FarmerSyncScheduler - Sync batch 8707 queued, 276 pending records
2026-09-24 19:55:59.982 DEBUG [farmer-service,ed42f2ee8fb82b46,83b6dfb0] [farmer-sync-1] com.example.farmer.FarmerRepository - select f.* from farmer f where f.region_id = 59
2026-09-24 19:56:11.067 INFO  [farmer-service,cac96157ebce7c79,a959bb99] [farmer-sync-4] com.example.farmer.FarmerController - GET /api/v1/farmers?page=40 200 in 34ms
2026-09-24 19:56:26.940 INFO  [farmer-service,68150b1d9ef712f1,b3985209] [http-nio-8080-exec-5] com.example.common.AuditPublisher - Published 21 audit events to nightshift.audit
2026-09-24 19:56:56.772 INFO  [farmer-service,039495e0477044f4,89de8bf5] [farmer-sync-9] com.example.common.AuditPublisher - Published 11 audit events to nightshift.audit
2026-09-24 19:57:25.254 WARN  [farmer-service,bbe50d285db577f1,83d2ac32] [farmer-sync-1] com.example.farmer.FarmerController - Request from 192.0.2.199 missing X-Request-Id header, generated one
2026-09-24 19:57:40.820 ERROR [farmer-service,eafc5083b5f42236,19625dad] [farmer-sync-6] com.example.farmer.FarmerSyncService - Sync failed for batch 8406: could not acquire a database connection
java.sql.SQLTransientConnectionException: HikariPool-1 - Connection is not available, request timed out after 30001ms (total=10, active=10, idle=0, waiting=7)
	at com.zaxxer.hikari.pool.HikariPool.createTimeoutException(HikariPool.java:696)
	at com.zaxxer.hikari.pool.HikariPool.getConnection(HikariPool.java:181)
	at com.example.farmer.FarmerSyncService.pushPending(FarmerSyncService.java:36)
	at com.example.farmer.FarmerSyncScheduler.run(FarmerSyncScheduler.java:58)
2026-09-24 19:57:46.538 INFO  [farmer-service,617d78cdee2cf2ce,21a883e2] [http-nio-8080-exec-5] com.example.farmer.CardRenderJob - Rendered 74 cards in 1867ms
2026-09-24 20:06:27.273 ERROR [farmer-service,685f0c55a8d83904,c065b3e9] [farmer-sync-4] com.example.farmer.FarmerSyncService - Sync failed for batch 8851: could not acquire a database connection
java.sql.SQLTransientConnectionException: HikariPool-1 - Connection is not available, request timed out after 30001ms (total=10, active=10, idle=0, waiting=7)
	at com.zaxxer.hikari.pool.HikariPool.createTimeoutException(HikariPool.java:696)
	at com.zaxxer.hikari.pool.HikariPool.getConnection(HikariPool.java:181)
	at com.example.farmer.FarmerSyncService.pushPending(FarmerSyncService.java:36)
	at com.example.farmer.FarmerSyncScheduler.run(FarmerSyncScheduler.java:58)
2026-09-24 20:06:59.272 INFO  [farmer-service,d870ef8581e76819,c4f808ff] [farmer-sync-1] com.example.common.AuditPublisher - Published 15 audit events to nightshift.audit
2026-09-24 20:08:44.726 INFO  [farmer-service,67da148dd197644e,f7ac3a4b] [http-nio-8080-exec-7] com.example.farmer.FarmerSyncScheduler - Sync batch 8305 queued, 173 pending records
2026-09-24 20:21:32.968 ERROR [farmer-service,2a34623cbc135b2b,24b8f991] [farmer-sync-4] com.example.farmer.FarmerSyncService - Sync failed for batch 8947: could not acquire a database connection
java.sql.SQLTransientConnectionException: HikariPool-1 - Connection is not available, request timed out after 30001ms (total=10, active=10, idle=0, waiting=7)
	at com.zaxxer.hikari.pool.HikariPool.createTimeoutException(HikariPool.java:696)
	at com.zaxxer.hikari.pool.HikariPool.getConnection(HikariPool.java:181)
	at com.example.farmer.FarmerSyncService.pushPending(FarmerSyncService.java:36)
	at com.example.farmer.FarmerSyncScheduler.run(FarmerSyncScheduler.java:58)
2026-09-24 20:30:36.768 DEBUG [farmer-service,23fec820a0971e9d,597dc328] [http-nio-8080-exec-9] com.example.farmer.FarmerRepository - select f.* from farmer f where f.region_id = 48
2026-09-24 20:33:14.292 ERROR [farmer-service,bf8e7e800f38e839,0ed6b68f] [farmer-sync-1] com.example.farmer.FarmerSyncService - Sync failed for batch 8874: could not acquire a database connection
java.sql.SQLTransientConnectionException: HikariPool-1 - Connection is not available, request timed out after 30001ms (total=10, active=10, idle=0, waiting=7)
	at com.zaxxer.hikari.pool.HikariPool.createTimeoutException(HikariPool.java:696)
	at com.zaxxer.hikari.pool.HikariPool.getConnection(HikariPool.java:181)
	at com.example.farmer.FarmerSyncService.pushPending(FarmerSyncService.java:36)
	at com.example.farmer.FarmerSyncScheduler.run(FarmerSyncScheduler.java:58)
2026-09-24 20:34:51.737 DEBUG [farmer-service,acd1996789229919,d08bbf97] [farmer-sync-8] com.example.farmer.FarmerRepository - select f.* from farmer f where f.region_id = 13
2026-09-24 20:36:28.938 INFO  [farmer-service,6b4ff11d28e7b63f,98b471fd] [farmer-sync-7] com.example.farmer.CardRenderJob - Rendered 72 cards in 2297ms
2026-09-24 20:44:46.913 ERROR [farmer-service,cffa43711940d34b,d77078f9] [farmer-sync-7] com.example.farmer.FarmerSyncService - Sync failed for batch 8545: could not acquire a database connection
java.sql.SQLTransientConnectionException: HikariPool-1 - Connection is not available, request timed out after 30001ms (total=10, active=10, idle=0, waiting=7)
	at com.zaxxer.hikari.pool.HikariPool.createTimeoutException(HikariPool.java:696)
	at com.zaxxer.hikari.pool.HikariPool.getConnection(HikariPool.java:181)
	at com.example.farmer.FarmerSyncService.pushPending(FarmerSyncService.java:36)
	at com.example.farmer.FarmerSyncScheduler.run(FarmerSyncScheduler.java:58)
2026-09-24 21:01:56.961 ERROR [farmer-service,32c6d08a4be153bd,e494fe9e] [farmer-sync-2] com.example.farmer.FarmerSyncService - Sync failed for batch 8510: could not acquire a database connection
java.sql.SQLTransientConnectionException: HikariPool-1 - Connection is not available, request timed out after 30001ms (total=10, active=10, idle=0, waiting=7)
	at com.zaxxer.hikari.pool.HikariPool.createTimeoutException(HikariPool.java:696)
	at com.zaxxer.hikari.pool.HikariPool.getConnection(HikariPool.java:181)
	at com.example.farmer.FarmerSyncService.pushPending(FarmerSyncService.java:36)
	at com.example.farmer.FarmerSyncScheduler.run(FarmerSyncScheduler.java:58)
2026-09-24 21:04:01.213 INFO  [farmer-service,b8a752b3ef9dac01,69690fd6] [http-nio-8080-exec-3] com.example.common.AuditPublisher - Published 13 audit events to nightshift.audit
2026-09-24 21:04:14.972 WARN  [farmer-service,421df39124edf39f,a37595e8] [http-nio-8080-exec-6] com.example.farmer.FarmerController - Request from 192.0.2.90 missing X-Request-Id header, generated one
2026-09-24 21:05:48.834 WARN  [farmer-service,0c4b5e587a82da0c,86eac641] [farmer-sync-1] com.example.farmer.FarmerProfileService - Concurrent update on farmer 8975, retry 2 of 3
com.example.farmer.FarmerProfileService$OptimisticLockException: Row was updated by another transaction (farmer id=9336)
	at com.example.farmer.FarmerProfileService.rename(FarmerProfileService.java:27)
	at com.example.farmer.FarmerController.rename(FarmerController.java:96)
2026-09-24 21:11:37.794 ERROR [farmer-service,da9691c3eebe58ac,477a2d1e] [http-nio-8080-exec-9] com.example.farmer.CardRenderJob - Failed to render card label for farmer 91799
java.lang.NullPointerException: Cannot invoke "String.charAt(int)" because "middleName" is null
	at com.example.common.NameFormatter.initials(NameFormatter.java:22)
	at com.example.farmer.FarmerSyncService.cardLabel(FarmerSyncService.java:53)
	at com.example.farmer.CardRenderJob.render(CardRenderJob.java:74)
	at java.base/java.util.concurrent.ThreadPoolExecutor.runWorker(ThreadPoolExecutor.java:1144)
	at java.base/java.lang.Thread.run(Thread.java:1583)
2026-09-24 21:16:36.233 INFO  [farmer-service,20689636721a0fe6,47a8fd24] [http-nio-8080-exec-1] com.example.farmer.CardRenderJob - Rendered 35 cards in 1491ms
2026-09-24 21:18:59.691 INFO  [farmer-service,78d35046efb6ea13,94610b91] [farmer-sync-7] com.example.farmer.FarmerSyncScheduler - Sync batch 8626 queued, 141 pending records
2026-09-24 21:25:27.058 INFO  [farmer-service,b361424cad40a257,3e298b67] [farmer-sync-8] com.example.common.AuditPublisher - Published 13 audit events to nightshift.audit
2026-09-24 21:25:37.041 ERROR [farmer-service,3dd5a1979116d00d,f058eabd] [http-nio-8080-exec-8] com.example.farmer.FarmerSyncService - Sync failed for batch 8689: could not acquire a database connection
java.sql.SQLTransientConnectionException: HikariPool-1 - Connection is not available, request timed out after 30001ms (total=10, active=10, idle=0, waiting=7)
	at com.zaxxer.hikari.pool.HikariPool.createTimeoutException(HikariPool.java:696)
	at com.zaxxer.hikari.pool.HikariPool.getConnection(HikariPool.java:181)
	at com.example.farmer.FarmerSyncService.pushPending(FarmerSyncService.java:36)
	at com.example.farmer.FarmerSyncScheduler.run(FarmerSyncScheduler.java:58)
2026-09-24 21:28:15.268 ERROR [farmer-service,9a9baf501b409aab,d122cf7a] [http-nio-8080-exec-3] com.example.farmer.FarmerSyncService - Sync failed for batch 8311: could not acquire a database connection
java.sql.SQLTransientConnectionException: HikariPool-1 - Connection is not available, request timed out after 30001ms (total=10, active=10, idle=0, waiting=7)
	at com.zaxxer.hikari.pool.HikariPool.createTimeoutException(HikariPool.java:696)
	at com.zaxxer.hikari.pool.HikariPool.getConnection(HikariPool.java:181)
	at com.example.farmer.FarmerSyncService.pushPending(FarmerSyncService.java:36)
	at com.example.farmer.FarmerSyncScheduler.run(FarmerSyncScheduler.java:58)
2026-09-24 21:33:49.937 ERROR [farmer-service,08b95efe7468c143,e3478353] [farmer-sync-2] com.example.farmer.FarmerSyncService - Sync failed for batch 8867: could not acquire a database connection
java.sql.SQLTransientConnectionException: HikariPool-1 - Connection is not available, request timed out after 30001ms (total=10, active=10, idle=0, waiting=7)
	at com.zaxxer.hikari.pool.HikariPool.createTimeoutException(HikariPool.java:696)
	at com.zaxxer.hikari.pool.HikariPool.getConnection(HikariPool.java:181)
	at com.example.farmer.FarmerSyncService.pushPending(FarmerSyncService.java:36)
	at com.example.farmer.FarmerSyncScheduler.run(FarmerSyncScheduler.java:58)
2026-09-24 21:39:40.143 WARN  [farmer-service,0e03127ce86e7cb9,d114c754] [http-nio-8080-exec-8] com.example.farmer.FarmerProfileService - Concurrent update on farmer 7992, retry 1 of 3
com.example.farmer.FarmerProfileService$OptimisticLockException: Row was updated by another transaction (farmer id=2296)
	at com.example.farmer.FarmerProfileService.rename(FarmerProfileService.java:27)
	at com.example.farmer.FarmerController.rename(FarmerController.java:96)
2026-09-24 21:39:52.042 INFO  [farmer-service,3e06dda140af62d9,e27bab1f] [http-nio-8080-exec-2] com.example.farmer.FarmerController - GET /api/v1/farmers?page=32 200 in 86ms
2026-09-24 21:43:16.890 ERROR [farmer-service,0f4113dfdca058d0,93e69fba] [http-nio-8080-exec-5] com.example.farmer.FarmerSyncService - Sync failed for batch 8861: could not acquire a database connection
java.sql.SQLTransientConnectionException: HikariPool-1 - Connection is not available, request timed out after 30001ms (total=10, active=10, idle=0, waiting=7)
	at com.zaxxer.hikari.pool.HikariPool.createTimeoutException(HikariPool.java:696)
	at com.zaxxer.hikari.pool.HikariPool.getConnection(HikariPool.java:181)
	at com.example.farmer.FarmerSyncService.pushPending(FarmerSyncService.java:36)
	at com.example.farmer.FarmerSyncScheduler.run(FarmerSyncScheduler.java:58)
2026-09-24 21:43:31.090 ERROR [farmer-service,af4a5fd2b52276fd,04b78e4a] [farmer-sync-8] com.example.farmer.FarmerSyncService - Sync failed for batch 8592: could not acquire a database connection
java.sql.SQLTransientConnectionException: HikariPool-1 - Connection is not available, request timed out after 30001ms (total=10, active=10, idle=0, waiting=7)
	at com.zaxxer.hikari.pool.HikariPool.createTimeoutException(HikariPool.java:696)
	at com.zaxxer.hikari.pool.HikariPool.getConnection(HikariPool.java:181)
	at com.example.farmer.FarmerSyncService.pushPending(FarmerSyncService.java:36)
	at com.example.farmer.FarmerSyncScheduler.run(FarmerSyncScheduler.java:58)
2026-09-24 21:49:08.191 ERROR [farmer-service,1ed1c420b3aaf147,2fdc9916] [farmer-sync-7] com.example.farmer.FarmerSyncService - Sync failed for batch 8463: could not acquire a database connection
java.sql.SQLTransientConnectionException: HikariPool-1 - Connection is not available, request timed out after 30001ms (total=10, active=10, idle=0, waiting=7)
	at com.zaxxer.hikari.pool.HikariPool.createTimeoutException(HikariPool.java:696)
	at com.zaxxer.hikari.pool.HikariPool.getConnection(HikariPool.java:181)
	at com.example.farmer.FarmerSyncService.pushPending(FarmerSyncService.java:36)
	at com.example.farmer.FarmerSyncScheduler.run(FarmerSyncScheduler.java:58)
2026-09-24 21:50:53.430 WARN  [farmer-service,59c71289ead82779,d118fa9b] [http-nio-8080-exec-5] com.example.farmer.FarmerProfileService - Concurrent update on farmer 7923, retry 2 of 3
com.example.farmer.FarmerProfileService$OptimisticLockException: Row was updated by another transaction (farmer id=3105)
	at com.example.farmer.FarmerProfileService.rename(FarmerProfileService.java:27)
	at com.example.farmer.FarmerController.rename(FarmerController.java:96)
2026-09-24 21:50:55.294 WARN  [farmer-service,50dcb492cde06c5c,f5464950] [http-nio-8080-exec-8] com.example.farmer.FarmerController - Request from 192.0.2.21 missing X-Request-Id header, generated one
2026-09-24 21:51:34.659 ERROR [farmer-service,6e40d99b116173bf,087bc5c6] [farmer-sync-3] com.example.farmer.FarmerSyncService - Sync failed for batch 8079: could not acquire a database connection
java.sql.SQLTransientConnectionException: HikariPool-1 - Connection is not available, request timed out after 30001ms (total=10, active=10, idle=0, waiting=7)
	at com.zaxxer.hikari.pool.HikariPool.createTimeoutException(HikariPool.java:696)
	at com.zaxxer.hikari.pool.HikariPool.getConnection(HikariPool.java:181)
	at com.example.farmer.FarmerSyncService.pushPending(FarmerSyncService.java:36)
	at com.example.farmer.FarmerSyncScheduler.run(FarmerSyncScheduler.java:58)
2026-09-24 21:53:03.054 ERROR [farmer-service,18df8e674ae1b55f,81ac9dff] [http-nio-8080-exec-3] com.example.farmer.FarmerSyncService - Sync failed for batch 8805: could not acquire a database connection
java.sql.SQLTransientConnectionException: HikariPool-1 - Connection is not available, request timed out after 30001ms (total=10, active=10, idle=0, waiting=7)
	at com.zaxxer.hikari.pool.HikariPool.createTimeoutException(HikariPool.java:696)
	at com.zaxxer.hikari.pool.HikariPool.getConnection(HikariPool.java:181)
	at com.example.farmer.FarmerSyncService.pushPending(FarmerSyncService.java:36)
	at com.example.farmer.FarmerSyncScheduler.run(FarmerSyncScheduler.java:58)
2026-09-24 21:54:45.283 WARN  [farmer-service,4ccabab1dd2a2e2a,30d3812c] [http-nio-8080-exec-6] com.example.farmer.FarmerProfileService - Concurrent update on farmer 7664, retry 2 of 3
com.example.farmer.FarmerProfileService$OptimisticLockException: Row was updated by another transaction (farmer id=5246)
	at com.example.farmer.FarmerProfileService.rename(FarmerProfileService.java:27)
	at com.example.farmer.FarmerController.rename(FarmerController.java:96)
2026-09-24 22:06:11.174 ERROR [farmer-service,5b0e131e0f1832fd,501e6b9d] [farmer-sync-9] com.example.farmer.FarmerSyncService - Sync failed for batch 8980: could not acquire a database connection
java.sql.SQLTransientConnectionException: HikariPool-1 - Connection is not available, request timed out after 30001ms (total=10, active=10, idle=0, waiting=7)
	at com.zaxxer.hikari.pool.HikariPool.createTimeoutException(HikariPool.java:696)
	at com.zaxxer.hikari.pool.HikariPool.getConnection(HikariPool.java:181)
	at com.example.farmer.FarmerSyncService.pushPending(FarmerSyncService.java:36)
	at com.example.farmer.FarmerSyncScheduler.run(FarmerSyncScheduler.java:58)
2026-09-24 22:09:12.401 INFO  [farmer-service,bcde04cede2e5335,9bb0cfed] [http-nio-8080-exec-7] com.example.farmer.CardRenderJob - Rendered 86 cards in 324ms
2026-09-24 22:18:47.749 ERROR [farmer-service,85a7e21e261cc13b,b9659131] [farmer-sync-2] com.example.farmer.FarmerSyncService - Sync failed for batch 8472: could not acquire a database connection
java.sql.SQLTransientConnectionException: HikariPool-1 - Connection is not available, request timed out after 30001ms (total=10, active=10, idle=0, waiting=7)
	at com.zaxxer.hikari.pool.HikariPool.createTimeoutException(HikariPool.java:696)
	at com.zaxxer.hikari.pool.HikariPool.getConnection(HikariPool.java:181)
	at com.example.farmer.FarmerSyncService.pushPending(FarmerSyncService.java:36)
	at com.example.farmer.FarmerSyncScheduler.run(FarmerSyncScheduler.java:58)
2026-09-24 22:19:08.364 ERROR [farmer-service,7eff93a53ef6dd40,c20d0a90] [http-nio-8080-exec-4] com.example.farmer.FarmerSyncService - Sync failed for batch 8904: could not acquire a database connection
java.sql.SQLTransientConnectionException: HikariPool-1 - Connection is not available, request timed out after 30001ms (total=10, active=10, idle=0, waiting=7)
	at com.zaxxer.hikari.pool.HikariPool.createTimeoutException(HikariPool.java:696)
	at com.zaxxer.hikari.pool.HikariPool.getConnection(HikariPool.java:181)
	at com.example.farmer.FarmerSyncService.pushPending(FarmerSyncService.java:36)
	at com.example.farmer.FarmerSyncScheduler.run(FarmerSyncScheduler.java:58)
2026-09-24 22:19:34.000 INFO  [farmer-service,0991672a3b32f5c3,987d00fe] [farmer-sync-8] com.example.farmer.FarmerController - GET /api/v1/farmers?page=33 200 in 18ms
2026-09-24 22:24:10.169 INFO  [farmer-service,6b71bd287fbdab0b,3181dad8] [farmer-sync-1] com.example.farmer.CardRenderJob - Rendered 53 cards in 660ms
2026-09-24 22:25:07.701 ERROR [farmer-service,78d9a4ad3a58b17b,ee98b378] [farmer-sync-5] com.example.farmer.FarmerSyncService - Sync failed for batch 8752: could not acquire a database connection
java.sql.SQLTransientConnectionException: HikariPool-1 - Connection is not available, request timed out after 30001ms (total=10, active=10, idle=0, waiting=7)
	at com.zaxxer.hikari.pool.HikariPool.createTimeoutException(HikariPool.java:696)
	at com.zaxxer.hikari.pool.HikariPool.getConnection(HikariPool.java:181)
	at com.example.farmer.FarmerSyncService.pushPending(FarmerSyncService.java:36)
	at com.example.farmer.FarmerSyncScheduler.run(FarmerSyncScheduler.java:58)
2026-09-24 22:27:02.398 INFO  [farmer-service,b556faf00cbb9dcc,a4c0a071] [farmer-sync-2] com.example.farmer.FarmerController - GET /api/v1/farmers?page=3 200 in 68ms
2026-09-24 22:32:55.053 ERROR [farmer-service,e3f8b7178fa3616d,5ad6409d] [farmer-sync-5] com.example.farmer.CardRenderJob - Failed to render card label for farmer 36200
java.lang.NullPointerException: Cannot invoke "String.charAt(int)" because "middleName" is null
	at com.example.common.NameFormatter.initials(NameFormatter.java:22)
	at com.example.farmer.FarmerSyncService.cardLabel(FarmerSyncService.java:53)
	at com.example.farmer.CardRenderJob.render(CardRenderJob.java:74)
	at java.base/java.util.concurrent.ThreadPoolExecutor.runWorker(ThreadPoolExecutor.java:1144)
	at java.base/java.lang.Thread.run(Thread.java:1583)
2026-09-24 22:38:55.884 WARN  [farmer-service,329edb3cfde5713e,4d4260e3] [farmer-sync-8] com.example.farmer.FarmerController - Request from 192.0.2.217 missing X-Request-Id header, generated one
2026-09-24 22:41:42.537 INFO  [farmer-service,e05a3f65ed094488,5da43e71] [farmer-sync-9] com.example.farmer.CardRenderJob - Rendered 77 cards in 789ms
2026-09-24 22:49:43.154 ERROR [farmer-service,6fffe4e6e57c23f2,12a920c7] [http-nio-8080-exec-9] com.example.farmer.FarmerSyncService - Sync failed for batch 8147: could not acquire a database connection
java.sql.SQLTransientConnectionException: HikariPool-1 - Connection is not available, request timed out after 30001ms (total=10, active=10, idle=0, waiting=7)
	at com.zaxxer.hikari.pool.HikariPool.createTimeoutException(HikariPool.java:696)
	at com.zaxxer.hikari.pool.HikariPool.getConnection(HikariPool.java:181)
	at com.example.farmer.FarmerSyncService.pushPending(FarmerSyncService.java:36)
	at com.example.farmer.FarmerSyncScheduler.run(FarmerSyncScheduler.java:58)
2026-09-24 23:02:56.550 INFO  [farmer-service,7c8718ba19f6438b,0060523b] [farmer-sync-9] com.example.common.AuditPublisher - Published 2 audit events to nightshift.audit
2026-09-24 23:05:36.088 ERROR [farmer-service,d89c816266e2324b,3c214ff6] [farmer-sync-3] com.example.farmer.FarmerSyncService - Sync failed for batch 8609: could not acquire a database connection
java.sql.SQLTransientConnectionException: HikariPool-1 - Connection is not available, request timed out after 30001ms (total=10, active=10, idle=0, waiting=7)
	at com.zaxxer.hikari.pool.HikariPool.createTimeoutException(HikariPool.java:696)
	at com.zaxxer.hikari.pool.HikariPool.getConnection(HikariPool.java:181)
	at com.example.farmer.FarmerSyncService.pushPending(FarmerSyncService.java:36)
	at com.example.farmer.FarmerSyncScheduler.run(FarmerSyncScheduler.java:58)
2026-09-24 23:08:03.080 ERROR [farmer-service,753181f9a5cd35fc,31240a82] [http-nio-8080-exec-9] com.example.farmer.FarmerSyncService - Sync failed for batch 8918: could not acquire a database connection
java.sql.SQLTransientConnectionException: HikariPool-1 - Connection is not available, request timed out after 30001ms (total=10, active=10, idle=0, waiting=7)
	at com.zaxxer.hikari.pool.HikariPool.createTimeoutException(HikariPool.java:696)
	at com.zaxxer.hikari.pool.HikariPool.getConnection(HikariPool.java:181)
	at com.example.farmer.FarmerSyncService.pushPending(FarmerSyncService.java:36)
	at com.example.farmer.FarmerSyncScheduler.run(FarmerSyncScheduler.java:58)
2026-09-24 23:08:03.456 ERROR [farmer-service,22d67b1fe12cda65,03c9722a] [http-nio-8080-exec-9] com.example.farmer.FarmerSyncService - Sync failed for batch 8401: could not acquire a database connection
java.sql.SQLTransientConnectionException: HikariPool-1 - Connection is not available, request timed out after 30001ms (total=10, active=10, idle=0, waiting=7)
	at com.zaxxer.hikari.pool.HikariPool.createTimeoutException(HikariPool.java:696)
	at com.zaxxer.hikari.pool.HikariPool.getConnection(HikariPool.java:181)
	at com.example.farmer.FarmerSyncService.pushPending(FarmerSyncService.java:36)
	at com.example.farmer.FarmerSyncScheduler.run(FarmerSyncScheduler.java:58)
2026-09-24 23:13:05.090 ERROR [farmer-service,7b61804be7892951,131f43f4] [farmer-sync-7] com.example.farmer.FarmerSyncService - Sync failed for batch 8361: could not acquire a database connection
java.sql.SQLTransientConnectionException: HikariPool-1 - Connection is not available, request timed out after 30001ms (total=10, active=10, idle=0, waiting=7)
	at com.zaxxer.hikari.pool.HikariPool.createTimeoutException(HikariPool.java:696)
	at com.zaxxer.hikari.pool.HikariPool.getConnection(HikariPool.java:181)
	at com.example.farmer.FarmerSyncService.pushPending(FarmerSyncService.java:36)
	at com.example.farmer.FarmerSyncScheduler.run(FarmerSyncScheduler.java:58)
2026-09-24 23:14:09.264 ERROR [farmer-service,b71671db614170b6,17ae62e3] [farmer-sync-1] com.example.farmer.FarmerSyncService - Sync failed for batch 8935: could not acquire a database connection
java.sql.SQLTransientConnectionException: HikariPool-1 - Connection is not available, request timed out after 30001ms (total=10, active=10, idle=0, waiting=7)
	at com.zaxxer.hikari.pool.HikariPool.createTimeoutException(HikariPool.java:696)
	at com.zaxxer.hikari.pool.HikariPool.getConnection(HikariPool.java:181)
	at com.example.farmer.FarmerSyncService.pushPending(FarmerSyncService.java:36)
	at com.example.farmer.FarmerSyncScheduler.run(FarmerSyncScheduler.java:58)
2026-09-24 23:16:16.028 ERROR [farmer-service,79c08fbb63ab39c4,153e622d] [farmer-sync-1] com.example.farmer.FarmerSyncService - Sync failed for batch 8829: could not acquire a database connection
java.sql.SQLTransientConnectionException: HikariPool-1 - Connection is not available, request timed out after 30001ms (total=10, active=10, idle=0, waiting=7)
	at com.zaxxer.hikari.pool.HikariPool.createTimeoutException(HikariPool.java:696)
	at com.zaxxer.hikari.pool.HikariPool.getConnection(HikariPool.java:181)
	at com.example.farmer.FarmerSyncService.pushPending(FarmerSyncService.java:36)
	at com.example.farmer.FarmerSyncScheduler.run(FarmerSyncScheduler.java:58)
2026-09-24 23:16:29.805 INFO  [farmer-service,afd564849320b3f9,d039cc5f] [http-nio-8080-exec-8] com.example.farmer.FarmerSyncScheduler - Sync batch 8965 queued, 70 pending records
2026-09-24 23:21:50.750 ERROR [farmer-service,b2ff919334618288,abf36378] [farmer-sync-1] com.example.farmer.FarmerSyncService - Sync failed for batch 8725: could not acquire a database connection
java.sql.SQLTransientConnectionException: HikariPool-1 - Connection is not available, request timed out after 30001ms (total=10, active=10, idle=0, waiting=7)
	at com.zaxxer.hikari.pool.HikariPool.createTimeoutException(HikariPool.java:696)
	at com.zaxxer.hikari.pool.HikariPool.getConnection(HikariPool.java:181)
	at com.example.farmer.FarmerSyncService.pushPending(FarmerSyncService.java:36)
	at com.example.farmer.FarmerSyncScheduler.run(FarmerSyncScheduler.java:58)
2026-09-24 23:27:05.003 ERROR [farmer-service,db0d3a0e5e610688,f4770e8e] [http-nio-8080-exec-6] com.example.farmer.FarmerSyncService - Sync failed for batch 8733: could not acquire a database connection
java.sql.SQLTransientConnectionException: HikariPool-1 - Connection is not available, request timed out after 30001ms (total=10, active=10, idle=0, waiting=7)
	at com.zaxxer.hikari.pool.HikariPool.createTimeoutException(HikariPool.java:696)
	at com.zaxxer.hikari.pool.HikariPool.getConnection(HikariPool.java:181)
	at com.example.farmer.FarmerSyncService.pushPending(FarmerSyncService.java:36)
	at com.example.farmer.FarmerSyncScheduler.run(FarmerSyncScheduler.java:58)
2026-09-24 23:32:50.635 DEBUG [farmer-service,934dad4607870c9e,e9114c07] [farmer-sync-3] com.example.farmer.FarmerRepository - select f.* from farmer f where f.region_id = 41
2026-09-24 23:40:53.324 ERROR [farmer-service,d6db738deb9b722f,a176bd45] [farmer-sync-9] com.example.farmer.CardRenderJob - Failed to render card label for farmer 51593
java.lang.NullPointerException: Cannot invoke "String.charAt(int)" because "middleName" is null
	at com.example.common.NameFormatter.initials(NameFormatter.java:22)
	at com.example.farmer.FarmerSyncService.cardLabel(FarmerSyncService.java:53)
	at com.example.farmer.CardRenderJob.render(CardRenderJob.java:74)
	at java.base/java.util.concurrent.ThreadPoolExecutor.runWorker(ThreadPoolExecutor.java:1144)
	at java.base/java.lang.Thread.run(Thread.java:1583)
2026-09-24 23:43:09.579 DEBUG [farmer-service,0b9dc300b59020ba,8431f1bc] [http-nio-8080-exec-8] com.example.farmer.FarmerRepository - select f.* from farmer f where f.region_id = 41
2026-09-24 23:45:21.923 INFO  [farmer-service,859e9849e26ec96a,4ec4ac34] [http-nio-8080-exec-3] com.example.farmer.FarmerController - GET /api/v1/farmers?page=13 200 in 62ms
2026-09-24 23:52:02.194 ERROR [farmer-service,c422e006d5605413,6e3159dd] [farmer-sync-6] com.example.farmer.FarmerSyncService - Sync failed for batch 8460: could not acquire a database connection
java.sql.SQLTransientConnectionException: HikariPool-1 - Connection is not available, request timed out after 30001ms (total=10, active=10, idle=0, waiting=7)
	at com.zaxxer.hikari.pool.HikariPool.createTimeoutException(HikariPool.java:696)
	at com.zaxxer.hikari.pool.HikariPool.getConnection(HikariPool.java:181)
	at com.example.farmer.FarmerSyncService.pushPending(FarmerSyncService.java:36)
	at com.example.farmer.FarmerSyncScheduler.run(FarmerSyncScheduler.java:58)
2026-09-24 23:56:56.524 INFO  [farmer-service,c27e1193d51d2d2b,28b05bc9] [farmer-sync-5] com.example.common.AuditPublisher - Published 5 audit events to nightshift.audit
