2026-09-23 00:00:14.235 ERROR [farmer-service,4e33721e0e2409d0,6a88ca4c] [http-nio-8080-exec-2] com.example.farmer.FarmerSyncService - Sync failed for batch 8850: could not acquire a database connection
java.sql.SQLTransientConnectionException: HikariPool-1 - Connection is not available, request timed out after 30001ms (total=10, active=10, idle=0, waiting=7)
	at com.zaxxer.hikari.pool.HikariPool.createTimeoutException(HikariPool.java:696)
	at com.zaxxer.hikari.pool.HikariPool.getConnection(HikariPool.java:181)
	at com.example.farmer.FarmerSyncService.pushPending(FarmerSyncService.java:36)
	at com.example.farmer.FarmerSyncScheduler.run(FarmerSyncScheduler.java:58)
2026-09-23 00:05:59.896 ERROR [farmer-service,4de4c39a20b6b989,c8cce1f4] [http-nio-8080-exec-3] com.example.farmer.CardRenderJob - Failed to render card label for farmer 39437
java.lang.NullPointerException: Cannot invoke "String.charAt(int)" because "middleName" is null
	at com.example.common.NameFormatter.initials(NameFormatter.java:22)
	at com.example.farmer.FarmerSyncService.cardLabel(FarmerSyncService.java:53)
	at com.example.farmer.CardRenderJob.render(CardRenderJob.java:74)
	at java.base/java.util.concurrent.ThreadPoolExecutor.runWorker(ThreadPoolExecutor.java:1144)
	at java.base/java.lang.Thread.run(Thread.java:1583)
2026-09-23 00:11:55.863 INFO  [farmer-service,7296cc08c8f073f4,ca0289a7] [http-nio-8080-exec-7] com.example.farmer.FarmerSyncScheduler - Sync batch 8011 queued, 259 pending records
2026-09-23 00:21:32.160 DEBUG [farmer-service,47183754ecf737bf,ec2762e9] [http-nio-8080-exec-2] com.example.farmer.FarmerRepository - select f.* from farmer f where f.region_id = 38
2026-09-23 00:24:44.130 WARN  [farmer-service,1caefd669e20a356,5bc05230] [http-nio-8080-exec-5] com.example.farmer.FarmerController - Request from 192.0.2.140 missing X-Request-Id header, generated one
2026-09-23 00:29:44.036 DEBUG [farmer-service,9048bdc6dc379ae0,2341a070] [http-nio-8080-exec-1] com.example.farmer.FarmerRepository - select f.* from farmer f where f.region_id = 17
2026-09-23 00:34:36.087 INFO  [farmer-service,fc53a1f53e9fb619,dec5a345] [farmer-sync-4] com.example.farmer.FarmerSyncScheduler - Sync batch 8193 queued, 68 pending records
2026-09-23 00:42:30.446 WARN  [farmer-service,113793f2c7fa110d,424f3ba0] [farmer-sync-2] com.example.farmer.FarmerController - Request from 192.0.2.111 missing X-Request-Id header, generated one
2026-09-23 00:51:53.950 WARN  [farmer-service,0b7ce6edf91c95e9,a6e3f646] [farmer-sync-8] com.example.farmer.FarmerController - Request from 192.0.2.172 missing X-Request-Id header, generated one
2026-09-23 00:54:22.973 WARN  [farmer-service,e62b5f0a2e4d50ba,717f7cb3] [farmer-sync-6] com.example.farmer.FarmerController - Request from 192.0.2.68 missing X-Request-Id header, generated one
2026-09-23 00:58:57.739 ERROR [farmer-service,9b7c56614153dd97,bc23f908] [farmer-sync-8] com.example.farmer.FarmerSyncService - Sync failed for batch 8240: could not acquire a database connection
java.sql.SQLTransientConnectionException: HikariPool-1 - Connection is not available, request timed out after 30001ms (total=10, active=10, idle=0, waiting=7)
	at com.zaxxer.hikari.pool.HikariPool.createTimeoutException(HikariPool.java:696)
	at com.zaxxer.hikari.pool.HikariPool.getConnection(HikariPool.java:181)
	at com.example.farmer.FarmerSyncService.pushPending(FarmerSyncService.java:36)
	at com.example.farmer.FarmerSyncScheduler.run(FarmerSyncScheduler.java:58)
2026-09-23 01:01:35.896 DEBUG [farmer-service,2fb5f9f1b5c873ce,2d1f27ff] [http-nio-8080-exec-8] com.example.farmer.FarmerRepository - select f.* from farmer f where f.region_id = 18
2026-09-23 01:05:09.307 DEBUG [farmer-service,68337419816d7188,df76a26d] [http-nio-8080-exec-5] com.example.farmer.FarmerRepository - select f.* from farmer f where f.region_id = 3
2026-09-23 01:08:50.584 DEBUG [farmer-service,36a2978578714cc1,0ecde7d4] [farmer-sync-9] com.example.farmer.FarmerRepository - select f.* from farmer f where f.region_id = 46
2026-09-23 01:11:14.429 ERROR [farmer-service,f5f4c4f3e772d6e8,b4740d89] [farmer-sync-4] com.example.farmer.CardRenderJob - Failed to render card label for farmer 95450
java.lang.NullPointerException: Cannot invoke "String.charAt(int)" because "middleName" is null
	at com.example.common.NameFormatter.initials(NameFormatter.java:22)
	at com.example.farmer.FarmerSyncService.cardLabel(FarmerSyncService.java:53)
	at com.example.farmer.CardRenderJob.render(CardRenderJob.java:74)
	at java.base/java.util.concurrent.ThreadPoolExecutor.runWorker(ThreadPoolExecutor.java:1144)
	at java.base/java.lang.Thread.run(Thread.java:1583)
2026-09-23 01:22:54.391 ERROR [farmer-service,8b1f8370c7b896fa,d244f791] [farmer-sync-4] com.example.farmer.FarmerSyncService - Sync failed for batch 8138: could not acquire a database connection
java.sql.SQLTransientConnectionException: HikariPool-1 - Connection is not available, request timed out after 30001ms (total=10, active=10, idle=0, waiting=7)
	at com.zaxxer.hikari.pool.HikariPool.createTimeoutException(HikariPool.java:696)
	at com.zaxxer.hikari.pool.HikariPool.getConnection(HikariPool.java:181)
	at com.example.farmer.FarmerSyncService.pushPending(FarmerSyncService.java:36)
	at com.example.farmer.FarmerSyncScheduler.run(FarmerSyncScheduler.java:58)
2026-09-23 01:23:03.238 INFO  [farmer-service,aa1fc96a876e277a,32e6c3c9] [http-nio-8080-exec-9] com.example.farmer.FarmerController - GET /api/v1/farmers?page=32 200 in 93ms
2026-09-23 01:28:05.783 ERROR [farmer-service,683b5103cab7223d,61141bac] [http-nio-8080-exec-3] com.example.farmer.FarmerSyncService - Sync failed for batch 8425: could not acquire a database connection
java.sql.SQLTransientConnectionException: HikariPool-1 - Connection is not available, request timed out after 30001ms (total=10, active=10, idle=0, waiting=7)
	at com.zaxxer.hikari.pool.HikariPool.createTimeoutException(HikariPool.java:696)
	at com.zaxxer.hikari.pool.HikariPool.getConnection(HikariPool.java:181)
	at com.example.farmer.FarmerSyncService.pushPending(FarmerSyncService.java:36)
	at com.example.farmer.FarmerSyncScheduler.run(FarmerSyncScheduler.java:58)
2026-09-23 01:33:54.603 INFO  [farmer-service,a8f2dd638c473707,c416bdd6] [farmer-sync-7] com.example.farmer.FarmerSyncScheduler - Sync batch 8068 queued, 195 pending records
2026-09-23 01:33:54.994 INFO  [farmer-service,6d196d09aa997e59,b1766622] [farmer-sync-9] com.example.common.AuditPublisher - Published 14 audit events to nightshift.audit
2026-09-23 01:36:07.407 WARN  [farmer-service,99109628d23ab6af,921a26ea] [http-nio-8080-exec-2] com.example.farmer.FarmerController - Request from 192.0.2.118 missing X-Request-Id header, generated one
2026-09-23 01:47:30.809 INFO  [farmer-service,9fbe567140520a8a,d876d384] [farmer-sync-3] com.example.farmer.CardRenderJob - Rendered 83 cards in 1135ms
2026-09-23 01:51:15.433 ERROR [farmer-service,35c809d08004d987,a970bd7e] [farmer-sync-4] com.example.farmer.FarmerSyncService - Sync failed for batch 8811: could not acquire a database connection
java.sql.SQLTransientConnectionException: HikariPool-1 - Connection is not available, request timed out after 30001ms (total=10, active=10, idle=0, waiting=7)
	at com.zaxxer.hikari.pool.HikariPool.createTimeoutException(HikariPool.java:696)
	at com.zaxxer.hikari.pool.HikariPool.getConnection(HikariPool.java:181)
	at com.example.farmer.FarmerSyncService.pushPending(FarmerSyncService.java:36)
	at com.example.farmer.FarmerSyncScheduler.run(FarmerSyncScheduler.java:58)
2026-09-23 01:55:50.010 ERROR [farmer-service,665854ad5b11e751,36d0614f] [http-nio-8080-exec-4] com.example.farmer.FarmerSyncService - Sync failed for batch 8290: could not acquire a database connection
java.sql.SQLTransientConnectionException: HikariPool-1 - Connection is not available, request timed out after 30001ms (total=10, active=10, idle=0, waiting=7)
	at com.zaxxer.hikari.pool.HikariPool.createTimeoutException(HikariPool.java:696)
	at com.zaxxer.hikari.pool.HikariPool.getConnection(HikariPool.java:181)
	at com.example.farmer.FarmerSyncService.pushPending(FarmerSyncService.java:36)
	at com.example.farmer.FarmerSyncScheduler.run(FarmerSyncScheduler.java:58)
2026-09-23 01:56:53.155 INFO  [farmer-service,abdc8e737831227d,2698d549] [http-nio-8080-exec-7] com.example.farmer.CardRenderJob - Rendered 21 cards in 1300ms
2026-09-23 01:57:28.346 INFO  [farmer-service,0487440ed9c69731,4f031281] [farmer-sync-7] com.example.farmer.FarmerSyncScheduler - Sync batch 8103 queued, 40 pending records
2026-09-23 02:02:39.422 ERROR [farmer-service,96586dd8ca3a5f63,ed33577f] [http-nio-8080-exec-9] com.example.farmer.FarmerSyncService - Sync failed for batch 8843: could not acquire a database connection
java.sql.SQLTransientConnectionException: HikariPool-1 - Connection is not available, request timed out after 30001ms (total=10, active=10, idle=0, waiting=7)
	at com.zaxxer.hikari.pool.HikariPool.createTimeoutException(HikariPool.java:696)
	at com.zaxxer.hikari.pool.HikariPool.getConnection(HikariPool.java:181)
	at com.example.farmer.FarmerSyncService.pushPending(FarmerSyncService.java:36)
	at com.example.farmer.FarmerSyncScheduler.run(FarmerSyncScheduler.java:58)
2026-09-23 02:06:18.747 INFO  [farmer-service,3956497776204fe6,ea9ecf1d] [farmer-sync-1] com.example.farmer.CardRenderJob - Rendered 30 cards in 1015ms
2026-09-23 02:08:48.117 INFO  [farmer-service,56f0984d06c6e94c,0bdaef75] [http-nio-8080-exec-4] com.example.farmer.FarmerController - GET /api/v1/farmers?page=27 200 in 22ms
2026-09-23 02:10:16.493 ERROR [farmer-service,0a849c22e377b39e,b3403a5e] [http-nio-8080-exec-6] com.example.farmer.FarmerSyncService - Sync failed for batch 8235: could not acquire a database connection
java.sql.SQLTransientConnectionException: HikariPool-1 - Connection is not available, request timed out after 30001ms (total=10, active=10, idle=0, waiting=7)
	at com.zaxxer.hikari.pool.HikariPool.createTimeoutException(HikariPool.java:696)
	at com.zaxxer.hikari.pool.HikariPool.getConnection(HikariPool.java:181)
	at com.example.farmer.FarmerSyncService.pushPending(FarmerSyncService.java:36)
	at com.example.farmer.FarmerSyncScheduler.run(FarmerSyncScheduler.java:58)
2026-09-23 02:14:32.147 ERROR [farmer-service,76e12c9c5eb02401,fcc20834] [farmer-sync-9] com.example.farmer.FarmerSyncService - Sync failed for batch 8233: could not acquire a database connection
java.sql.SQLTransientConnectionException: HikariPool-1 - Connection is not available, request timed out after 30001ms (total=10, active=10, idle=0, waiting=7)
	at com.zaxxer.hikari.pool.HikariPool.createTimeoutException(HikariPool.java:696)
	at com.zaxxer.hikari.pool.HikariPool.getConnection(HikariPool.java:181)
	at com.example.farmer.FarmerSyncService.pushPending(FarmerSyncService.java:36)
	at com.example.farmer.FarmerSyncScheduler.run(FarmerSyncScheduler.java:58)
2026-09-23 02:15:17.440 INFO  [farmer-service,87d0f3a9dc4606cd,e67b8258] [farmer-sync-9] com.example.farmer.FarmerSyncScheduler - Sync batch 8257 queued, 195 pending records
2026-09-23 02:22:13.991 INFO  [farmer-service,482443a729effae9,832711de] [http-nio-8080-exec-7] com.example.farmer.FarmerController - GET /api/v1/farmers?page=2 200 in 121ms
2026-09-23 02:26:09.753 INFO  [farmer-service,0292a3a3a7890b58,c9b97985] [http-nio-8080-exec-6] com.example.common.AuditPublisher - Published 18 audit events to nightshift.audit
2026-09-23 02:27:56.282 INFO  [farmer-service,88ce570d5c6858d9,6c58a4f2] [farmer-sync-6] com.example.farmer.FarmerController - GET /api/v1/farmers?page=29 200 in 70ms
2026-09-23 02:29:41.218 ERROR [farmer-service,ecaac049f4b19b1c,1b365d2c] [farmer-sync-6] com.example.farmer.CardRenderJob - Failed to render card label for farmer 58662
java.lang.NullPointerException: Cannot invoke "String.charAt(int)" because "middleName" is null
	at com.example.common.NameFormatter.initials(NameFormatter.java:22)
	at com.example.farmer.FarmerSyncService.cardLabel(FarmerSyncService.java:53)
	at com.example.farmer.CardRenderJob.render(CardRenderJob.java:74)
	at java.base/java.util.concurrent.ThreadPoolExecutor.runWorker(ThreadPoolExecutor.java:1144)
	at java.base/java.lang.Thread.run(Thread.java:1583)
2026-09-23 02:31:18.937 ERROR [farmer-service,7af52bb99cbd3559,3ce08a09] [farmer-sync-3] com.example.farmer.CardRenderJob - Failed to render card label for farmer 3514
java.lang.NullPointerException: Cannot invoke "String.charAt(int)" because "middleName" is null
	at com.example.common.NameFormatter.initials(NameFormatter.java:22)
	at com.example.farmer.FarmerSyncService.cardLabel(FarmerSyncService.java:53)
	at com.example.farmer.CardRenderJob.render(CardRenderJob.java:74)
	at java.base/java.util.concurrent.ThreadPoolExecutor.runWorker(ThreadPoolExecutor.java:1144)
	at java.base/java.lang.Thread.run(Thread.java:1583)
2026-09-23 02:33:56.426 ERROR [farmer-service,732ec1af546f59ef,47cde27f] [http-nio-8080-exec-1] com.example.farmer.FarmerSyncService - Sync failed for batch 8649: could not acquire a database connection
java.sql.SQLTransientConnectionException: HikariPool-1 - Connection is not available, request timed out after 30001ms (total=10, active=10, idle=0, waiting=7)
	at com.zaxxer.hikari.pool.HikariPool.createTimeoutException(HikariPool.java:696)
	at com.zaxxer.hikari.pool.HikariPool.getConnection(HikariPool.java:181)
	at com.example.farmer.FarmerSyncService.pushPending(FarmerSyncService.java:36)
	at com.example.farmer.FarmerSyncScheduler.run(FarmerSyncScheduler.java:58)
2026-09-23 02:34:57.613 INFO  [farmer-service,66b350f214f177f6,3a4d552c] [farmer-sync-4] com.example.common.AuditPublisher - Published 3 audit events to nightshift.audit
2026-09-23 02:41:43.267 WARN  [farmer-service,cd0d9cf1cd277326,1b22c1b8] [farmer-sync-5] com.example.farmer.FarmerController - Request from 192.0.2.81 missing X-Request-Id header, generated one
2026-09-23 02:48:46.646 INFO  [farmer-service,16f3d65d3a74d4b6,4292ffee] [farmer-sync-1] com.example.farmer.FarmerSyncScheduler - Sync batch 8245 queued, 148 pending records
2026-09-23 02:51:08.789 INFO  [farmer-service,2474b82e29756cc6,1360aad1] [farmer-sync-3] com.example.farmer.FarmerSyncScheduler - Sync batch 8957 queued, 293 pending records
2026-09-23 02:59:09.481 ERROR [farmer-service,5cc93ee3da2a57cb,63e60769] [http-nio-8080-exec-4] com.example.farmer.FarmerSyncService - Sync failed for batch 8135: could not acquire a database connection
java.sql.SQLTransientConnectionException: HikariPool-1 - Connection is not available, request timed out after 30001ms (total=10, active=10, idle=0, waiting=7)
	at com.zaxxer.hikari.pool.HikariPool.createTimeoutException(HikariPool.java:696)
	at com.zaxxer.hikari.pool.HikariPool.getConnection(HikariPool.java:181)
	at com.example.farmer.FarmerSyncService.pushPending(FarmerSyncService.java:36)
	at com.example.farmer.FarmerSyncScheduler.run(FarmerSyncScheduler.java:58)
2026-09-23 03:01:22.975 INFO  [farmer-service,7cb4dbd6251fa65b,782bae8b] [farmer-sync-4] com.example.farmer.FarmerSyncScheduler - Sync batch 8594 queued, 326 pending records
2026-09-23 03:02:17.422 WARN  [farmer-service,74434301364ea000,2f7fa1a7] [farmer-sync-9] com.example.farmer.FarmerController - Request from 192.0.2.76 missing X-Request-Id header, generated one
2026-09-23 03:11:24.254 WARN  [farmer-service,433800a600f590f5,22a143e7] [farmer-sync-6] com.example.farmer.FarmerProfileService - Concurrent update on farmer 7297, retry 1 of 3
com.example.farmer.FarmerProfileService$OptimisticLockException: Row was updated by another transaction (farmer id=6170)
	at com.example.farmer.FarmerProfileService.rename(FarmerProfileService.java:27)
	at com.example.farmer.FarmerController.rename(FarmerController.java:96)
2026-09-23 03:12:00.821 WARN  [farmer-service,fb36e64514d61988,92f74e82] [http-nio-8080-exec-2] com.example.farmer.FarmerProfileService - Concurrent update on farmer 8323, retry 2 of 3
com.example.farmer.FarmerProfileService$OptimisticLockException: Row was updated by another transaction (farmer id=2643)
	at com.example.farmer.FarmerProfileService.rename(FarmerProfileService.java:27)
	at com.example.farmer.FarmerController.rename(FarmerController.java:96)
2026-09-23 03:14:37.747 ERROR [farmer-service,11d3a7c02f0bb6a2,27ab370e] [http-nio-8080-exec-6] com.example.farmer.FarmerSyncService - Sync failed for batch 8786: could not acquire a database connection
java.sql.SQLTransientConnectionException: HikariPool-1 - Connection is not available, request timed out after 30001ms (total=10, active=10, idle=0, waiting=7)
	at com.zaxxer.hikari.pool.HikariPool.createTimeoutException(HikariPool.java:696)
	at com.zaxxer.hikari.pool.HikariPool.getConnection(HikariPool.java:181)
	at com.example.farmer.FarmerSyncService.pushPending(FarmerSyncService.java:36)
	at com.example.farmer.FarmerSyncScheduler.run(FarmerSyncScheduler.java:58)
2026-09-23 03:19:30.594 INFO  [farmer-service,841cc52e8759cc8c,474385f9] [http-nio-8080-exec-9] com.example.common.AuditPublisher - Published 26 audit events to nightshift.audit
2026-09-23 03:29:12.687 ERROR [farmer-service,e0aa669e21622477,d4806b81] [farmer-sync-2] com.example.farmer.CardRenderJob - Failed to render card label for farmer 88542
java.lang.NullPointerException: Cannot invoke "String.charAt(int)" because "middleName" is null
	at com.example.common.NameFormatter.initials(NameFormatter.java:22)
	at com.example.farmer.FarmerSyncService.cardLabel(FarmerSyncService.java:53)
	at com.example.farmer.CardRenderJob.render(CardRenderJob.java:74)
	at java.base/java.util.concurrent.ThreadPoolExecutor.runWorker(ThreadPoolExecutor.java:1144)
	at java.base/java.lang.Thread.run(Thread.java:1583)
2026-09-23 03:31:15.087 DEBUG [farmer-service,3f4112275450c9c8,6353c243] [http-nio-8080-exec-5] com.example.farmer.FarmerRepository - select f.* from farmer f where f.region_id = 17
2026-09-23 03:35:02.832 INFO  [farmer-service,643fb82f1da8fa4c,5d5db581] [farmer-sync-8] com.example.farmer.FarmerController - GET /api/v1/farmers?page=6 200 in 64ms
2026-09-23 03:35:54.532 ERROR [farmer-service,d98fd9edd2e0387f,0c0b69a5] [farmer-sync-7] com.example.farmer.FarmerSyncService - Sync failed for batch 8363: could not acquire a database connection
java.sql.SQLTransientConnectionException: HikariPool-1 - Connection is not available, request timed out after 30001ms (total=10, active=10, idle=0, waiting=7)
	at com.zaxxer.hikari.pool.HikariPool.createTimeoutException(HikariPool.java:696)
	at com.zaxxer.hikari.pool.HikariPool.getConnection(HikariPool.java:181)
	at com.example.farmer.FarmerSyncService.pushPending(FarmerSyncService.java:36)
	at com.example.farmer.FarmerSyncScheduler.run(FarmerSyncScheduler.java:58)
2026-09-23 03:36:50.759 INFO  [farmer-service,cbc4ffc3e7276613,2d15e7f5] [http-nio-8080-exec-9] com.example.farmer.FarmerController - GET /api/v1/farmers?page=21 200 in 82ms
2026-09-23 03:45:25.579 ERROR [farmer-service,407e14602c0bac48,9224374a] [farmer-sync-1] com.example.farmer.FarmerSyncService - Sync failed for batch 8259: could not acquire a database connection
java.sql.SQLTransientConnectionException: HikariPool-1 - Connection is not available, request timed out after 30001ms (total=10, active=10, idle=0, waiting=7)
	at com.zaxxer.hikari.pool.HikariPool.createTimeoutException(HikariPool.java:696)
	at com.zaxxer.hikari.pool.HikariPool.getConnection(HikariPool.java:181)
	at com.example.farmer.FarmerSyncService.pushPending(FarmerSyncService.java:36)
	at com.example.farmer.FarmerSyncScheduler.run(FarmerSyncScheduler.java:58)
2026-09-23 03:45:25.931 INFO  [farmer-service,d73cc37f6678c3ce,3ea2aac9] [http-nio-8080-exec-1] com.example.farmer.FarmerController - GET /api/v1/farmers?page=16 200 in 123ms
2026-09-23 03:45:45.113 INFO  [farmer-service,3ee34b2e8febcf05,00e397fd] [farmer-sync-2] com.example.farmer.FarmerSyncScheduler - Sync batch 8179 queued, 389 pending records
2026-09-23 03:45:48.634 INFO  [farmer-service,c7b967f35906e36f,385f46ea] [farmer-sync-1] com.example.common.AuditPublisher - Published 6 audit events to nightshift.audit
2026-09-23 04:00:44.513 ERROR [farmer-service,604061817e6c7259,b526bd78] [http-nio-8080-exec-3] com.example.farmer.FarmerSyncService - Sync failed for batch 8069: could not acquire a database connection
java.sql.SQLTransientConnectionException: HikariPool-1 - Connection is not available, request timed out after 30001ms (total=10, active=10, idle=0, waiting=7)
	at com.zaxxer.hikari.pool.HikariPool.createTimeoutException(HikariPool.java:696)
	at com.zaxxer.hikari.pool.HikariPool.getConnection(HikariPool.java:181)
	at com.example.farmer.FarmerSyncService.pushPending(FarmerSyncService.java:36)
	at com.example.farmer.FarmerSyncScheduler.run(FarmerSyncScheduler.java:58)
2026-09-23 04:03:39.679 DEBUG [farmer-service,61f3449edbc14c48,dccc04fc] [http-nio-8080-exec-6] com.example.farmer.FarmerRepository - select f.* from farmer f where f.region_id = 61
2026-09-23 04:07:21.181 INFO  [farmer-service,817d66b80a1fddb5,60b98f9d] [http-nio-8080-exec-3] com.example.farmer.FarmerController - GET /api/v1/farmers?page=32 200 in 15ms
2026-09-23 04:16:40.715 ERROR [farmer-service,f804352deb04e9cd,4c49e49e] [http-nio-8080-exec-9] com.example.farmer.FarmerSyncService - Sync failed for batch 8772: could not acquire a database connection
java.sql.SQLTransientConnectionException: HikariPool-1 - Connection is not available, request timed out after 30001ms (total=10, active=10, idle=0, waiting=7)
	at com.zaxxer.hikari.pool.HikariPool.createTimeoutException(HikariPool.java:696)
	at com.zaxxer.hikari.pool.HikariPool.getConnection(HikariPool.java:181)
	at com.example.farmer.FarmerSyncService.pushPending(FarmerSyncService.java:36)
	at com.example.farmer.FarmerSyncScheduler.run(FarmerSyncScheduler.java:58)
2026-09-23 04:24:46.554 INFO  [farmer-service,e10019d73ce93c75,e8c9ef16] [farmer-sync-4] com.example.farmer.FarmerSyncScheduler - Sync batch 8729 queued, 173 pending records
2026-09-23 04:30:21.024 DEBUG [farmer-service,bb50eae0a7ddbffa,cb27cd6e] [farmer-sync-6] com.example.farmer.FarmerRepository - select f.* from farmer f where f.region_id = 64
2026-09-23 04:33:50.793 INFO  [farmer-service,99d99521509fb2fb,c6820592] [farmer-sync-4] com.example.farmer.CardRenderJob - Rendered 76 cards in 789ms
2026-09-23 04:35:22.029 ERROR [farmer-service,f6405f842e078b03,53b92e4b] [http-nio-8080-exec-4] com.example.farmer.FarmerSyncService - Sync failed for batch 8536: could not acquire a database connection
java.sql.SQLTransientConnectionException: HikariPool-1 - Connection is not available, request timed out after 30001ms (total=10, active=10, idle=0, waiting=7)
	at com.zaxxer.hikari.pool.HikariPool.createTimeoutException(HikariPool.java:696)
	at com.zaxxer.hikari.pool.HikariPool.getConnection(HikariPool.java:181)
	at com.example.farmer.FarmerSyncService.pushPending(FarmerSyncService.java:36)
	at com.example.farmer.FarmerSyncScheduler.run(FarmerSyncScheduler.java:58)
2026-09-23 04:37:44.348 INFO  [farmer-service,db434535a68835b3,081cf69c] [http-nio-8080-exec-5] com.example.farmer.FarmerController - GET /api/v1/farmers?page=4 200 in 35ms
2026-09-23 04:39:57.598 ERROR [farmer-service,cfcfb8b83429a2b8,443ada46] [farmer-sync-3] com.example.farmer.FarmerSyncService - Sync failed for batch 8688: could not acquire a database connection
java.sql.SQLTransientConnectionException: HikariPool-1 - Connection is not available, request timed out after 30001ms (total=10, active=10, idle=0, waiting=7)
	at com.zaxxer.hikari.pool.HikariPool.createTimeoutException(HikariPool.java:696)
	at com.zaxxer.hikari.pool.HikariPool.getConnection(HikariPool.java:181)
	at com.example.farmer.FarmerSyncService.pushPending(FarmerSyncService.java:36)
	at com.example.farmer.FarmerSyncScheduler.run(FarmerSyncScheduler.java:58)
2026-09-23 04:45:07.670 ERROR [farmer-service,c88ae1452fd13f96,85fd1348] [http-nio-8080-exec-4] com.example.farmer.FarmerSyncService - Sync failed for batch 8791: could not acquire a database connection
java.sql.SQLTransientConnectionException: HikariPool-1 - Connection is not available, request timed out after 30001ms (total=10, active=10, idle=0, waiting=7)
	at com.zaxxer.hikari.pool.HikariPool.createTimeoutException(HikariPool.java:696)
	at com.zaxxer.hikari.pool.HikariPool.getConnection(HikariPool.java:181)
	at com.example.farmer.FarmerSyncService.pushPending(FarmerSyncService.java:36)
	at com.example.farmer.FarmerSyncScheduler.run(FarmerSyncScheduler.java:58)
2026-09-23 04:51:11.066 ERROR [farmer-service,525cbfc23a8ca8d3,16ca7c31] [farmer-sync-2] com.example.farmer.FarmerSyncService - Sync failed for batch 8903: could not acquire a database connection
java.sql.SQLTransientConnectionException: HikariPool-1 - Connection is not available, request timed out after 30001ms (total=10, active=10, idle=0, waiting=7)
	at com.zaxxer.hikari.pool.HikariPool.createTimeoutException(HikariPool.java:696)
	at com.zaxxer.hikari.pool.HikariPool.getConnection(HikariPool.java:181)
	at com.example.farmer.FarmerSyncService.pushPending(FarmerSyncService.java:36)
	at com.example.farmer.FarmerSyncScheduler.run(FarmerSyncScheduler.java:58)
2026-09-23 05:00:39.609 DEBUG [farmer-service,3a807028da1906db,964159a1] [farmer-sync-5] com.example.farmer.FarmerRepository - select f.* from farmer f where f.region_id = 63
2026-09-23 05:03:42.153 WARN  [farmer-service,1d9890e583925613,41f23f30] [farmer-sync-4] com.example.farmer.FarmerController - Request from 192.0.2.2 missing X-Request-Id header, generated one
2026-09-23 05:20:26.047 ERROR [farmer-service,ff70724938fe5ce9,a0bd6ad9] [farmer-sync-1] com.example.farmer.CardRenderJob - Failed to render card label for farmer 10988
java.lang.NullPointerException: Cannot invoke "String.charAt(int)" because "middleName" is null
	at com.example.common.NameFormatter.initials(NameFormatter.java:22)
	at com.example.farmer.FarmerSyncService.cardLabel(FarmerSyncService.java:53)
	at com.example.farmer.CardRenderJob.render(CardRenderJob.java:74)
	at java.base/java.util.concurrent.ThreadPoolExecutor.runWorker(ThreadPoolExecutor.java:1144)
	at java.base/java.lang.Thread.run(Thread.java:1583)
2026-09-23 05:33:04.760 INFO  [farmer-service,365956b7041db451,f7d5c5ee] [http-nio-8080-exec-6] com.example.common.AuditPublisher - Published 21 audit events to nightshift.audit
2026-09-23 05:34:49.904 WARN  [farmer-service,dc057200661c3260,9a0ac16f] [http-nio-8080-exec-8] com.example.farmer.FarmerProfileService - Concurrent update on farmer 7337, retry 2 of 3
com.example.farmer.FarmerProfileService$OptimisticLockException: Row was updated by another transaction (farmer id=1842)
	at com.example.farmer.FarmerProfileService.rename(FarmerProfileService.java:27)
	at com.example.farmer.FarmerController.rename(FarmerController.java:96)
2026-09-23 05:50:26.848 INFO  [farmer-service,9221b27d4a0dd5cc,19e546f1] [farmer-sync-9] com.example.common.AuditPublisher - Published 8 audit events to nightshift.audit
2026-09-23 05:50:33.141 ERROR [farmer-service,92d5df25b09575ea,6f2e457b] [http-nio-8080-exec-7] com.example.farmer.FarmerSyncService - Sync failed for batch 8456: could not acquire a database connection
java.sql.SQLTransientConnectionException: HikariPool-1 - Connection is not available, request timed out after 30001ms (total=10, active=10, idle=0, waiting=7)
	at com.zaxxer.hikari.pool.HikariPool.createTimeoutException(HikariPool.java:696)
	at com.zaxxer.hikari.pool.HikariPool.getConnection(HikariPool.java:181)
	at com.example.farmer.FarmerSyncService.pushPending(FarmerSyncService.java:36)
	at com.example.farmer.FarmerSyncScheduler.run(FarmerSyncScheduler.java:58)
2026-09-23 05:56:06.391 ERROR [farmer-service,98eeba3c0c331ed0,2c7de9c6] [farmer-sync-2] com.example.farmer.FarmerSyncService - Sync failed for batch 8378: could not acquire a database connection
java.sql.SQLTransientConnectionException: HikariPool-1 - Connection is not available, request timed out after 30001ms (total=10, active=10, idle=0, waiting=7)
	at com.zaxxer.hikari.pool.HikariPool.createTimeoutException(HikariPool.java:696)
	at com.zaxxer.hikari.pool.HikariPool.getConnection(HikariPool.java:181)
	at com.example.farmer.FarmerSyncService.pushPending(FarmerSyncService.java:36)
	at com.example.farmer.FarmerSyncScheduler.run(FarmerSyncScheduler.java:58)
2026-09-23 06:01:14.567 ERROR [farmer-service,c696b2ed4d03bcbe,2e8b74e8] [farmer-sync-2] com.example.farmer.FarmerSyncService - Sync failed for batch 8271: could not acquire a database connection
java.sql.SQLTransientConnectionException: HikariPool-1 - Connection is not available, request timed out after 30001ms (total=10, active=10, idle=0, waiting=7)
	at com.zaxxer.hikari.pool.HikariPool.createTimeoutException(HikariPool.java:696)
	at com.zaxxer.hikari.pool.HikariPool.getConnection(HikariPool.java:181)
	at com.example.farmer.FarmerSyncService.pushPending(FarmerSyncService.java:36)
	at com.example.farmer.FarmerSyncScheduler.run(FarmerSyncScheduler.java:58)
2026-09-23 06:07:33.503 ERROR [farmer-service,124c88c8a8d930f1,ce8de111] [http-nio-8080-exec-5] com.example.farmer.FarmerSyncService - Sync failed for batch 8156: could not acquire a database connection
java.sql.SQLTransientConnectionException: HikariPool-1 - Connection is not available, request timed out after 30001ms (total=10, active=10, idle=0, waiting=7)
	at com.zaxxer.hikari.pool.HikariPool.createTimeoutException(HikariPool.java:696)
	at com.zaxxer.hikari.pool.HikariPool.getConnection(HikariPool.java:181)
	at com.example.farmer.FarmerSyncService.pushPending(FarmerSyncService.java:36)
	at com.example.farmer.FarmerSyncScheduler.run(FarmerSyncScheduler.java:58)
2026-09-23 06:12:45.519 INFO  [farmer-service,b842826b69d68bdb,0d270064] [farmer-sync-6] com.example.farmer.FarmerController - GET /api/v1/farmers?page=24 200 in 81ms
2026-09-23 06:18:41.950 ERROR [farmer-service,af507f03a4167867,f963e4ca] [http-nio-8080-exec-5] com.example.farmer.FarmerSyncService - Sync failed for batch 8618: could not acquire a database connection
java.sql.SQLTransientConnectionException: HikariPool-1 - Connection is not available, request timed out after 30001ms (total=10, active=10, idle=0, waiting=7)
	at com.zaxxer.hikari.pool.HikariPool.createTimeoutException(HikariPool.java:696)
	at com.zaxxer.hikari.pool.HikariPool.getConnection(HikariPool.java:181)
	at com.example.farmer.FarmerSyncService.pushPending(FarmerSyncService.java:36)
	at com.example.farmer.FarmerSyncScheduler.run(FarmerSyncScheduler.java:58)
2026-09-23 06:24:22.441 INFO  [farmer-service,2e91827369f55d7b,c6682836] [http-nio-8080-exec-4] com.example.farmer.FarmerSyncScheduler - Sync batch 8624 queued, 398 pending records
2026-09-23 06:25:10.798 DEBUG [farmer-service,b40fb7d1c6e14948,75693bdd] [http-nio-8080-exec-8] com.example.farmer.FarmerRepository - select f.* from farmer f where f.region_id = 55
2026-09-23 06:29:07.335 INFO  [farmer-service,8d2de65f2d0b9f3a,0bace170] [farmer-sync-9] com.example.farmer.CardRenderJob - Rendered 77 cards in 847ms
2026-09-23 06:31:28.820 WARN  [farmer-service,928c9d03e502521f,e4af2f62] [farmer-sync-2] com.example.farmer.FarmerController - Request from 192.0.2.27 missing X-Request-Id header, generated one
2026-09-23 06:32:16.994 INFO  [farmer-service,19cb0df1c189085f,31541097] [http-nio-8080-exec-1] com.example.common.AuditPublisher - Published 28 audit events to nightshift.audit
2026-09-23 06:41:39.860 WARN  [farmer-service,f197f27f105c6ca5,4cf0c028] [http-nio-8080-exec-1] com.example.farmer.FarmerController - Request from 192.0.2.215 missing X-Request-Id header, generated one
2026-09-23 06:59:40.010 INFO  [farmer-service,edb221fa5f758ff2,2b2ca40b] [http-nio-8080-exec-1] com.example.farmer.FarmerSyncScheduler - Sync batch 8217 queued, 212 pending records
2026-09-23 07:01:29.334 ERROR [farmer-service,a115f49a3a1cdffd,7d6dfeec] [http-nio-8080-exec-3] com.example.farmer.FarmerSyncService - Sync failed for batch 8720: could not acquire a database connection
java.sql.SQLTransientConnectionException: HikariPool-1 - Connection is not available, request timed out after 30001ms (total=10, active=10, idle=0, waiting=7)
	at com.zaxxer.hikari.pool.HikariPool.createTimeoutException(HikariPool.java:696)
	at com.zaxxer.hikari.pool.HikariPool.getConnection(HikariPool.java:181)
	at com.example.farmer.FarmerSyncService.pushPending(FarmerSyncService.java:36)
	at com.example.farmer.FarmerSyncScheduler.run(FarmerSyncScheduler.java:58)
2026-09-23 07:14:07.756 DEBUG [farmer-service,b6bf8683ae5f10e4,dd71571c] [http-nio-8080-exec-5] com.example.farmer.FarmerRepository - select f.* from farmer f where f.region_id = 19
2026-09-23 07:14:24.455 ERROR [farmer-service,ff9e30c1a52ae90b,c8499618] [http-nio-8080-exec-9] com.example.farmer.FarmerSyncService - Sync failed for batch 8481: could not acquire a database connection
java.sql.SQLTransientConnectionException: HikariPool-1 - Connection is not available, request timed out after 30001ms (total=10, active=10, idle=0, waiting=7)
	at com.zaxxer.hikari.pool.HikariPool.createTimeoutException(HikariPool.java:696)
	at com.zaxxer.hikari.pool.HikariPool.getConnection(HikariPool.java:181)
	at com.example.farmer.FarmerSyncService.pushPending(FarmerSyncService.java:36)
	at com.example.farmer.FarmerSyncScheduler.run(FarmerSyncScheduler.java:58)
2026-09-23 07:34:24.151 INFO  [farmer-service,d082c51f643a7060,7df9b7e9] [http-nio-8080-exec-1] com.example.farmer.FarmerSyncScheduler - Sync batch 8208 queued, 228 pending records
2026-09-23 07:36:04.463 INFO  [farmer-service,03cd111dbad17d69,7c860e62] [farmer-sync-8] com.example.farmer.CardRenderJob - Rendered 35 cards in 2207ms
2026-09-23 07:42:58.140 INFO  [farmer-service,a0e4eb0c76a4cd50,50fd02b8] [http-nio-8080-exec-9] com.example.farmer.CardRenderJob - Rendered 50 cards in 1699ms
2026-09-23 07:46:04.887 INFO  [farmer-service,0d116b7e95c2d154,91fff742] [farmer-sync-3] com.example.common.AuditPublisher - Published 2 audit events to nightshift.audit
2026-09-23 07:49:21.937 INFO  [farmer-service,88473dc7e341dfba,174c990e] [farmer-sync-1] com.example.farmer.CardRenderJob - Rendered 27 cards in 1795ms
2026-09-23 07:51:03.903 INFO  [farmer-service,6158669e2df7395c,14e188e6] [http-nio-8080-exec-4] com.example.common.AuditPublisher - Published 19 audit events to nightshift.audit
2026-09-23 07:56:06.994 INFO  [farmer-service,c12bf2e4e15e0870,3e7ed31e] [http-nio-8080-exec-8] com.example.farmer.CardRenderJob - Rendered 39 cards in 2360ms
2026-09-23 08:01:37.847 WARN  [farmer-service,c32d26e4b46664f2,3edc09c9] [http-nio-8080-exec-6] com.example.farmer.FarmerController - Request from 192.0.2.19 missing X-Request-Id header, generated one
2026-09-23 08:02:53.686 INFO  [farmer-service,529703f596189a72,d41eb6a4] [farmer-sync-7] com.example.farmer.FarmerController - GET /api/v1/farmers?page=23 200 in 73ms
2026-09-23 08:04:26.500 WARN  [farmer-service,7e5a9ba0d753b21f,1f327d1a] [farmer-sync-5] com.example.farmer.FarmerController - Request from 192.0.2.253 missing X-Request-Id header, generated one
2026-09-23 08:05:38.311 DEBUG [farmer-service,c177a3cfd94dbdb6,990d6801] [http-nio-8080-exec-3] com.example.farmer.FarmerRepository - select f.* from farmer f where f.region_id = 62
2026-09-23 08:06:58.049 DEBUG [farmer-service,be960b46e1b23784,13666ed0] [http-nio-8080-exec-7] com.example.farmer.FarmerRepository - select f.* from farmer f where f.region_id = 59
2026-09-23 08:07:26.007 WARN  [farmer-service,d7c82dfdcecef5c0,4179dc54] [farmer-sync-4] com.example.farmer.FarmerController - Request from 192.0.2.13 missing X-Request-Id header, generated one
2026-09-23 08:07:54.991 INFO  [farmer-service,042c36f9db1d4c46,10aa3ded] [http-nio-8080-exec-9] com.example.common.AuditPublisher - Published 24 audit events to nightshift.audit
2026-09-23 08:07:55.959 WARN  [farmer-service,f2e599befdbc4117,b5d7f6ed] [farmer-sync-1] com.example.farmer.FarmerController - Request from 192.0.2.48 missing X-Request-Id header, generated one
2026-09-23 08:08:50.383 INFO  [farmer-service,348173a5deae52e2,b584de51] [http-nio-8080-exec-2] com.example.farmer.CardRenderJob - Rendered 5 cards in 1818ms
2026-09-23 08:09:57.113 DEBUG [farmer-service,bb8a4af9aeb8ddc2,c31bd4c5] [farmer-sync-5] com.example.farmer.FarmerRepository - select f.* from farmer f where f.region_id = 2
2026-09-23 08:11:12.116 INFO  [farmer-service,21f4784345e42eb1,6b84b02c] [http-nio-8080-exec-7] com.example.common.AuditPublisher - Published 11 audit events to nightshift.audit
2026-09-23 08:11:52.466 INFO  [farmer-service,96604d6a78310bd3,f8bbf185] [http-nio-8080-exec-7] com.example.common.AuditPublisher - Published 19 audit events to nightshift.audit
2026-09-23 08:14:25.115 INFO  [farmer-service,79eaba96fa36849e,9881e7d5] [farmer-sync-5] com.example.common.AuditPublisher - Published 9 audit events to nightshift.audit
2026-09-23 08:16:10.506 DEBUG [farmer-service,f7df27a40279e973,b12ff24a] [farmer-sync-1] com.example.farmer.FarmerRepository - select f.* from farmer f where f.region_id = 62
2026-09-23 08:16:36.430 DEBUG [farmer-service,0ab0201236dd41b1,136ec261] [farmer-sync-2] com.example.farmer.FarmerRepository - select f.* from farmer f where f.region_id = 34
2026-09-23 08:16:38.981 INFO  [farmer-service,e3159fd41a949acf,f424c182] [farmer-sync-8] com.example.farmer.CardRenderJob - Rendered 81 cards in 728ms
2026-09-23 08:17:53.046 DEBUG [farmer-service,cf565090b6159a98,21415f95] [farmer-sync-3] com.example.farmer.FarmerRepository - select f.* from farmer f where f.region_id = 49
2026-09-23 08:18:55.835 INFO  [farmer-service,63251c281830beb0,75c6a4fa] [farmer-sync-2] com.example.farmer.FarmerSyncScheduler - Sync batch 8302 queued, 36 pending records
2026-09-23 08:19:04.161 WARN  [farmer-service,13f4f8369689022f,7e370cb0] [farmer-sync-1] com.example.farmer.FarmerController - Request from 192.0.2.103 missing X-Request-Id header, generated one
2026-09-23 08:19:55.405 INFO  [farmer-service,3eefc59e03584b61,f25d5e5d] [http-nio-8080-exec-5] com.example.farmer.FarmerController - GET /api/v1/farmers?page=6 200 in 53ms
2026-09-23 08:21:26.799 INFO  [farmer-service,d04c47fd313f00d1,322c64f3] [http-nio-8080-exec-9] com.example.common.AuditPublisher - Published 9 audit events to nightshift.audit
2026-09-23 08:21:40.573 WARN  [farmer-service,475907abf5608b17,5284debb] [http-nio-8080-exec-6] com.example.farmer.FarmerController - Request from 192.0.2.74 missing X-Request-Id header, generated one
2026-09-23 08:22:05.337 INFO  [farmer-service,b07a0d9c91b4ba14,d3b81cbf] [http-nio-8080-exec-4] com.example.farmer.FarmerController - GET /api/v1/farmers?page=23 200 in 94ms
2026-09-23 08:22:10.088 WARN  [farmer-service,66b4e6e915bf0cd7,2985145b] [http-nio-8080-exec-1] com.example.farmer.FarmerController - Request from 192.0.2.1 missing X-Request-Id header, generated one
2026-09-23 08:22:37.031 INFO  [farmer-service,da98a6a9a515f7ac,772016b1] [http-nio-8080-exec-3] com.example.farmer.FarmerController - GET /api/v1/farmers?page=25 200 in 100ms
2026-09-23 08:23:16.638 INFO  [farmer-service,de1234be784ecdb1,81dde154] [farmer-sync-5] com.example.farmer.CardRenderJob - Rendered 74 cards in 1488ms
2026-09-23 08:23:30.971 WARN  [farmer-service,ba5c89ecd8e41b02,288abfc6] [http-nio-8080-exec-9] com.example.farmer.FarmerController - Request from 192.0.2.46 missing X-Request-Id header, generated one
2026-09-23 08:23:55.754 INFO  [farmer-service,27246cfa88216511,3c25d7f4] [http-nio-8080-exec-3] com.example.farmer.FarmerSyncScheduler - Sync batch 8040 queued, 279 pending records
2026-09-23 08:25:19.233 DEBUG [farmer-service,077326cf07a8d542,4022e6a5] [farmer-sync-1] com.example.farmer.FarmerRepository - select f.* from farmer f where f.region_id = 52
2026-09-23 08:26:49.520 INFO  [farmer-service,993f05b0ded0d546,d45be60f] [farmer-sync-6] com.example.farmer.FarmerController - GET /api/v1/farmers?page=32 200 in 71ms
2026-09-23 08:27:22.435 WARN  [farmer-service,a6717472e7f292bc,258d87a3] [farmer-sync-6] com.example.farmer.FarmerController - Request from 192.0.2.192 missing X-Request-Id header, generated one
2026-09-23 08:27:35.015 DEBUG [farmer-service,1a536a9ca1fc3834,17a281e0] [farmer-sync-5] com.example.farmer.FarmerRepository - select f.* from farmer f where f.region_id = 56
2026-09-23 08:27:53.506 INFO  [farmer-service,d2411fa80031fcca,c6b00e2d] [farmer-sync-7] com.example.farmer.CardRenderJob - Rendered 11 cards in 466ms
2026-09-23 08:27:57.603 INFO  [farmer-service,f3b78a798717a27d,54859ffd] [http-nio-8080-exec-4] com.example.farmer.FarmerController - GET /api/v1/farmers?page=14 200 in 80ms
2026-09-23 08:28:09.451 INFO  [farmer-service,d7de03ea2fe2684c,e8c15dbf] [http-nio-8080-exec-9] com.example.common.AuditPublisher - Published 26 audit events to nightshift.audit
2026-09-23 08:34:13.570 INFO  [farmer-service,12ef5a82a12d56b5,87309c9c] [farmer-sync-1] com.example.farmer.CardRenderJob - Rendered 64 cards in 897ms
2026-09-23 08:34:33.414 DEBUG [farmer-service,b193ffe446e7a5b7,74580f10] [farmer-sync-5] com.example.farmer.FarmerRepository - select f.* from farmer f where f.region_id = 21
2026-09-23 08:35:35.223 WARN  [farmer-service,67cb5f071977e622,2d466a76] [http-nio-8080-exec-1] com.example.farmer.FarmerController - Request from 192.0.2.33 missing X-Request-Id header, generated one
2026-09-23 08:36:35.511 WARN  [farmer-service,cf54114eba2ce6f9,4daf16e0] [farmer-sync-9] com.example.farmer.FarmerController - Request from 192.0.2.75 missing X-Request-Id header, generated one
2026-09-23 08:39:33.039 INFO  [farmer-service,e25d9a001c00a8e2,1b3d0095] [http-nio-8080-exec-6] com.example.farmer.FarmerController - GET /api/v1/farmers?page=2 200 in 58ms
2026-09-23 08:40:04.138 INFO  [farmer-service,972fa449b99f5b76,f4fb6b93] [farmer-sync-5] com.example.common.AuditPublisher - Published 4 audit events to nightshift.audit
2026-09-23 08:40:20.938 INFO  [farmer-service,a72bc3341c72e02a,07741d48] [farmer-sync-4] com.example.farmer.CardRenderJob - Rendered 30 cards in 2283ms
2026-09-23 08:40:53.514 INFO  [farmer-service,ab3219988fcc599f,30ecfb64] [farmer-sync-8] com.example.farmer.FarmerSyncScheduler - Sync batch 8978 queued, 356 pending records
2026-09-23 08:41:44.475 INFO  [farmer-service,ea836689f0b3a638,8f777d6b] [farmer-sync-9] com.example.farmer.FarmerController - GET /api/v1/farmers?page=14 200 in 40ms
2026-09-23 08:42:24.466 INFO  [farmer-service,3089b5941fe7671d,23c7da40] [http-nio-8080-exec-9] com.example.common.AuditPublisher - Published 22 audit events to nightshift.audit
2026-09-23 08:42:41.204 DEBUG [farmer-service,6c38316d8564dc38,12c4f37d] [farmer-sync-2] com.example.farmer.FarmerRepository - select f.* from farmer f where f.region_id = 64
2026-09-23 08:43:36.326 INFO  [farmer-service,508e1a7bdf259173,ca1d55a8] [http-nio-8080-exec-9] com.example.farmer.FarmerController - GET /api/v1/farmers?page=39 200 in 18ms
2026-09-23 08:43:48.123 INFO  [farmer-service,17afbec4b4061c08,04f42bec] [http-nio-8080-exec-3] com.example.farmer.FarmerSyncScheduler - Sync batch 8796 queued, 397 pending records
2026-09-23 08:44:25.219 WARN  [farmer-service,3a1d6848fba81b40,c666c422] [http-nio-8080-exec-3] com.example.farmer.FarmerController - Request from 192.0.2.113 missing X-Request-Id header, generated one
2026-09-23 08:44:59.332 INFO  [farmer-service,83f5545a5934c168,4a3f9d17] [farmer-sync-1] com.example.farmer.FarmerController - GET /api/v1/farmers?page=19 200 in 51ms
2026-09-23 08:46:51.677 WARN  [farmer-service,a3d8f72e10fab1c0,3927183b] [farmer-sync-1] com.example.farmer.FarmerController - Request from 192.0.2.1 missing X-Request-Id header, generated one
2026-09-23 08:47:08.353 INFO  [farmer-service,4cc6e937a89c833b,c24fd92f] [http-nio-8080-exec-5] com.example.farmer.FarmerSyncScheduler - Sync batch 8053 queued, 197 pending records
2026-09-23 08:47:44.852 INFO  [farmer-service,b39a18499223f957,7aa28214] [farmer-sync-5] com.example.farmer.FarmerController - GET /api/v1/farmers?page=6 200 in 120ms
2026-09-23 08:49:09.182 INFO  [farmer-service,3718e7a2bce413a5,747e7375] [farmer-sync-6] com.example.farmer.FarmerController - GET /api/v1/farmers?page=18 200 in 124ms
2026-09-23 08:49:29.789 INFO  [farmer-service,0024b0144b5ea4a2,dab53d2b] [http-nio-8080-exec-6] com.example.farmer.FarmerController - GET /api/v1/farmers?page=12 200 in 35ms
2026-09-23 08:51:21.967 INFO  [farmer-service,92651e45cebcaf71,4c668ac1] [http-nio-8080-exec-4] com.example.farmer.FarmerSyncScheduler - Sync batch 8575 queued, 355 pending records
2026-09-23 08:51:28.711 INFO  [farmer-service,ec2f5c0fbcde123a,bfeff94c] [farmer-sync-4] com.example.common.AuditPublisher - Published 13 audit events to nightshift.audit
2026-09-23 08:51:36.045 INFO  [farmer-service,062fbf99755b7805,cd0bf024] [http-nio-8080-exec-6] com.example.farmer.FarmerController - GET /api/v1/farmers?page=0 200 in 78ms
2026-09-23 08:51:46.872 INFO  [farmer-service,49797b4f0fa9fbfa,a0b75151] [farmer-sync-5] com.example.farmer.FarmerSyncScheduler - Sync batch 8032 queued, 289 pending records
2026-09-23 08:51:54.969 INFO  [farmer-service,b91cec082971f64b,a37336d0] [http-nio-8080-exec-5] com.example.farmer.CardRenderJob - Rendered 65 cards in 1250ms
2026-09-23 08:52:01.783 INFO  [farmer-service,d9937f349e6cac62,cb27a2b0] [http-nio-8080-exec-4] com.example.farmer.CardRenderJob - Rendered 15 cards in 1329ms
2026-09-23 08:53:35.099 ERROR [farmer-service,64ffcaf82cab5345,5371be8f] [farmer-sync-3] com.example.farmer.FarmerSyncService - Sync failed for batch 8650: could not acquire a database connection
java.sql.SQLTransientConnectionException: HikariPool-1 - Connection is not available, request timed out after 30001ms (total=10, active=10, idle=0, waiting=7)
	at com.zaxxer.hikari.pool.HikariPool.createTimeoutException(HikariPool.java:696)
	at com.zaxxer.hikari.pool.HikariPool.getConnection(HikariPool.java:181)
	at com.example.farmer.FarmerSyncService.pushPending(FarmerSyncService.java:36)
	at com.example.farmer.FarmerSyncScheduler.run(FarmerSyncScheduler.java:58)
2026-09-23 08:53:59.975 DEBUG [farmer-service,50053b1876ee6725,c4e4dda9] [http-nio-8080-exec-8] com.example.farmer.FarmerRepository - select f.* from farmer f where f.region_id = 32
2026-09-23 08:54:16.398 WARN  [farmer-service,cfdefde21eec3d9b,bd7df240] [farmer-sync-1] com.example.farmer.FarmerController - Request from 192.0.2.56 missing X-Request-Id header, generated one
2026-09-23 08:56:29.920 DEBUG [farmer-service,3a8d1317691cf073,5657a926] [http-nio-8080-exec-1] com.example.farmer.FarmerRepository - select f.* from farmer f where f.region_id = 30
2026-09-23 08:57:01.564 INFO  [farmer-service,3cab38ed18b15d45,740baec7] [http-nio-8080-exec-5] com.example.common.AuditPublisher - Published 10 audit events to nightshift.audit
2026-09-23 08:57:08.365 INFO  [farmer-service,43ca340532801584,a8830b8e] [http-nio-8080-exec-7] com.example.farmer.FarmerSyncScheduler - Sync batch 8925 queued, 389 pending records
2026-09-23 08:59:25.440 INFO  [farmer-service,d1f9cd154120095d,e0df51c0] [farmer-sync-7] com.example.farmer.FarmerSyncScheduler - Sync batch 8766 queued, 233 pending records
2026-09-23 09:02:33.258 INFO  [farmer-service,b65d9d662696fbc2,64468d85] [farmer-sync-4] com.example.common.AuditPublisher - Published 10 audit events to nightshift.audit
2026-09-23 09:06:09.067 INFO  [farmer-service,3ea7682b9f8495e4,768213cf] [http-nio-8080-exec-7] com.example.farmer.FarmerSyncScheduler - Sync batch 8327 queued, 302 pending records
2026-09-23 09:06:16.549 INFO  [farmer-service,ea4330332c845c0c,b3833d3b] [farmer-sync-4] com.example.farmer.FarmerSyncScheduler - Sync batch 8727 queued, 102 pending records
2026-09-23 09:06:22.349 ERROR [farmer-service,4d7ceec3f5f715b8,e6827295] [http-nio-8080-exec-9] com.example.farmer.FarmerSyncService - Sync failed for batch 8340: could not acquire a database connection
java.sql.SQLTransientConnectionException: HikariPool-1 - Connection is not available, request timed out after 30001ms (total=10, active=10, idle=0, waiting=7)
	at com.zaxxer.hikari.pool.HikariPool.createTimeoutException(HikariPool.java:696)
	at com.zaxxer.hikari.pool.HikariPool.getConnection(HikariPool.java:181)
	at com.example.farmer.FarmerSyncService.pushPending(FarmerSyncService.java:36)
	at com.example.farmer.FarmerSyncScheduler.run(FarmerSyncScheduler.java:58)
2026-09-23 09:06:34.606 INFO  [farmer-service,24d674fc5427d92d,28dc58bb] [http-nio-8080-exec-8] com.example.farmer.FarmerSyncScheduler - Sync batch 8565 queued, 200 pending records
2026-09-23 09:06:41.775 INFO  [farmer-service,a6ab8e1c78e647bf,fee2e762] [http-nio-8080-exec-2] com.example.farmer.FarmerController - GET /api/v1/farmers?page=31 200 in 79ms
2026-09-23 09:07:11.488 DEBUG [farmer-service,6fc47fdca03ceec3,e76a9d96] [farmer-sync-3] com.example.farmer.FarmerRepository - select f.* from farmer f where f.region_id = 1
2026-09-23 09:07:43.523 DEBUG [farmer-service,0cc1fe726f5f6228,8aef0c8f] [http-nio-8080-exec-3] com.example.farmer.FarmerRepository - select f.* from farmer f where f.region_id = 4
2026-09-23 09:08:03.036 WARN  [farmer-service,a5dd5044c1ace1ef,395088e9] [farmer-sync-3] com.example.farmer.FarmerController - Request from 192.0.2.19 missing X-Request-Id header, generated one
2026-09-23 09:08:12.212 DEBUG [farmer-service,6fc26ae80757b3e8,74fbce66] [farmer-sync-9] com.example.farmer.FarmerRepository - select f.* from farmer f where f.region_id = 62
2026-09-23 09:08:44.781 INFO  [farmer-service,e3748029aded10fd,dd557501] [farmer-sync-5] com.example.farmer.FarmerController - GET /api/v1/farmers?page=21 200 in 118ms
2026-09-23 09:10:03.011 WARN  [farmer-service,e80b6c7580919d20,739388be] [http-nio-8080-exec-7] com.example.farmer.FarmerController - Request from 192.0.2.157 missing X-Request-Id header, generated one
2026-09-23 09:10:22.252 DEBUG [farmer-service,29f171150bc9ee3b,db55e2a4] [farmer-sync-2] com.example.farmer.FarmerRepository - select f.* from farmer f where f.region_id = 53
2026-09-23 09:10:50.313 INFO  [farmer-service,339737122d23108a,2d3d958b] [http-nio-8080-exec-4] com.example.farmer.FarmerSyncScheduler - Sync batch 8630 queued, 327 pending records
2026-09-23 09:11:27.668 INFO  [farmer-service,6cf46be0c62dd0e2,aa27823b] [farmer-sync-3] com.example.common.AuditPublisher - Published 3 audit events to nightshift.audit
2026-09-23 09:11:33.786 INFO  [farmer-service,cb36c0bbd2e1bd7f,b38e70c6] [http-nio-8080-exec-1] com.example.farmer.FarmerController - GET /api/v1/farmers?page=22 200 in 29ms
2026-09-23 09:11:45.188 INFO  [farmer-service,32db1b2492b8339c,f2f7f710] [http-nio-8080-exec-2] com.example.farmer.CardRenderJob - Rendered 47 cards in 218ms
2026-09-23 09:11:59.891 INFO  [farmer-service,a894990d168c894e,cfdd4b13] [http-nio-8080-exec-9] com.example.common.AuditPublisher - Published 24 audit events to nightshift.audit
2026-09-23 09:12:39.531 WARN  [farmer-service,abfc6788c5ff5936,37358376] [http-nio-8080-exec-2] com.example.farmer.FarmerController - Request from 192.0.2.237 missing X-Request-Id header, generated one
2026-09-23 09:12:41.868 INFO  [farmer-service,562586ff244ba700,f04295f0] [http-nio-8080-exec-4] com.example.farmer.FarmerSyncScheduler - Sync batch 8394 queued, 302 pending records
2026-09-23 09:13:33.792 INFO  [farmer-service,b0deffd9615c4c77,fbb4fd40] [http-nio-8080-exec-2] com.example.farmer.FarmerController - GET /api/v1/farmers?page=0 200 in 132ms
2026-09-23 09:14:57.984 INFO  [farmer-service,73830cb1cc69cc04,7b1e79c7] [farmer-sync-3] com.example.farmer.FarmerController - GET /api/v1/farmers?page=22 200 in 57ms
2026-09-23 09:17:07.469 INFO  [farmer-service,a7ae5b19f1dd8be2,dfec2f09] [http-nio-8080-exec-2] com.example.farmer.CardRenderJob - Rendered 83 cards in 492ms
2026-09-23 09:17:44.588 INFO  [farmer-service,88a7e5e7cf49f9b6,31ce8650] [farmer-sync-4] com.example.farmer.CardRenderJob - Rendered 6 cards in 1612ms
2026-09-23 09:18:19.870 DEBUG [farmer-service,ff366d6d626bd59f,495c51b9] [http-nio-8080-exec-5] com.example.farmer.FarmerRepository - select f.* from farmer f where f.region_id = 34
2026-09-23 09:18:23.720 DEBUG [farmer-service,db4edaddb9c681d0,975e706a] [farmer-sync-8] com.example.farmer.FarmerRepository - select f.* from farmer f where f.region_id = 53
2026-09-23 09:21:52.211 WARN  [farmer-service,85751f8ad25479ec,6344bb88] [http-nio-8080-exec-5] com.example.farmer.FarmerController - Request from 192.0.2.43 missing X-Request-Id header, generated one
2026-09-23 09:24:42.347 INFO  [farmer-service,6b337472b1a30a34,61545bfd] [farmer-sync-8] com.example.farmer.FarmerController - GET /api/v1/farmers?page=4 200 in 112ms
2026-09-23 09:26:55.834 INFO  [farmer-service,bf4df9ec2a7a4c1e,5242af4b] [http-nio-8080-exec-8] com.example.farmer.FarmerSyncScheduler - Sync batch 8704 queued, 238 pending records
2026-09-23 09:31:39.411 DEBUG [farmer-service,fb9b5410d90e5942,0e28ea2a] [http-nio-8080-exec-9] com.example.farmer.FarmerRepository - select f.* from farmer f where f.region_id = 1
2026-09-23 09:32:37.550 WARN  [farmer-service,7e8ec59744ddd1fc,50a074ca] [farmer-sync-1] com.example.farmer.FarmerController - Request from 192.0.2.68 missing X-Request-Id header, generated one
2026-09-23 09:33:34.927 INFO  [farmer-service,c05c69e181826773,08c5ea1c] [farmer-sync-3] com.example.farmer.CardRenderJob - Rendered 15 cards in 1944ms
2026-09-23 09:35:48.304 DEBUG [farmer-service,ce8153342dc0bf63,c1c51ba5] [http-nio-8080-exec-2] com.example.farmer.FarmerRepository - select f.* from farmer f where f.region_id = 54
2026-09-23 09:38:56.490 INFO  [farmer-service,9d02f97165783c1e,e03d873d] [farmer-sync-6] com.example.common.AuditPublisher - Published 15 audit events to nightshift.audit
2026-09-23 09:41:44.214 INFO  [farmer-service,9df122550bea9737,bfc4e89f] [farmer-sync-1] com.example.common.AuditPublisher - Published 5 audit events to nightshift.audit
2026-09-23 09:41:47.417 INFO  [farmer-service,884bc2207a745b8e,d4b64383] [http-nio-8080-exec-5] com.example.common.AuditPublisher - Published 30 audit events to nightshift.audit
2026-09-23 09:41:57.555 WARN  [farmer-service,b670cd0ffba50989,7bd22fbc] [farmer-sync-8] com.example.farmer.FarmerController - Request from 192.0.2.181 missing X-Request-Id header, generated one
2026-09-23 09:42:42.586 DEBUG [farmer-service,e1d82a91810846dd,2cfa25df] [farmer-sync-9] com.example.farmer.FarmerRepository - select f.* from farmer f where f.region_id = 29
2026-09-23 09:43:48.354 INFO  [farmer-service,e13ec10e22461bf5,7499e355] [farmer-sync-1] com.example.farmer.CardRenderJob - Rendered 24 cards in 1391ms
2026-09-23 09:43:59.788 ERROR [farmer-service,485a6e6ff7de3970,e446d35e] [farmer-sync-7] com.example.farmer.FarmerSyncService - Sync failed for batch 8014: could not acquire a database connection
java.sql.SQLTransientConnectionException: HikariPool-1 - Connection is not available, request timed out after 30001ms (total=10, active=10, idle=0, waiting=7)
	at com.zaxxer.hikari.pool.HikariPool.createTimeoutException(HikariPool.java:696)
	at com.zaxxer.hikari.pool.HikariPool.getConnection(HikariPool.java:181)
	at com.example.farmer.FarmerSyncService.pushPending(FarmerSyncService.java:36)
	at com.example.farmer.FarmerSyncScheduler.run(FarmerSyncScheduler.java:58)
2026-09-23 09:44:04.462 INFO  [farmer-service,7cf68cf712a90387,034f053d] [http-nio-8080-exec-9] com.example.farmer.FarmerSyncScheduler - Sync batch 8415 queued, 346 pending records
2026-09-23 09:44:39.628 INFO  [farmer-service,2ebc41d28ba1a1e2,3991f44d] [http-nio-8080-exec-1] com.example.common.AuditPublisher - Published 26 audit events to nightshift.audit
2026-09-23 09:45:41.104 ERROR [farmer-service,fd70f5023364f003,fe96ebaf] [farmer-sync-5] com.example.farmer.FarmerSyncService - Sync failed for batch 8100: could not acquire a database connection
java.sql.SQLTransientConnectionException: HikariPool-1 - Connection is not available, request timed out after 30001ms (total=10, active=10, idle=0, waiting=7)
	at com.zaxxer.hikari.pool.HikariPool.createTimeoutException(HikariPool.java:696)
	at com.zaxxer.hikari.pool.HikariPool.getConnection(HikariPool.java:181)
	at com.example.farmer.FarmerSyncService.pushPending(FarmerSyncService.java:36)
	at com.example.farmer.FarmerSyncScheduler.run(FarmerSyncScheduler.java:58)
2026-09-23 09:46:12.305 INFO  [farmer-service,532703180497a62c,c146e9f3] [farmer-sync-6] com.example.farmer.FarmerController - GET /api/v1/farmers?page=4 200 in 19ms
2026-09-23 09:47:45.088 INFO  [farmer-service,662c9691c5560929,f332fcd1] [farmer-sync-1] com.example.common.AuditPublisher - Published 24 audit events to nightshift.audit
2026-09-23 09:48:36.905 DEBUG [farmer-service,58f6ea9ecd21fb02,66545489] [farmer-sync-7] com.example.farmer.FarmerRepository - select f.* from farmer f where f.region_id = 51
2026-09-23 09:48:59.280 INFO  [farmer-service,4f0d3e7278b8a391,be3cd113] [farmer-sync-2] com.example.farmer.CardRenderJob - Rendered 90 cards in 1904ms
2026-09-23 09:50:44.989 DEBUG [farmer-service,896acde2b7c64f0b,eace3be6] [http-nio-8080-exec-2] com.example.farmer.FarmerRepository - select f.* from farmer f where f.region_id = 9
2026-09-23 09:50:57.629 INFO  [farmer-service,733c4a059e015167,3580aabd] [http-nio-8080-exec-6] com.example.farmer.CardRenderJob - Rendered 71 cards in 1702ms
2026-09-23 09:52:04.702 DEBUG [farmer-service,5d3d7111623f3d64,e2b24068] [farmer-sync-1] com.example.farmer.FarmerRepository - select f.* from farmer f where f.region_id = 20
2026-09-23 09:52:28.592 INFO  [farmer-service,767074bc90762dce,b49951a9] [farmer-sync-7] com.example.farmer.FarmerSyncScheduler - Sync batch 8160 queued, 82 pending records
2026-09-23 09:53:13.951 DEBUG [farmer-service,cb1cd76e0307d23b,7bc7e02d] [farmer-sync-5] com.example.farmer.FarmerRepository - select f.* from farmer f where f.region_id = 43
2026-09-23 09:54:05.678 INFO  [farmer-service,f0eb369c78b3e5cd,3d7ffb1f] [http-nio-8080-exec-4] com.example.common.AuditPublisher - Published 27 audit events to nightshift.audit
2026-09-23 09:54:21.189 INFO  [farmer-service,8d2727f37914abd6,fea0a340] [farmer-sync-1] com.example.farmer.FarmerSyncScheduler - Sync batch 8809 queued, 105 pending records
2026-09-23 09:55:24.203 WARN  [farmer-service,e767502621f52047,705cdfdb] [farmer-sync-9] com.example.farmer.FarmerController - Request from 192.0.2.159 missing X-Request-Id header, generated one
2026-09-23 09:56:16.449 DEBUG [farmer-service,a6bd6724ecdc6189,8ee79526] [http-nio-8080-exec-8] com.example.farmer.FarmerRepository - select f.* from farmer f where f.region_id = 49
2026-09-23 09:57:44.819 INFO  [farmer-service,08a2a9833b5af120,9874a76e] [http-nio-8080-exec-7] com.example.farmer.FarmerSyncScheduler - Sync batch 8257 queued, 58 pending records
2026-09-23 09:58:53.348 DEBUG [farmer-service,f9e08484b7985d92,4ea97ef7] [farmer-sync-3] com.example.farmer.FarmerRepository - select f.* from farmer f where f.region_id = 58
2026-09-23 09:59:09.719 INFO  [farmer-service,bffa911352f20073,22537b62] [farmer-sync-9] com.example.farmer.FarmerController - GET /api/v1/farmers?page=25 200 in 74ms
2026-09-23 10:00:22.390 INFO  [farmer-service,db3523bf8a854075,a168f03c] [http-nio-8080-exec-4] com.example.farmer.FarmerSyncScheduler - Sync batch 8201 queued, 188 pending records
2026-09-23 10:00:50.874 INFO  [farmer-service,19c2ad60a468a853,b754f813] [farmer-sync-9] com.example.farmer.FarmerController - GET /api/v1/farmers?page=17 200 in 80ms
2026-09-23 10:00:53.776 INFO  [farmer-service,0275b091e3081abd,0a35fa2e] [farmer-sync-4] com.example.common.AuditPublisher - Published 29 audit events to nightshift.audit
2026-09-23 10:01:41.889 INFO  [farmer-service,a300846478b51c42,bf0d383a] [farmer-sync-7] com.example.common.AuditPublisher - Published 7 audit events to nightshift.audit
2026-09-23 10:03:12.097 INFO  [farmer-service,95f1178b130b9e19,dc799308] [farmer-sync-4] com.example.farmer.CardRenderJob - Rendered 87 cards in 1033ms
2026-09-23 10:03:14.137 INFO  [farmer-service,289a423e5ddc363b,0de70091] [http-nio-8080-exec-4] com.example.common.AuditPublisher - Published 30 audit events to nightshift.audit
2026-09-23 10:03:36.068 WARN  [farmer-service,8b1d72a7377a14f4,254d57e8] [farmer-sync-1] com.example.farmer.FarmerController - Request from 192.0.2.236 missing X-Request-Id header, generated one
2026-09-23 10:04:25.021 INFO  [farmer-service,cc9a13e3f533ca0b,929a9f33] [farmer-sync-3] com.example.common.AuditPublisher - Published 11 audit events to nightshift.audit
2026-09-23 10:04:30.015 INFO  [farmer-service,26ecc1de44abc2c4,0c3ac745] [http-nio-8080-exec-4] com.example.common.AuditPublisher - Published 23 audit events to nightshift.audit
2026-09-23 10:04:47.758 INFO  [farmer-service,57a86cb4ecf47c06,f82aeb6f] [http-nio-8080-exec-9] com.example.common.AuditPublisher - Published 27 audit events to nightshift.audit
2026-09-23 10:05:08.212 INFO  [farmer-service,997751a3077512ba,a04d8967] [http-nio-8080-exec-8] com.example.farmer.FarmerSyncScheduler - Sync batch 8838 queued, 180 pending records
2026-09-23 10:07:45.490 INFO  [farmer-service,49418cc9fb754a08,1f321b72] [http-nio-8080-exec-1] com.example.common.AuditPublisher - Published 24 audit events to nightshift.audit
2026-09-23 10:07:55.054 INFO  [farmer-service,12ebe6ea13c0b48d,6adf11c1] [http-nio-8080-exec-8] com.example.farmer.FarmerSyncScheduler - Sync batch 8083 queued, 122 pending records
2026-09-23 10:08:18.220 INFO  [farmer-service,ea717c1748b9755b,a07ed578] [farmer-sync-3] com.example.farmer.FarmerSyncScheduler - Sync batch 8029 queued, 260 pending records
2026-09-23 10:10:12.783 INFO  [farmer-service,4c506ed7949a20e7,5fb30ece] [http-nio-8080-exec-9] com.example.farmer.FarmerSyncScheduler - Sync batch 8098 queued, 135 pending records
2026-09-23 10:12:33.105 WARN  [farmer-service,bd8f767fee83e2f8,064747e3] [farmer-sync-5] com.example.farmer.FarmerController - Request from 192.0.2.80 missing X-Request-Id header, generated one
2026-09-23 10:12:42.423 INFO  [farmer-service,fd1173ef608cdaab,4cc6dda1] [http-nio-8080-exec-5] com.example.farmer.FarmerSyncScheduler - Sync batch 8731 queued, 241 pending records
2026-09-23 10:13:54.017 INFO  [farmer-service,f2ef4a2b8722e43c,6967b42d] [farmer-sync-3] com.example.common.AuditPublisher - Published 22 audit events to nightshift.audit
2026-09-23 10:14:06.008 WARN  [farmer-service,6106026cfae5d1f1,471a5258] [farmer-sync-3] com.example.farmer.FarmerController - Request from 192.0.2.127 missing X-Request-Id header, generated one
2026-09-23 10:15:12.077 DEBUG [farmer-service,c125a57c148c5b81,6aa95dc1] [farmer-sync-5] com.example.farmer.FarmerRepository - select f.* from farmer f where f.region_id = 38
2026-09-23 10:15:32.632 INFO  [farmer-service,4e2fa74856b99554,71e9fa2e] [farmer-sync-2] com.example.farmer.FarmerSyncScheduler - Sync batch 8519 queued, 386 pending records
2026-09-23 10:15:56.863 INFO  [farmer-service,41ce9d9bcc77ca71,3cbcdfb8] [http-nio-8080-exec-7] com.example.common.AuditPublisher - Published 24 audit events to nightshift.audit
2026-09-23 10:16:13.267 INFO  [farmer-service,067a30474c709d00,10917821] [farmer-sync-9] com.example.common.AuditPublisher - Published 3 audit events to nightshift.audit
2026-09-23 10:16:28.530 INFO  [farmer-service,d09c43ee30c3fc41,ad9961b7] [farmer-sync-8] com.example.farmer.FarmerController - GET /api/v1/farmers?page=32 200 in 61ms
2026-09-23 10:17:31.391 WARN  [farmer-service,eb4df34fd0b187de,aac0dd70] [http-nio-8080-exec-1] com.example.farmer.FarmerController - Request from 192.0.2.10 missing X-Request-Id header, generated one
2026-09-23 10:17:54.855 INFO  [farmer-service,29f1d2b77158fa04,19f7e2d4] [http-nio-8080-exec-4] com.example.farmer.CardRenderJob - Rendered 23 cards in 1881ms
2026-09-23 10:18:26.752 INFO  [farmer-service,6c4f9b1cbd9b21b6,7e6f29dc] [farmer-sync-6] com.example.farmer.FarmerSyncScheduler - Sync batch 8075 queued, 154 pending records
2026-09-23 10:19:49.161 INFO  [farmer-service,cf2b1330d9467396,bdf2d262] [http-nio-8080-exec-5] com.example.farmer.FarmerController - GET /api/v1/farmers?page=34 200 in 108ms
2026-09-23 10:20:00.186 WARN  [farmer-service,1fa0fe49bc70ec6d,da95cfbe] [farmer-sync-2] com.example.farmer.FarmerController - Request from 192.0.2.252 missing X-Request-Id header, generated one
2026-09-23 10:20:39.650 WARN  [farmer-service,aee8dcf688c81722,67adc365] [http-nio-8080-exec-9] com.example.farmer.FarmerProfileService - Concurrent update on farmer 3903, retry 2 of 3
com.example.farmer.FarmerProfileService$OptimisticLockException: Row was updated by another transaction (farmer id=1340)
	at com.example.farmer.FarmerProfileService.rename(FarmerProfileService.java:27)
	at com.example.farmer.FarmerController.rename(FarmerController.java:96)
2026-09-23 10:22:06.500 INFO  [farmer-service,452e8429de977bea,3e241b9c] [http-nio-8080-exec-1] com.example.farmer.FarmerController - GET /api/v1/farmers?page=35 200 in 61ms
2026-09-23 10:24:18.998 INFO  [farmer-service,918e9d2f9067016e,1f62fdd6] [farmer-sync-6] com.example.common.AuditPublisher - Published 12 audit events to nightshift.audit
2026-09-23 10:24:29.624 DEBUG [farmer-service,6cede035c857200a,51bccf69] [http-nio-8080-exec-1] com.example.farmer.FarmerRepository - select f.* from farmer f where f.region_id = 22
2026-09-23 10:25:43.618 INFO  [farmer-service,6884e40ec97627e0,affbbc90] [farmer-sync-5] com.example.farmer.CardRenderJob - Rendered 55 cards in 1332ms
2026-09-23 10:25:45.997 INFO  [farmer-service,829674ac7a413dbc,15d52b3b] [farmer-sync-3] com.example.farmer.CardRenderJob - Rendered 89 cards in 411ms
2026-09-23 10:25:59.177 INFO  [farmer-service,a9ffeee974f1ccf8,83878cb5] [farmer-sync-8] com.example.farmer.CardRenderJob - Rendered 78 cards in 943ms
2026-09-23 10:26:07.558 INFO  [farmer-service,e1e81dd2fb709bc4,d5608909] [http-nio-8080-exec-2] com.example.common.AuditPublisher - Published 9 audit events to nightshift.audit
2026-09-23 10:26:53.955 DEBUG [farmer-service,5edf21a5594255c3,ea681086] [farmer-sync-6] com.example.farmer.FarmerRepository - select f.* from farmer f where f.region_id = 62
2026-09-23 10:27:08.977 INFO  [farmer-service,b1ed6a16c5a93df5,09e4faf9] [http-nio-8080-exec-2] com.example.common.AuditPublisher - Published 6 audit events to nightshift.audit
2026-09-23 10:27:15.185 WARN  [farmer-service,0e5caaa9003d7d87,363ef635] [http-nio-8080-exec-7] com.example.farmer.FarmerController - Request from 192.0.2.131 missing X-Request-Id header, generated one
2026-09-23 10:28:31.227 INFO  [farmer-service,56c0be40384233db,7289a7a5] [http-nio-8080-exec-8] com.example.farmer.CardRenderJob - Rendered 52 cards in 857ms
2026-09-23 10:29:55.667 INFO  [farmer-service,2c02bbc9f656b0ce,bee81b2b] [http-nio-8080-exec-8] com.example.common.AuditPublisher - Published 6 audit events to nightshift.audit
2026-09-23 10:31:31.757 WARN  [farmer-service,8785fe6ed0d15796,8d814379] [http-nio-8080-exec-5] com.example.farmer.FarmerController - Request from 192.0.2.163 missing X-Request-Id header, generated one
2026-09-23 10:32:12.663 INFO  [farmer-service,4083ed1ca925788f,b4d1aff9] [http-nio-8080-exec-3] com.example.farmer.FarmerSyncScheduler - Sync batch 8165 queued, 346 pending records
2026-09-23 10:32:13.056 INFO  [farmer-service,8d4f6aa04eafb0ab,1a9d3589] [farmer-sync-1] com.example.farmer.FarmerController - GET /api/v1/farmers?page=6 200 in 70ms
2026-09-23 10:32:42.338 WARN  [farmer-service,f0c69088da50983e,07cec758] [http-nio-8080-exec-4] com.example.farmer.FarmerController - Request from 192.0.2.88 missing X-Request-Id header, generated one
2026-09-23 10:33:50.306 WARN  [farmer-service,b681e97d593abcbb,892c4dde] [http-nio-8080-exec-2] com.example.farmer.FarmerController - Request from 192.0.2.3 missing X-Request-Id header, generated one
2026-09-23 10:34:22.713 DEBUG [farmer-service,4362a20468f7d33b,b6d34658] [farmer-sync-1] com.example.farmer.FarmerRepository - select f.* from farmer f where f.region_id = 46
2026-09-23 10:34:36.373 WARN  [farmer-service,280aec36243c3a73,0c0a46a0] [farmer-sync-7] com.example.farmer.FarmerController - Request from 192.0.2.232 missing X-Request-Id header, generated one
2026-09-23 10:36:49.842 INFO  [farmer-service,18e9c74d9ec88040,91031ea0] [farmer-sync-6] com.example.common.AuditPublisher - Published 20 audit events to nightshift.audit
2026-09-23 10:37:46.397 INFO  [farmer-service,4b3648fd7f183413,ff986f2d] [farmer-sync-5] com.example.farmer.CardRenderJob - Rendered 10 cards in 1992ms
2026-09-23 10:39:15.475 INFO  [farmer-service,9476da207c5b3965,96829dc6] [http-nio-8080-exec-6] com.example.common.AuditPublisher - Published 5 audit events to nightshift.audit
2026-09-23 10:44:07.019 DEBUG [farmer-service,3deea3f8e823bf34,eb20544a] [http-nio-8080-exec-9] com.example.farmer.FarmerRepository - select f.* from farmer f where f.region_id = 14
2026-09-23 10:44:26.145 INFO  [farmer-service,f06af63028da965c,088c670f] [http-nio-8080-exec-6] com.example.farmer.FarmerSyncScheduler - Sync batch 8185 queued, 190 pending records
2026-09-23 10:45:49.341 ERROR [farmer-service,7f2db6b204b4a5b0,348b540d] [http-nio-8080-exec-4] com.example.farmer.FarmerSyncService - Sync failed for batch 8411: could not acquire a database connection
java.sql.SQLTransientConnectionException: HikariPool-1 - Connection is not available, request timed out after 30001ms (total=10, active=10, idle=0, waiting=7)
	at com.zaxxer.hikari.pool.HikariPool.createTimeoutException(HikariPool.java:696)
	at com.zaxxer.hikari.pool.HikariPool.getConnection(HikariPool.java:181)
	at com.example.farmer.FarmerSyncService.pushPending(FarmerSyncService.java:36)
	at com.example.farmer.FarmerSyncScheduler.run(FarmerSyncScheduler.java:58)
2026-09-23 10:46:07.392 DEBUG [farmer-service,bd06c0f3c990a8ff,33e3463b] [farmer-sync-4] com.example.farmer.FarmerRepository - select f.* from farmer f where f.region_id = 8
2026-09-23 10:47:36.628 INFO  [farmer-service,668a667d6126f4be,b00e32ad] [http-nio-8080-exec-3] com.example.common.AuditPublisher - Published 21 audit events to nightshift.audit
2026-09-23 10:48:24.009 INFO  [farmer-service,ad0f192f247e53c9,6ef4918b] [http-nio-8080-exec-3] com.example.farmer.CardRenderJob - Rendered 59 cards in 2055ms
2026-09-23 10:48:57.948 INFO  [farmer-service,1dd2a8fb750c0478,540de2ba] [farmer-sync-8] com.example.farmer.FarmerController - GET /api/v1/farmers?page=8 200 in 45ms
2026-09-23 10:49:04.173 INFO  [farmer-service,03ae86a1122b30c8,1fac4bbc] [farmer-sync-1] com.example.farmer.FarmerSyncScheduler - Sync batch 8891 queued, 289 pending records
2026-09-23 10:50:03.234 INFO  [farmer-service,a2fb1d9af2722163,e20c576f] [http-nio-8080-exec-2] com.example.common.AuditPublisher - Published 24 audit events to nightshift.audit
2026-09-23 10:50:30.381 INFO  [farmer-service,ae1cc8a056d1d0c5,b2d26fdd] [http-nio-8080-exec-4] com.example.common.AuditPublisher - Published 4 audit events to nightshift.audit
2026-09-23 10:51:34.833 ERROR [farmer-service,189000989efa8364,27840865] [http-nio-8080-exec-5] com.example.farmer.FarmerSyncService - Sync failed for batch 8267: could not acquire a database connection
java.sql.SQLTransientConnectionException: HikariPool-1 - Connection is not available, request timed out after 30001ms (total=10, active=10, idle=0, waiting=7)
	at com.zaxxer.hikari.pool.HikariPool.createTimeoutException(HikariPool.java:696)
	at com.zaxxer.hikari.pool.HikariPool.getConnection(HikariPool.java:181)
	at com.example.farmer.FarmerSyncService.pushPending(FarmerSyncService.java:36)
	at com.example.farmer.FarmerSyncScheduler.run(FarmerSyncScheduler.java:58)
2026-09-23 10:51:46.338 WARN  [farmer-service,29b0c0addc49926d,921d97c1] [http-nio-8080-exec-9] com.example.farmer.FarmerController - Request from 192.0.2.220 missing X-Request-Id header, generated one
2026-09-23 10:52:30.855 WARN  [farmer-service,8eb2658002fc1eba,a799175a] [farmer-sync-5] com.example.farmer.FarmerProfileService - Concurrent update on farmer 6037, retry 2 of 3
com.example.farmer.FarmerProfileService$OptimisticLockException: Row was updated by another transaction (farmer id=1377)
	at com.example.farmer.FarmerProfileService.rename(FarmerProfileService.java:27)
	at com.example.farmer.FarmerController.rename(FarmerController.java:96)
2026-09-23 10:52:57.335 DEBUG [farmer-service,c398c7834d50f9db,5bd689d6] [http-nio-8080-exec-5] com.example.farmer.FarmerRepository - select f.* from farmer f where f.region_id = 53
2026-09-23 10:52:59.479 DEBUG [farmer-service,8e3d22412a4d0e91,da75152c] [http-nio-8080-exec-7] com.example.farmer.FarmerRepository - select f.* from farmer f where f.region_id = 33
2026-09-23 10:53:29.763 INFO  [farmer-service,e460d37f21fd593e,d6302268] [http-nio-8080-exec-5] com.example.farmer.FarmerSyncScheduler - Sync batch 8180 queued, 33 pending records
2026-09-23 10:54:10.591 INFO  [farmer-service,16b0884057beb40f,f511de2d] [http-nio-8080-exec-7] com.example.farmer.FarmerSyncScheduler - Sync batch 8321 queued, 59 pending records
2026-09-23 10:54:13.579 INFO  [farmer-service,5f6d5deb01979df5,5feb2de2] [http-nio-8080-exec-8] com.example.farmer.CardRenderJob - Rendered 71 cards in 1556ms
2026-09-23 10:56:19.278 DEBUG [farmer-service,d276b8e310980cd9,2fcf8a7a] [http-nio-8080-exec-9] com.example.farmer.FarmerRepository - select f.* from farmer f where f.region_id = 24
2026-09-23 10:58:16.116 WARN  [farmer-service,38e0b716dcc0855a,b1ae0799] [http-nio-8080-exec-6] com.example.farmer.FarmerController - Request from 192.0.2.13 missing X-Request-Id header, generated one
2026-09-23 10:59:56.802 INFO  [farmer-service,ddf7ec6d5dd0a9db,0f5dcd5d] [http-nio-8080-exec-2] com.example.common.AuditPublisher - Published 6 audit events to nightshift.audit
2026-09-23 11:01:06.341 INFO  [farmer-service,d2e939470acc100d,ec119016] [http-nio-8080-exec-2] com.example.farmer.CardRenderJob - Rendered 45 cards in 493ms
2026-09-23 11:02:10.801 INFO  [farmer-service,c8fb99fa4506e284,d0570a33] [http-nio-8080-exec-3] com.example.farmer.CardRenderJob - Rendered 58 cards in 1132ms
2026-09-23 11:02:44.000 INFO  [farmer-service,702c133bb2abf8bd,69d0e8a4] [http-nio-8080-exec-3] com.example.farmer.CardRenderJob - Rendered 28 cards in 2364ms
2026-09-23 11:03:10.492 DEBUG [farmer-service,a07c629194eebba5,559a3165] [http-nio-8080-exec-6] com.example.farmer.FarmerRepository - select f.* from farmer f where f.region_id = 34
2026-09-23 11:03:44.660 DEBUG [farmer-service,3398e3533c5d1085,3b0a1a16] [http-nio-8080-exec-1] com.example.farmer.FarmerRepository - select f.* from farmer f where f.region_id = 11
2026-09-23 11:05:06.706 ERROR [farmer-service,c4e1bcf0f59a3717,267e261d] [http-nio-8080-exec-9] com.example.farmer.FarmerSyncService - Sync failed for batch 8385: could not acquire a database connection
java.sql.SQLTransientConnectionException: HikariPool-1 - Connection is not available, request timed out after 30001ms (total=10, active=10, idle=0, waiting=7)
	at com.zaxxer.hikari.pool.HikariPool.createTimeoutException(HikariPool.java:696)
	at com.zaxxer.hikari.pool.HikariPool.getConnection(HikariPool.java:181)
	at com.example.farmer.FarmerSyncService.pushPending(FarmerSyncService.java:36)
	at com.example.farmer.FarmerSyncScheduler.run(FarmerSyncScheduler.java:58)
2026-09-23 11:05:21.225 INFO  [farmer-service,00793e8ff074af97,a8e256e1] [http-nio-8080-exec-8] com.example.common.AuditPublisher - Published 11 audit events to nightshift.audit
2026-09-23 11:05:49.866 WARN  [farmer-service,dd7cc4e04a16b982,7bb26f4b] [farmer-sync-7] com.example.farmer.FarmerController - Request from 192.0.2.105 missing X-Request-Id header, generated one
2026-09-23 11:06:27.351 INFO  [farmer-service,945ddf70e6c60abc,c4f2113e] [http-nio-8080-exec-7] com.example.farmer.CardRenderJob - Rendered 10 cards in 1768ms
2026-09-23 11:07:30.921 INFO  [farmer-service,937e7a29fa7c6c5d,cb6f1954] [http-nio-8080-exec-5] com.example.farmer.FarmerController - GET /api/v1/farmers?page=12 200 in 71ms
2026-09-23 11:08:46.730 INFO  [farmer-service,cd56845ca75b39a6,b2099876] [farmer-sync-2] com.example.farmer.FarmerController - GET /api/v1/farmers?page=11 200 in 129ms
2026-09-23 11:10:56.586 INFO  [farmer-service,5ea9a56d6ca0ffdd,114d9ae3] [farmer-sync-4] com.example.farmer.CardRenderJob - Rendered 90 cards in 712ms
2026-09-23 11:11:56.897 DEBUG [farmer-service,3ee53aea5883c201,51d76d47] [http-nio-8080-exec-1] com.example.farmer.FarmerRepository - select f.* from farmer f where f.region_id = 40
2026-09-23 11:12:18.585 INFO  [farmer-service,e938622b97c6fc1c,ef84c87c] [farmer-sync-7] com.example.farmer.FarmerController - GET /api/v1/farmers?page=34 200 in 116ms
2026-09-23 11:12:54.406 WARN  [farmer-service,589706eb3d841aa3,a3b80db5] [farmer-sync-2] com.example.farmer.FarmerController - Request from 192.0.2.197 missing X-Request-Id header, generated one
2026-09-23 11:13:30.940 WARN  [farmer-service,e6120cdb8e5756d8,ba5a75fd] [http-nio-8080-exec-2] com.example.farmer.FarmerController - Request from 192.0.2.200 missing X-Request-Id header, generated one
2026-09-23 11:15:09.738 INFO  [farmer-service,3a7ca8ce5991345a,f255d3be] [http-nio-8080-exec-5] com.example.farmer.FarmerSyncScheduler - Sync batch 8461 queued, 298 pending records
2026-09-23 11:17:38.101 INFO  [farmer-service,732411060e5209fc,a0d94a77] [farmer-sync-3] com.example.farmer.FarmerSyncScheduler - Sync batch 8659 queued, 75 pending records
2026-09-23 11:18:40.784 INFO  [farmer-service,3ff9c7fd66d14f42,60ff2d9a] [http-nio-8080-exec-5] com.example.farmer.CardRenderJob - Rendered 50 cards in 559ms
2026-09-23 11:19:20.696 INFO  [farmer-service,ac35f242c43c94d0,228e98f7] [http-nio-8080-exec-9] com.example.farmer.FarmerController - GET /api/v1/farmers?page=34 200 in 16ms
2026-09-23 11:20:39.565 INFO  [farmer-service,cb6f2c724187e511,82d40940] [http-nio-8080-exec-8] com.example.farmer.CardRenderJob - Rendered 22 cards in 1731ms
2026-09-23 11:21:04.741 INFO  [farmer-service,853bb5d5a00e5b90,91505b00] [farmer-sync-1] com.example.farmer.FarmerController - GET /api/v1/farmers?page=27 200 in 50ms
2026-09-23 11:21:19.946 INFO  [farmer-service,99ded3a3e044ccd8,31652802] [http-nio-8080-exec-4] com.example.farmer.FarmerSyncScheduler - Sync batch 8711 queued, 291 pending records
2026-09-23 11:21:43.534 WARN  [farmer-service,295f4d300a3aab0a,4e9f0210] [http-nio-8080-exec-4] com.example.farmer.FarmerController - Request from 192.0.2.190 missing X-Request-Id header, generated one
2026-09-23 11:21:44.139 INFO  [farmer-service,a7cf44c1021dc6fb,7597cb59] [farmer-sync-6] com.example.farmer.FarmerSyncScheduler - Sync batch 8944 queued, 268 pending records
2026-09-23 11:23:41.752 WARN  [farmer-service,805f180e6871a382,284f52e0] [farmer-sync-2] com.example.farmer.FarmerController - Request from 192.0.2.40 missing X-Request-Id header, generated one
2026-09-23 11:23:41.850 INFO  [farmer-service,6526befe18fb539d,5f0c185e] [http-nio-8080-exec-3] com.example.farmer.FarmerController - GET /api/v1/farmers?page=23 200 in 24ms
2026-09-23 11:24:18.447 DEBUG [farmer-service,c54c79f7a5dbc131,a5d5b951] [http-nio-8080-exec-3] com.example.farmer.FarmerRepository - select f.* from farmer f where f.region_id = 41
2026-09-23 11:25:33.574 INFO  [farmer-service,7ffb91f25f4b9d49,03a26d9e] [farmer-sync-5] com.example.farmer.FarmerSyncScheduler - Sync batch 8774 queued, 170 pending records
2026-09-23 11:26:18.243 INFO  [farmer-service,fb760bef6d582a3e,fad47010] [farmer-sync-5] com.example.common.AuditPublisher - Published 21 audit events to nightshift.audit
2026-09-23 11:26:30.754 INFO  [farmer-service,cd46c210a33f88f3,7d2a5b1d] [http-nio-8080-exec-4] com.example.farmer.FarmerSyncScheduler - Sync batch 8910 queued, 396 pending records
2026-09-23 11:28:49.199 WARN  [farmer-service,76acfed8c1ba9ef2,7d30ec02] [http-nio-8080-exec-9] com.example.farmer.FarmerController - Request from 192.0.2.144 missing X-Request-Id header, generated one
2026-09-23 11:29:12.384 INFO  [farmer-service,6ef8d61d341ccfd2,08edcd9f] [http-nio-8080-exec-4] com.example.farmer.FarmerController - GET /api/v1/farmers?page=15 200 in 35ms
2026-09-23 11:33:10.070 WARN  [farmer-service,f46a65ceccff71c6,a693a11c] [farmer-sync-9] com.example.farmer.FarmerController - Request from 192.0.2.141 missing X-Request-Id header, generated one
2026-09-23 11:34:30.319 ERROR [farmer-service,043053334a575e21,a6f9b701] [http-nio-8080-exec-4] com.example.farmer.FarmerSyncService - Sync failed for batch 8164: could not acquire a database connection
java.sql.SQLTransientConnectionException: HikariPool-1 - Connection is not available, request timed out after 30001ms (total=10, active=10, idle=0, waiting=7)
	at com.zaxxer.hikari.pool.HikariPool.createTimeoutException(HikariPool.java:696)
	at com.zaxxer.hikari.pool.HikariPool.getConnection(HikariPool.java:181)
	at com.example.farmer.FarmerSyncService.pushPending(FarmerSyncService.java:36)
	at com.example.farmer.FarmerSyncScheduler.run(FarmerSyncScheduler.java:58)
2026-09-23 11:34:41.453 INFO  [farmer-service,1bdc58def62b94a9,333fedb9] [http-nio-8080-exec-9] com.example.farmer.FarmerController - GET /api/v1/farmers?page=32 200 in 28ms
2026-09-23 11:35:15.595 INFO  [farmer-service,59234d0450ffabe2,f2f0f4dd] [farmer-sync-3] com.example.farmer.FarmerController - GET /api/v1/farmers?page=31 200 in 88ms
2026-09-23 11:35:19.379 INFO  [farmer-service,4a6e6e2148f5b8d2,cfe6194c] [farmer-sync-5] com.example.farmer.FarmerSyncScheduler - Sync batch 8593 queued, 336 pending records
2026-09-23 11:35:24.182 INFO  [farmer-service,b01d8b653fadcc7b,6ee573b4] [http-nio-8080-exec-2] com.example.farmer.FarmerController - GET /api/v1/farmers?page=10 200 in 39ms
2026-09-23 11:35:59.697 ERROR [farmer-service,150698a8e02d14ab,7950615d] [http-nio-8080-exec-5] com.example.farmer.FarmerSyncService - Sync failed for batch 8374: could not acquire a database connection
java.sql.SQLTransientConnectionException: HikariPool-1 - Connection is not available, request timed out after 30001ms (total=10, active=10, idle=0, waiting=7)
	at com.zaxxer.hikari.pool.HikariPool.createTimeoutException(HikariPool.java:696)
	at com.zaxxer.hikari.pool.HikariPool.getConnection(HikariPool.java:181)
	at com.example.farmer.FarmerSyncService.pushPending(FarmerSyncService.java:36)
	at com.example.farmer.FarmerSyncScheduler.run(FarmerSyncScheduler.java:58)
2026-09-23 11:37:13.590 INFO  [farmer-service,2ebc8312e5fd81f8,f88e92fe] [farmer-sync-8] com.example.farmer.FarmerSyncScheduler - Sync batch 8773 queued, 26 pending records
2026-09-23 11:39:03.473 WARN  [farmer-service,40a6a4a9ada1b7f6,bb9a9339] [farmer-sync-3] com.example.farmer.FarmerProfileService - Concurrent update on farmer 1390, retry 1 of 3
com.example.farmer.FarmerProfileService$OptimisticLockException: Row was updated by another transaction (farmer id=9902)
	at com.example.farmer.FarmerProfileService.rename(FarmerProfileService.java:27)
	at com.example.farmer.FarmerController.rename(FarmerController.java:96)
2026-09-23 11:39:18.061 DEBUG [farmer-service,4500168356a3b8de,70924053] [http-nio-8080-exec-2] com.example.farmer.FarmerRepository - select f.* from farmer f where f.region_id = 21
2026-09-23 11:39:31.907 INFO  [farmer-service,11ccc64326cff92d,4f9fbd92] [farmer-sync-9] com.example.common.AuditPublisher - Published 27 audit events to nightshift.audit
2026-09-23 11:40:33.522 DEBUG [farmer-service,ef6a508f01a51e98,638e4952] [farmer-sync-8] com.example.farmer.FarmerRepository - select f.* from farmer f where f.region_id = 35
2026-09-23 11:41:34.040 INFO  [farmer-service,2b9a79f363b26399,0880edbd] [farmer-sync-9] com.example.farmer.CardRenderJob - Rendered 76 cards in 2295ms
2026-09-23 11:42:36.865 INFO  [farmer-service,dad48682379cea65,e4921c1a] [http-nio-8080-exec-5] com.example.farmer.CardRenderJob - Rendered 32 cards in 1250ms
2026-09-23 11:42:47.266 INFO  [farmer-service,6f888f39fe1aff1a,4ffa7aa6] [farmer-sync-9] com.example.farmer.CardRenderJob - Rendered 81 cards in 1369ms
2026-09-23 11:44:09.612 INFO  [farmer-service,0a6c3028ed1e9774,e7e1e1ca] [farmer-sync-4] com.example.farmer.CardRenderJob - Rendered 18 cards in 1628ms
2026-09-23 11:44:32.734 DEBUG [farmer-service,c8545be0bddd2c80,11950dbf] [http-nio-8080-exec-6] com.example.farmer.FarmerRepository - select f.* from farmer f where f.region_id = 33
2026-09-23 11:46:32.299 INFO  [farmer-service,dd7db49b95514618,75ad508e] [farmer-sync-6] com.example.farmer.FarmerController - GET /api/v1/farmers?page=8 200 in 91ms
2026-09-23 11:47:51.150 WARN  [farmer-service,8444ada6961092e6,c4fa07cf] [http-nio-8080-exec-2] com.example.farmer.FarmerController - Request from 192.0.2.216 missing X-Request-Id header, generated one
2026-09-23 11:47:58.049 WARN  [farmer-service,a5ee88fa300cc2d3,28e1afaa] [farmer-sync-9] com.example.farmer.FarmerController - Request from 192.0.2.146 missing X-Request-Id header, generated one
2026-09-23 11:48:02.776 DEBUG [farmer-service,cff80ce220590a88,ecb5ac03] [http-nio-8080-exec-1] com.example.farmer.FarmerRepository - select f.* from farmer f where f.region_id = 64
2026-09-23 11:48:53.451 WARN  [farmer-service,743108e8df620f36,81b16626] [farmer-sync-2] com.example.farmer.FarmerController - Request from 192.0.2.112 missing X-Request-Id header, generated one
2026-09-23 11:49:06.981 INFO  [farmer-service,6fd24c2ecfc47bfa,81381bd4] [http-nio-8080-exec-4] com.example.farmer.FarmerSyncScheduler - Sync batch 8717 queued, 397 pending records
2026-09-23 11:49:42.578 INFO  [farmer-service,ade9eb3bb68362a7,3fb61b44] [http-nio-8080-exec-5] com.example.farmer.FarmerController - GET /api/v1/farmers?page=27 200 in 84ms
2026-09-23 11:50:58.695 INFO  [farmer-service,ba10f070c57da92e,2e77b011] [http-nio-8080-exec-2] com.example.farmer.FarmerSyncScheduler - Sync batch 8837 queued, 357 pending records
2026-09-23 11:51:36.589 INFO  [farmer-service,82001432da817a00,9e792fae] [http-nio-8080-exec-9] com.example.farmer.FarmerSyncScheduler - Sync batch 8093 queued, 30 pending records
2026-09-23 11:52:00.140 INFO  [farmer-service,b19cd3b26ecc8079,4c41ccac] [http-nio-8080-exec-6] com.example.farmer.FarmerController - GET /api/v1/farmers?page=30 200 in 68ms
2026-09-23 11:52:13.928 INFO  [farmer-service,19890332860a4f6d,a14c81b2] [http-nio-8080-exec-6] com.example.farmer.CardRenderJob - Rendered 74 cards in 954ms
2026-09-23 11:52:14.534 INFO  [farmer-service,1e95c654a7819bd1,e5418fed] [http-nio-8080-exec-2] com.example.farmer.CardRenderJob - Rendered 18 cards in 2211ms
2026-09-23 11:52:24.451 INFO  [farmer-service,df71f58250ea1006,cc7ed7fc] [http-nio-8080-exec-5] com.example.farmer.FarmerSyncScheduler - Sync batch 8851 queued, 347 pending records
2026-09-23 11:55:42.649 INFO  [farmer-service,8f477c0b976917c2,17e85ebc] [http-nio-8080-exec-6] com.example.farmer.CardRenderJob - Rendered 59 cards in 2047ms
2026-09-23 11:56:16.398 DEBUG [farmer-service,5b70e1c8a454cb4e,bf16103a] [farmer-sync-1] com.example.farmer.FarmerRepository - select f.* from farmer f where f.region_id = 55
2026-09-23 11:56:40.449 DEBUG [farmer-service,946ccd590b3fc06c,3f1cdd3f] [farmer-sync-4] com.example.farmer.FarmerRepository - select f.* from farmer f where f.region_id = 45
2026-09-23 11:57:56.419 INFO  [farmer-service,93492f3964c26058,d53387fe] [farmer-sync-9] com.example.farmer.FarmerController - GET /api/v1/farmers?page=3 200 in 67ms
2026-09-23 11:58:38.521 WARN  [farmer-service,d5965e7097cc5cdf,6f0441f5] [farmer-sync-2] com.example.farmer.FarmerProfileService - Concurrent update on farmer 9821, retry 1 of 3
com.example.farmer.FarmerProfileService$OptimisticLockException: Row was updated by another transaction (farmer id=3800)
	at com.example.farmer.FarmerProfileService.rename(FarmerProfileService.java:27)
	at com.example.farmer.FarmerController.rename(FarmerController.java:96)
2026-09-23 11:59:17.619 INFO  [farmer-service,b82485d9f5da5034,e67ffc52] [http-nio-8080-exec-5] com.example.common.AuditPublisher - Published 8 audit events to nightshift.audit
2026-09-23 11:59:20.420 INFO  [farmer-service,3a44d4cfe04e0e9d,609d80d1] [farmer-sync-9] com.example.farmer.FarmerSyncScheduler - Sync batch 8695 queued, 153 pending records
2026-09-23 11:59:21.549 INFO  [farmer-service,f0c3778037428a83,6804f658] [farmer-sync-7] com.example.farmer.CardRenderJob - Rendered 41 cards in 681ms
2026-09-23 12:02:14.703 INFO  [farmer-service,b6db9d7fc7e36b3e,0d677bf3] [farmer-sync-1] com.example.farmer.FarmerSyncScheduler - Sync batch 8138 queued, 43 pending records
2026-09-23 12:02:19.436 INFO  [farmer-service,040b67027ae6b411,0c330fc3] [farmer-sync-5] com.example.farmer.FarmerSyncScheduler - Sync batch 8863 queued, 370 pending records
2026-09-23 12:05:22.765 WARN  [farmer-service,caa3fe1613c45088,5beecae7] [farmer-sync-5] com.example.farmer.FarmerController - Request from 192.0.2.57 missing X-Request-Id header, generated one
2026-09-23 12:05:29.565 WARN  [farmer-service,8bc8771f6d9c8bc9,82989d6e] [http-nio-8080-exec-9] com.example.farmer.FarmerController - Request from 192.0.2.144 missing X-Request-Id header, generated one
2026-09-23 12:07:12.653 DEBUG [farmer-service,f7a386361265c932,6421aaca] [farmer-sync-6] com.example.farmer.FarmerRepository - select f.* from farmer f where f.region_id = 14
2026-09-23 12:07:16.853 INFO  [farmer-service,3e1cfbb738ecbe39,21bf300b] [farmer-sync-3] com.example.farmer.FarmerSyncScheduler - Sync batch 8656 queued, 322 pending records
2026-09-23 12:08:24.251 INFO  [farmer-service,a2fb4cb1e72e40c8,769a9678] [farmer-sync-7] com.example.farmer.CardRenderJob - Rendered 65 cards in 618ms
2026-09-23 12:08:42.733 INFO  [farmer-service,49ea59560c41e259,80a13856] [farmer-sync-3] com.example.common.AuditPublisher - Published 11 audit events to nightshift.audit
2026-09-23 12:11:44.716 WARN  [farmer-service,35b78def097cf375,313b6737] [http-nio-8080-exec-3] com.example.farmer.FarmerController - Request from 192.0.2.80 missing X-Request-Id header, generated one
2026-09-23 12:12:08.001 INFO  [farmer-service,4146ad0f65c9fb32,e91514c6] [http-nio-8080-exec-5] com.example.common.AuditPublisher - Published 12 audit events to nightshift.audit
2026-09-23 12:12:37.352 WARN  [farmer-service,0003ce5815a8234e,4f838caa] [farmer-sync-7] com.example.farmer.FarmerController - Request from 192.0.2.134 missing X-Request-Id header, generated one
2026-09-23 12:14:31.920 INFO  [farmer-service,1f74211fafa32327,540c1faa] [http-nio-8080-exec-1] com.example.farmer.FarmerController - GET /api/v1/farmers?page=35 200 in 96ms
2026-09-23 12:15:02.294 WARN  [farmer-service,767167524ef7e99b,83a46a10] [farmer-sync-5] com.example.farmer.FarmerController - Request from 192.0.2.248 missing X-Request-Id header, generated one
2026-09-23 12:16:25.010 INFO  [farmer-service,7bb6842c2ad109fa,dfa1e15c] [http-nio-8080-exec-3] com.example.farmer.CardRenderJob - Rendered 9 cards in 2176ms
2026-09-23 12:16:52.077 WARN  [farmer-service,9f6a3c4bfcd231ba,49fc2ffe] [http-nio-8080-exec-6] com.example.farmer.FarmerController - Request from 192.0.2.177 missing X-Request-Id header, generated one
2026-09-23 12:18:18.603 INFO  [farmer-service,a249f0165b1064ee,11aa71ed] [http-nio-8080-exec-4] com.example.farmer.FarmerController - GET /api/v1/farmers?page=33 200 in 31ms
2026-09-23 12:18:33.435 DEBUG [farmer-service,2dc0e4f65b4a89c1,ba6a53b1] [farmer-sync-1] com.example.farmer.FarmerRepository - select f.* from farmer f where f.region_id = 59
2026-09-23 12:19:08.517 INFO  [farmer-service,9716f5dae15420f9,c72e86eb] [http-nio-8080-exec-4] com.example.farmer.CardRenderJob - Rendered 5 cards in 344ms
2026-09-23 12:19:49.865 WARN  [farmer-service,fbe6fe93238810c9,538ec53e] [farmer-sync-9] com.example.farmer.FarmerController - Request from 192.0.2.138 missing X-Request-Id header, generated one
2026-09-23 12:20:40.285 INFO  [farmer-service,59fd8a63bc7c4370,0a1be55b] [farmer-sync-7] com.example.farmer.FarmerSyncScheduler - Sync batch 8258 queued, 323 pending records
2026-09-23 12:23:24.880 INFO  [farmer-service,0f55a77be3175b7c,40502ddf] [farmer-sync-3] com.example.farmer.FarmerSyncScheduler - Sync batch 8891 queued, 363 pending records
2026-09-23 12:23:49.056 INFO  [farmer-service,70222c74e4c5521a,849ff5d8] [farmer-sync-9] com.example.farmer.FarmerController - GET /api/v1/farmers?page=15 200 in 45ms
2026-09-23 12:25:17.512 WARN  [farmer-service,f470a01260bdf57f,a4fceb03] [http-nio-8080-exec-9] com.example.farmer.FarmerController - Request from 192.0.2.99 missing X-Request-Id header, generated one
2026-09-23 12:26:09.568 WARN  [farmer-service,ab7d2eadab83aece,5b86d61e] [http-nio-8080-exec-7] com.example.farmer.FarmerController - Request from 192.0.2.120 missing X-Request-Id header, generated one
2026-09-23 12:26:19.958 WARN  [farmer-service,b4e4bfab832ddc42,b0afd5ad] [farmer-sync-7] com.example.farmer.FarmerController - Request from 192.0.2.128 missing X-Request-Id header, generated one
2026-09-23 12:26:43.809 WARN  [farmer-service,fdaa49b504a068ef,4dccad7f] [farmer-sync-2] com.example.farmer.FarmerController - Request from 192.0.2.190 missing X-Request-Id header, generated one
2026-09-23 12:28:34.440 DEBUG [farmer-service,19625162ecc7cce1,9bf86d32] [farmer-sync-5] com.example.farmer.FarmerRepository - select f.* from farmer f where f.region_id = 33
2026-09-23 12:29:26.076 INFO  [farmer-service,d36caf58d644e4bb,1ac2d897] [http-nio-8080-exec-5] com.example.common.AuditPublisher - Published 18 audit events to nightshift.audit
2026-09-23 12:29:27.672 INFO  [farmer-service,6b83a6db45416925,441c7827] [http-nio-8080-exec-7] com.example.farmer.CardRenderJob - Rendered 20 cards in 782ms
2026-09-23 12:29:52.929 DEBUG [farmer-service,7abb8359f0e9ddd1,fe414542] [http-nio-8080-exec-8] com.example.farmer.FarmerRepository - select f.* from farmer f where f.region_id = 44
2026-09-23 12:30:06.582 INFO  [farmer-service,525ae603a26d1480,4c3e1438] [farmer-sync-1] com.example.common.AuditPublisher - Published 1 audit events to nightshift.audit
2026-09-23 12:30:35.943 ERROR [farmer-service,ff26e6648c3a69c4,615b1373] [http-nio-8080-exec-4] com.example.farmer.FarmerSyncService - Sync failed for batch 8717: could not acquire a database connection
java.sql.SQLTransientConnectionException: HikariPool-1 - Connection is not available, request timed out after 30001ms (total=10, active=10, idle=0, waiting=7)
	at com.zaxxer.hikari.pool.HikariPool.createTimeoutException(HikariPool.java:696)
	at com.zaxxer.hikari.pool.HikariPool.getConnection(HikariPool.java:181)
	at com.example.farmer.FarmerSyncService.pushPending(FarmerSyncService.java:36)
	at com.example.farmer.FarmerSyncScheduler.run(FarmerSyncScheduler.java:58)
2026-09-23 12:34:12.181 WARN  [farmer-service,caa55dcf9196a18d,0923e2cd] [farmer-sync-5] com.example.farmer.FarmerController - Request from 192.0.2.177 missing X-Request-Id header, generated one
2026-09-23 12:34:13.091 INFO  [farmer-service,f8afec58b962236a,42450413] [http-nio-8080-exec-7] com.example.farmer.FarmerController - GET /api/v1/farmers?page=32 200 in 119ms
2026-09-23 12:35:47.693 INFO  [farmer-service,b3a458551ee43e05,16cbbdf8] [farmer-sync-1] com.example.farmer.CardRenderJob - Rendered 65 cards in 1270ms
2026-09-23 12:36:18.890 DEBUG [farmer-service,a55fff14528dc382,e409f9e0] [farmer-sync-8] com.example.farmer.FarmerRepository - select f.* from farmer f where f.region_id = 51
2026-09-23 12:36:39.176 INFO  [farmer-service,ecf78441033c0daa,05c54c9d] [farmer-sync-7] com.example.farmer.FarmerController - GET /api/v1/farmers?page=34 200 in 64ms
2026-09-23 12:36:43.900 WARN  [farmer-service,23d03e8706cf5df1,55c28efd] [farmer-sync-9] com.example.farmer.FarmerController - Request from 192.0.2.100 missing X-Request-Id header, generated one
2026-09-23 12:37:42.036 INFO  [farmer-service,be6df208559c992a,971d8abd] [farmer-sync-4] com.example.common.AuditPublisher - Published 1 audit events to nightshift.audit
2026-09-23 12:37:57.186 DEBUG [farmer-service,5dce50824df84d15,34e37781] [http-nio-8080-exec-7] com.example.farmer.FarmerRepository - select f.* from farmer f where f.region_id = 26
2026-09-23 12:38:21.309 INFO  [farmer-service,458aa0bd4289a65b,b95dd80c] [http-nio-8080-exec-1] com.example.farmer.CardRenderJob - Rendered 8 cards in 2297ms
2026-09-23 12:39:07.683 DEBUG [farmer-service,e13fa02765de9f71,48231a7f] [farmer-sync-6] com.example.farmer.FarmerRepository - select f.* from farmer f where f.region_id = 50
2026-09-23 12:40:48.251 INFO  [farmer-service,d26758cb6d386201,d2ae3077] [farmer-sync-6] com.example.farmer.CardRenderJob - Rendered 8 cards in 1962ms
2026-09-23 12:41:59.242 DEBUG [farmer-service,71ee57bf130b85cc,1fec1535] [http-nio-8080-exec-1] com.example.farmer.FarmerRepository - select f.* from farmer f where f.region_id = 16
2026-09-23 12:42:40.087 INFO  [farmer-service,2c636ee845665c21,727764b0] [http-nio-8080-exec-7] com.example.farmer.CardRenderJob - Rendered 27 cards in 1790ms
2026-09-23 12:42:41.824 INFO  [farmer-service,7f3021966813f6e2,1d2f5550] [farmer-sync-5] com.example.common.AuditPublisher - Published 24 audit events to nightshift.audit
2026-09-23 12:42:45.435 INFO  [farmer-service,638834431aa1e9cb,8f318d2e] [http-nio-8080-exec-2] com.example.farmer.CardRenderJob - Rendered 53 cards in 2303ms
2026-09-23 12:45:30.872 DEBUG [farmer-service,1ea0254caba11a94,2801a736] [farmer-sync-7] com.example.farmer.FarmerRepository - select f.* from farmer f where f.region_id = 35
2026-09-23 12:46:03.333 INFO  [farmer-service,534794e8588c8ddf,ab53b004] [http-nio-8080-exec-2] com.example.farmer.CardRenderJob - Rendered 5 cards in 1208ms
2026-09-23 12:47:19.012 INFO  [farmer-service,6729e6a4ea0cb259,86f24605] [http-nio-8080-exec-7] com.example.farmer.FarmerSyncScheduler - Sync batch 8463 queued, 190 pending records
2026-09-23 12:47:55.637 INFO  [farmer-service,eb28bbe14fd0103e,c1e965e0] [farmer-sync-8] com.example.farmer.CardRenderJob - Rendered 24 cards in 1094ms
2026-09-23 12:48:17.759 INFO  [farmer-service,21e445a13a91c4ab,9b8cb129] [farmer-sync-7] com.example.farmer.FarmerController - GET /api/v1/farmers?page=2 200 in 96ms
2026-09-23 12:50:02.159 ERROR [farmer-service,ec73f948dd6dfd7e,7336ebf7] [http-nio-8080-exec-3] com.example.farmer.FarmerSyncService - Sync failed for batch 8403: could not acquire a database connection
java.sql.SQLTransientConnectionException: HikariPool-1 - Connection is not available, request timed out after 30001ms (total=10, active=10, idle=0, waiting=7)
	at com.zaxxer.hikari.pool.HikariPool.createTimeoutException(HikariPool.java:696)
	at com.zaxxer.hikari.pool.HikariPool.getConnection(HikariPool.java:181)
	at com.example.farmer.FarmerSyncService.pushPending(FarmerSyncService.java:36)
	at com.example.farmer.FarmerSyncScheduler.run(FarmerSyncScheduler.java:58)
2026-09-23 12:50:36.140 INFO  [farmer-service,bb3082a98623d945,98cf1adf] [farmer-sync-8] com.example.common.AuditPublisher - Published 7 audit events to nightshift.audit
2026-09-23 12:51:09.818 INFO  [farmer-service,4bd724e55ae9b844,87385f3a] [http-nio-8080-exec-5] com.example.farmer.CardRenderJob - Rendered 60 cards in 1624ms
2026-09-23 12:51:18.282 ERROR [farmer-service,6acc7e66ee71c383,a1e46e95] [farmer-sync-7] com.example.farmer.FarmerSyncService - Sync failed for batch 8118: could not acquire a database connection
java.sql.SQLTransientConnectionException: HikariPool-1 - Connection is not available, request timed out after 30001ms (total=10, active=10, idle=0, waiting=7)
	at com.zaxxer.hikari.pool.HikariPool.createTimeoutException(HikariPool.java:696)
	at com.zaxxer.hikari.pool.HikariPool.getConnection(HikariPool.java:181)
	at com.example.farmer.FarmerSyncService.pushPending(FarmerSyncService.java:36)
	at com.example.farmer.FarmerSyncScheduler.run(FarmerSyncScheduler.java:58)
2026-09-23 12:52:27.282 INFO  [farmer-service,1e751de1ca019670,411ded42] [http-nio-8080-exec-8] com.example.farmer.FarmerController - GET /api/v1/farmers?page=8 200 in 104ms
2026-09-23 12:52:51.600 WARN  [farmer-service,cb6ef62721a98a16,359e832f] [farmer-sync-5] com.example.farmer.FarmerController - Request from 192.0.2.56 missing X-Request-Id header, generated one
2026-09-23 12:53:40.964 DEBUG [farmer-service,d99b77b94f428cac,f519e892] [farmer-sync-1] com.example.farmer.FarmerRepository - select f.* from farmer f where f.region_id = 7
2026-09-23 12:53:44.131 INFO  [farmer-service,1800f173006aab37,9036e366] [http-nio-8080-exec-9] com.example.farmer.CardRenderJob - Rendered 10 cards in 1836ms
2026-09-23 12:54:27.271 INFO  [farmer-service,d5bcd3c310aefd5b,999c1af2] [http-nio-8080-exec-4] com.example.farmer.FarmerSyncScheduler - Sync batch 8815 queued, 244 pending records
2026-09-23 12:54:48.691 INFO  [farmer-service,9cc89554e92f340a,838a717c] [farmer-sync-8] com.example.farmer.FarmerSyncScheduler - Sync batch 8597 queued, 274 pending records
2026-09-23 12:55:29.091 INFO  [farmer-service,bf5ced2a277040b2,ebc11ea4] [farmer-sync-2] com.example.farmer.CardRenderJob - Rendered 70 cards in 1142ms
2026-09-23 12:56:54.823 DEBUG [farmer-service,e56b9dd707e741c3,b254c148] [farmer-sync-3] com.example.farmer.FarmerRepository - select f.* from farmer f where f.region_id = 17
2026-09-23 12:57:21.725 INFO  [farmer-service,bc410590e24bbc2b,aee69690] [farmer-sync-1] com.example.farmer.CardRenderJob - Rendered 72 cards in 2045ms
2026-09-23 12:57:33.693 INFO  [farmer-service,c55c0a5e181bf0c2,8022e625] [http-nio-8080-exec-6] com.example.farmer.CardRenderJob - Rendered 23 cards in 2155ms
2026-09-23 12:57:46.610 INFO  [farmer-service,191fdc112e0c5b15,105f23a2] [http-nio-8080-exec-9] com.example.farmer.CardRenderJob - Rendered 74 cards in 1480ms
2026-09-23 13:00:27.878 WARN  [farmer-service,76afaf29e2279d06,c3928444] [farmer-sync-3] com.example.farmer.FarmerController - Request from 192.0.2.223 missing X-Request-Id header, generated one
2026-09-23 13:03:01.398 INFO  [farmer-service,b1eb33637b30adde,a868599c] [farmer-sync-3] com.example.farmer.FarmerController - GET /api/v1/farmers?page=22 200 in 133ms
2026-09-23 13:04:06.461 INFO  [farmer-service,5a4f59b4aae0e1cf,4595c515] [farmer-sync-1] com.example.common.AuditPublisher - Published 30 audit events to nightshift.audit
2026-09-23 13:05:38.326 INFO  [farmer-service,ef888ca623f3d2bc,b9963433] [farmer-sync-8] com.example.common.AuditPublisher - Published 15 audit events to nightshift.audit
2026-09-23 13:05:49.661 INFO  [farmer-service,b79fb51f29d4f796,8d195449] [http-nio-8080-exec-8] com.example.farmer.CardRenderJob - Rendered 83 cards in 716ms
2026-09-23 13:06:38.383 INFO  [farmer-service,27e2a2a1de66ccc1,f5c46dc0] [http-nio-8080-exec-2] com.example.farmer.CardRenderJob - Rendered 49 cards in 2246ms
2026-09-23 13:07:05.801 INFO  [farmer-service,3529352c91c04713,63a9489f] [http-nio-8080-exec-2] com.example.farmer.FarmerSyncScheduler - Sync batch 8476 queued, 38 pending records
2026-09-23 13:07:35.038 INFO  [farmer-service,73af21718d38959a,a5b865ad] [http-nio-8080-exec-9] com.example.common.AuditPublisher - Published 4 audit events to nightshift.audit
2026-09-23 13:07:38.064 INFO  [farmer-service,8ca05330f6d6e2fe,72e704c1] [farmer-sync-9] com.example.farmer.FarmerController - GET /api/v1/farmers?page=2 200 in 33ms
2026-09-23 13:08:07.420 DEBUG [farmer-service,3243e1a3844c2cea,d8c9e428] [http-nio-8080-exec-4] com.example.farmer.FarmerRepository - select f.* from farmer f where f.region_id = 28
2026-09-23 13:09:48.882 INFO  [farmer-service,7a5b7df5b722c86d,44c25821] [http-nio-8080-exec-3] com.example.farmer.FarmerController - GET /api/v1/farmers?page=24 200 in 95ms
2026-09-23 13:10:01.802 DEBUG [farmer-service,a4386edd34903497,aee5325f] [farmer-sync-6] com.example.farmer.FarmerRepository - select f.* from farmer f where f.region_id = 1
2026-09-23 13:11:44.119 INFO  [farmer-service,fe63879804ecfbcd,25e0841e] [http-nio-8080-exec-1] com.example.farmer.CardRenderJob - Rendered 66 cards in 1179ms
2026-09-23 13:11:58.935 INFO  [farmer-service,fa7831ee3f953b86,c6227efb] [http-nio-8080-exec-3] com.example.farmer.CardRenderJob - Rendered 72 cards in 758ms
2026-09-23 13:12:28.684 INFO  [farmer-service,ccf0553625767d51,f3238a84] [http-nio-8080-exec-4] com.example.farmer.FarmerController - GET /api/v1/farmers?page=39 200 in 45ms
2026-09-23 13:12:33.689 INFO  [farmer-service,1e636c2ffd2ce411,04491adb] [farmer-sync-2] com.example.farmer.FarmerSyncScheduler - Sync batch 8993 queued, 359 pending records
2026-09-23 13:12:40.524 WARN  [farmer-service,fe3ef78e9f71425b,4cb9854a] [farmer-sync-1] com.example.farmer.FarmerController - Request from 192.0.2.106 missing X-Request-Id header, generated one
2026-09-23 13:13:27.019 WARN  [farmer-service,349aed84735b2325,30062de5] [farmer-sync-9] com.example.farmer.FarmerController - Request from 192.0.2.16 missing X-Request-Id header, generated one
2026-09-23 13:13:33.388 WARN  [farmer-service,af8f28b676e8799b,99362e2c] [http-nio-8080-exec-7] com.example.farmer.FarmerController - Request from 192.0.2.137 missing X-Request-Id header, generated one
2026-09-23 13:13:43.303 INFO  [farmer-service,fdcaa5e03868889e,b883fe0a] [http-nio-8080-exec-8] com.example.farmer.CardRenderJob - Rendered 13 cards in 254ms
2026-09-23 13:16:03.114 INFO  [farmer-service,52fef806b8b3b26d,fb8e53a6] [http-nio-8080-exec-6] com.example.common.AuditPublisher - Published 15 audit events to nightshift.audit
2026-09-23 13:16:19.452 INFO  [farmer-service,b0efbf6991483368,8de8fee6] [farmer-sync-5] com.example.farmer.FarmerSyncScheduler - Sync batch 8521 queued, 71 pending records
2026-09-23 13:17:07.592 WARN  [farmer-service,c9623c3cfaff1e38,4ca3c5db] [farmer-sync-3] com.example.farmer.FarmerController - Request from 192.0.2.83 missing X-Request-Id header, generated one
2026-09-23 13:17:19.309 WARN  [farmer-service,19aeb234982d1a88,9cffd352] [http-nio-8080-exec-7] com.example.farmer.FarmerController - Request from 192.0.2.123 missing X-Request-Id header, generated one
2026-09-23 13:19:31.689 WARN  [farmer-service,96c651ee5cd1197f,c7893192] [http-nio-8080-exec-1] com.example.farmer.FarmerController - Request from 192.0.2.206 missing X-Request-Id header, generated one
2026-09-23 13:20:16.505 INFO  [farmer-service,d7db7925c54b3c6b,6397c971] [http-nio-8080-exec-6] com.example.common.AuditPublisher - Published 3 audit events to nightshift.audit
2026-09-23 13:20:21.212 INFO  [farmer-service,b4216beee09587cb,142b36f4] [http-nio-8080-exec-7] com.example.common.AuditPublisher - Published 1 audit events to nightshift.audit
2026-09-23 13:20:39.997 INFO  [farmer-service,a63508fdb79bffc5,f56778a3] [http-nio-8080-exec-8] com.example.farmer.FarmerSyncScheduler - Sync batch 8873 queued, 344 pending records
2026-09-23 13:21:09.228 WARN  [farmer-service,ba1cd9c40c1f14e8,9a23faed] [http-nio-8080-exec-5] com.example.farmer.FarmerController - Request from 192.0.2.139 missing X-Request-Id header, generated one
2026-09-23 13:23:15.810 INFO  [farmer-service,f58175de718840cd,1d86944a] [http-nio-8080-exec-6] com.example.farmer.CardRenderJob - Rendered 44 cards in 1297ms
2026-09-23 13:24:04.150 INFO  [farmer-service,3c722e34ae080876,674afbc1] [farmer-sync-5] com.example.farmer.FarmerController - GET /api/v1/farmers?page=31 200 in 23ms
2026-09-23 13:25:11.291 DEBUG [farmer-service,4e396c20c6ce24fc,2450538b] [http-nio-8080-exec-3] com.example.farmer.FarmerRepository - select f.* from farmer f where f.region_id = 1
2026-09-23 13:25:30.876 ERROR [farmer-service,2be4c10e061fbaa7,ee315e2e] [farmer-sync-8] com.example.farmer.FarmerSyncService - Sync failed for batch 8868: could not acquire a database connection
java.sql.SQLTransientConnectionException: HikariPool-1 - Connection is not available, request timed out after 30001ms (total=10, active=10, idle=0, waiting=7)
	at com.zaxxer.hikari.pool.HikariPool.createTimeoutException(HikariPool.java:696)
	at com.zaxxer.hikari.pool.HikariPool.getConnection(HikariPool.java:181)
	at com.example.farmer.FarmerSyncService.pushPending(FarmerSyncService.java:36)
	at com.example.farmer.FarmerSyncScheduler.run(FarmerSyncScheduler.java:58)
2026-09-23 13:25:44.877 DEBUG [farmer-service,0bff4953929ced78,a3d5b8cd] [http-nio-8080-exec-7] com.example.farmer.FarmerRepository - select f.* from farmer f where f.region_id = 20
2026-09-23 13:26:02.828 INFO  [farmer-service,b30a2107c0046d70,30450d00] [farmer-sync-7] com.example.farmer.FarmerController - GET /api/v1/farmers?page=2 200 in 101ms
2026-09-23 13:28:26.796 INFO  [farmer-service,edd6c327ade0a849,7936d8fc] [http-nio-8080-exec-7] com.example.farmer.FarmerSyncScheduler - Sync batch 8855 queued, 258 pending records
2026-09-23 13:29:01.749 INFO  [farmer-service,01eb08207a80d5e8,ff7b0e1f] [farmer-sync-9] com.example.farmer.FarmerSyncScheduler - Sync batch 8162 queued, 186 pending records
2026-09-23 13:29:37.174 INFO  [farmer-service,a5010727cdc3548f,5cc36736] [http-nio-8080-exec-8] com.example.common.AuditPublisher - Published 22 audit events to nightshift.audit
2026-09-23 13:31:53.682 INFO  [farmer-service,1def2455368089dd,ae3ef2e8] [farmer-sync-5] com.example.farmer.CardRenderJob - Rendered 27 cards in 2089ms
2026-09-23 13:33:36.126 INFO  [farmer-service,dd55205a51e241ce,90e59cb4] [http-nio-8080-exec-7] com.example.farmer.CardRenderJob - Rendered 19 cards in 2348ms
2026-09-23 13:34:17.974 WARN  [farmer-service,7bfd97c11409a24d,e0093469] [http-nio-8080-exec-2] com.example.farmer.FarmerController - Request from 192.0.2.254 missing X-Request-Id header, generated one
2026-09-23 13:34:34.442 INFO  [farmer-service,f8b3645f66bf6c93,d39bd7f0] [farmer-sync-2] com.example.common.AuditPublisher - Published 29 audit events to nightshift.audit
2026-09-23 13:34:43.660 DEBUG [farmer-service,6df71a69880d6a28,16900e2f] [farmer-sync-5] com.example.farmer.FarmerRepository - select f.* from farmer f where f.region_id = 57
2026-09-23 13:35:27.139 INFO  [farmer-service,54939535af9b84f1,7032390b] [http-nio-8080-exec-5] com.example.farmer.CardRenderJob - Rendered 54 cards in 1678ms
2026-09-23 13:35:50.344 INFO  [farmer-service,1720ac5129f4a6a1,9cff8637] [farmer-sync-5] com.example.farmer.FarmerSyncScheduler - Sync batch 8817 queued, 23 pending records
2026-09-23 13:36:41.329 DEBUG [farmer-service,0eeb9d6b0bff5d0e,ce8dce6c] [farmer-sync-4] com.example.farmer.FarmerRepository - select f.* from farmer f where f.region_id = 21
2026-09-23 13:38:02.901 WARN  [farmer-service,0b0326c1b586ad90,c6ee628e] [farmer-sync-7] com.example.farmer.FarmerController - Request from 192.0.2.24 missing X-Request-Id header, generated one
2026-09-23 13:38:43.201 DEBUG [farmer-service,ee34335ad2d8fb5e,3aa77ed9] [http-nio-8080-exec-7] com.example.farmer.FarmerRepository - select f.* from farmer f where f.region_id = 39
2026-09-23 13:38:58.181 INFO  [farmer-service,754c037edb155332,5f15a58b] [farmer-sync-9] com.example.farmer.FarmerSyncScheduler - Sync batch 8831 queued, 244 pending records
2026-09-23 13:39:22.503 INFO  [farmer-service,356e8b9a82948930,e356782e] [http-nio-8080-exec-6] com.example.farmer.CardRenderJob - Rendered 12 cards in 803ms
2026-09-23 13:40:33.093 INFO  [farmer-service,e70c1cc24f0c4080,7ba675e0] [farmer-sync-1] com.example.farmer.CardRenderJob - Rendered 49 cards in 1546ms
2026-09-23 13:42:09.538 INFO  [farmer-service,109243d3d2b6fa89,d1fe5f10] [http-nio-8080-exec-9] com.example.farmer.CardRenderJob - Rendered 87 cards in 2137ms
2026-09-23 13:42:26.964 INFO  [farmer-service,acbe6dc701bbd03b,ed1a981b] [farmer-sync-6] com.example.common.AuditPublisher - Published 5 audit events to nightshift.audit
2026-09-23 13:42:46.031 INFO  [farmer-service,2210480e9f3f0622,1351f0b2] [http-nio-8080-exec-2] com.example.common.AuditPublisher - Published 4 audit events to nightshift.audit
2026-09-23 13:43:31.175 INFO  [farmer-service,4ffdc996002d1d88,7414688b] [farmer-sync-9] com.example.farmer.FarmerController - GET /api/v1/farmers?page=40 200 in 37ms
2026-09-23 13:43:41.388 WARN  [farmer-service,65b06bf26e7382bc,23fe9817] [http-nio-8080-exec-7] com.example.farmer.FarmerController - Request from 192.0.2.49 missing X-Request-Id header, generated one
2026-09-23 13:44:04.830 DEBUG [farmer-service,93ac1685ce50558f,de8a9480] [http-nio-8080-exec-9] com.example.farmer.FarmerRepository - select f.* from farmer f where f.region_id = 2
2026-09-23 13:44:22.296 INFO  [farmer-service,3684475211881165,c3b3ea56] [http-nio-8080-exec-9] com.example.farmer.FarmerController - GET /api/v1/farmers?page=32 200 in 26ms
2026-09-23 13:44:54.340 DEBUG [farmer-service,57817f64662f2df6,1d3cec4a] [farmer-sync-6] com.example.farmer.FarmerRepository - select f.* from farmer f where f.region_id = 25
2026-09-23 13:45:34.869 DEBUG [farmer-service,9a8d73a5fc1b9e3b,0ee0f48a] [http-nio-8080-exec-6] com.example.farmer.FarmerRepository - select f.* from farmer f where f.region_id = 14
2026-09-23 13:47:18.236 INFO  [farmer-service,4a97860b1e167b38,c1830aaa] [http-nio-8080-exec-1] com.example.farmer.FarmerSyncScheduler - Sync batch 8280 queued, 106 pending records
2026-09-23 13:47:37.595 WARN  [farmer-service,0f56e7093ec98408,0c5b21cd] [farmer-sync-4] com.example.farmer.FarmerController - Request from 192.0.2.111 missing X-Request-Id header, generated one
2026-09-23 13:48:12.883 DEBUG [farmer-service,87f81d8f7c6e4107,8adddaf1] [http-nio-8080-exec-1] com.example.farmer.FarmerRepository - select f.* from farmer f where f.region_id = 27
2026-09-23 13:48:44.739 ERROR [farmer-service,ac49c3dfc425f41d,ebc38796] [farmer-sync-1] com.example.farmer.CardRenderJob - Failed to render card label for farmer 57270
java.lang.NullPointerException: Cannot invoke "String.charAt(int)" because "middleName" is null
	at com.example.common.NameFormatter.initials(NameFormatter.java:22)
	at com.example.farmer.FarmerSyncService.cardLabel(FarmerSyncService.java:53)
	at com.example.farmer.CardRenderJob.render(CardRenderJob.java:74)
	at java.base/java.util.concurrent.ThreadPoolExecutor.runWorker(ThreadPoolExecutor.java:1144)
	at java.base/java.lang.Thread.run(Thread.java:1583)
2026-09-23 13:48:54.305 WARN  [farmer-service,41a126e327d08340,9f077169] [http-nio-8080-exec-5] com.example.farmer.FarmerController - Request from 192.0.2.58 missing X-Request-Id header, generated one
2026-09-23 13:49:36.521 WARN  [farmer-service,eab0a5ceb2adb186,5a9992b0] [farmer-sync-8] com.example.farmer.FarmerController - Request from 192.0.2.43 missing X-Request-Id header, generated one
2026-09-23 13:50:03.618 DEBUG [farmer-service,e9a0cda0523fc0ea,0bbf7282] [http-nio-8080-exec-5] com.example.farmer.FarmerRepository - select f.* from farmer f where f.region_id = 33
2026-09-23 13:51:59.261 DEBUG [farmer-service,3f9ac04a753134d6,5ebd28a6] [farmer-sync-1] com.example.farmer.FarmerRepository - select f.* from farmer f where f.region_id = 32
2026-09-23 13:53:25.547 DEBUG [farmer-service,0dca185474accc52,c8fa1888] [http-nio-8080-exec-6] com.example.farmer.FarmerRepository - select f.* from farmer f where f.region_id = 52
2026-09-23 13:53:32.807 INFO  [farmer-service,ab30e4060aa83fdc,569bd873] [farmer-sync-6] com.example.common.AuditPublisher - Published 2 audit events to nightshift.audit
2026-09-23 13:54:20.399 INFO  [farmer-service,4297532987b14177,7aa51ea1] [http-nio-8080-exec-3] com.example.farmer.FarmerController - GET /api/v1/farmers?page=36 200 in 138ms
2026-09-23 13:55:34.059 INFO  [farmer-service,60db3f38ca01ad88,25355276] [http-nio-8080-exec-5] com.example.farmer.FarmerSyncScheduler - Sync batch 8037 queued, 133 pending records
2026-09-23 13:56:38.553 INFO  [farmer-service,50fee3d29192d138,1b6bd908] [farmer-sync-2] com.example.farmer.FarmerSyncScheduler - Sync batch 8297 queued, 334 pending records
2026-09-23 13:57:01.342 DEBUG [farmer-service,dc51807c5e8cc0e9,c058b1c8] [farmer-sync-8] com.example.farmer.FarmerRepository - select f.* from farmer f where f.region_id = 58
2026-09-23 13:58:41.774 INFO  [farmer-service,6d599d401cae04fb,de694a0b] [farmer-sync-1] com.example.farmer.FarmerController - GET /api/v1/farmers?page=27 200 in 124ms
2026-09-23 14:00:27.114 DEBUG [farmer-service,860c01bfcfd606bf,926e53ca] [farmer-sync-9] com.example.farmer.FarmerRepository - select f.* from farmer f where f.region_id = 41
2026-09-23 14:00:35.210 INFO  [farmer-service,3179b69d37cc83e8,dd861311] [http-nio-8080-exec-3] com.example.farmer.FarmerController - GET /api/v1/farmers?page=27 200 in 67ms
2026-09-23 14:00:48.814 WARN  [farmer-service,7e1694d784bc3472,b889e91e] [http-nio-8080-exec-2] com.example.farmer.FarmerController - Request from 192.0.2.116 missing X-Request-Id header, generated one
2026-09-23 14:01:00.624 INFO  [farmer-service,0d031f3a4546cce7,cf75fe3e] [http-nio-8080-exec-5] com.example.farmer.FarmerSyncScheduler - Sync batch 8939 queued, 351 pending records
2026-09-23 14:01:13.591 DEBUG [farmer-service,18a7522bb721eb0e,504129c2] [farmer-sync-9] com.example.farmer.FarmerRepository - select f.* from farmer f where f.region_id = 41
2026-09-23 14:01:13.712 INFO  [farmer-service,1fb7ca799eef9331,2952afaf] [farmer-sync-1] com.example.common.AuditPublisher - Published 3 audit events to nightshift.audit
2026-09-23 14:01:43.523 INFO  [farmer-service,db4ed100adeafbf3,0917a14c] [farmer-sync-3] com.example.farmer.FarmerSyncScheduler - Sync batch 8489 queued, 179 pending records
2026-09-23 14:02:59.953 INFO  [farmer-service,14f0e69d925e89d1,fdab4d7f] [farmer-sync-9] com.example.farmer.CardRenderJob - Rendered 50 cards in 1403ms
2026-09-23 14:03:20.267 INFO  [farmer-service,11d74fcf5635e94b,62584fdd] [http-nio-8080-exec-2] com.example.common.AuditPublisher - Published 1 audit events to nightshift.audit
2026-09-23 14:03:22.677 DEBUG [farmer-service,cb3ca4fc3429a5c3,f0f094af] [farmer-sync-7] com.example.farmer.FarmerRepository - select f.* from farmer f where f.region_id = 58
2026-09-23 14:03:35.353 DEBUG [farmer-service,b15aeab7c673170e,29780088] [http-nio-8080-exec-2] com.example.farmer.FarmerRepository - select f.* from farmer f where f.region_id = 17
2026-09-23 14:04:30.294 WARN  [farmer-service,c245017d18fe4e35,c5529325] [http-nio-8080-exec-9] com.example.farmer.FarmerController - Request from 192.0.2.129 missing X-Request-Id header, generated one
2026-09-23 14:04:47.989 INFO  [farmer-service,dc0c3798ee2464ad,3f6458d9] [farmer-sync-1] com.example.common.AuditPublisher - Published 28 audit events to nightshift.audit
2026-09-23 14:06:05.843 DEBUG [farmer-service,b4b71fa104aaa13c,39c4b4da] [farmer-sync-2] com.example.farmer.FarmerRepository - select f.* from farmer f where f.region_id = 3
2026-09-23 14:06:14.963 INFO  [farmer-service,648038722a075bf0,4a2f0c72] [http-nio-8080-exec-2] com.example.farmer.FarmerSyncScheduler - Sync batch 8953 queued, 388 pending records
2026-09-23 14:09:18.097 INFO  [farmer-service,0a55ac8d82f8e3b8,3e24d477] [http-nio-8080-exec-2] com.example.farmer.FarmerSyncScheduler - Sync batch 8869 queued, 305 pending records
2026-09-23 14:12:03.042 INFO  [farmer-service,446da48eef2de344,03e53d36] [http-nio-8080-exec-4] com.example.common.AuditPublisher - Published 24 audit events to nightshift.audit
2026-09-23 14:12:44.928 DEBUG [farmer-service,81b63a86b154821d,60aa6547] [farmer-sync-4] com.example.farmer.FarmerRepository - select f.* from farmer f where f.region_id = 41
2026-09-23 14:13:34.439 INFO  [farmer-service,0abb8a9834970f94,959286c0] [http-nio-8080-exec-4] com.example.farmer.CardRenderJob - Rendered 38 cards in 2012ms
2026-09-23 14:13:49.003 INFO  [farmer-service,f127aca02e6c72f3,c904c9eb] [http-nio-8080-exec-7] com.example.common.AuditPublisher - Published 15 audit events to nightshift.audit
2026-09-23 14:14:35.419 DEBUG [farmer-service,935a1f7803a1b2b1,15b2dc57] [farmer-sync-7] com.example.farmer.FarmerRepository - select f.* from farmer f where f.region_id = 21
2026-09-23 14:14:43.203 INFO  [farmer-service,2719be11fda45a9b,b94fd2fc] [http-nio-8080-exec-4] com.example.farmer.CardRenderJob - Rendered 22 cards in 2063ms
2026-09-23 14:14:49.941 DEBUG [farmer-service,6cc31390f10da514,0a043ff6] [http-nio-8080-exec-5] com.example.farmer.FarmerRepository - select f.* from farmer f where f.region_id = 54
2026-09-23 14:14:54.873 INFO  [farmer-service,8f24c45078875621,ee17c72b] [http-nio-8080-exec-4] com.example.farmer.FarmerSyncScheduler - Sync batch 8596 queued, 345 pending records
2026-09-23 14:15:02.782 DEBUG [farmer-service,564d91a8db757847,9e5b52cf] [farmer-sync-8] com.example.farmer.FarmerRepository - select f.* from farmer f where f.region_id = 32
2026-09-23 14:15:09.295 WARN  [farmer-service,578772bd2a45c118,7c485cbb] [http-nio-8080-exec-8] com.example.farmer.FarmerController - Request from 192.0.2.93 missing X-Request-Id header, generated one
2026-09-23 14:15:13.378 INFO  [farmer-service,a4a8d716fc8eb2c4,7d684970] [farmer-sync-7] com.example.farmer.FarmerSyncScheduler - Sync batch 8401 queued, 354 pending records
2026-09-23 14:15:19.250 INFO  [farmer-service,38310fc194f0f803,f0744906] [http-nio-8080-exec-8] com.example.common.AuditPublisher - Published 2 audit events to nightshift.audit
2026-09-23 14:15:30.749 INFO  [farmer-service,b8132071273f8887,6cde225f] [http-nio-8080-exec-7] com.example.farmer.FarmerSyncScheduler - Sync batch 8478 queued, 220 pending records
2026-09-23 14:15:32.693 DEBUG [farmer-service,ec9328c2daa8bb67,01fb911b] [farmer-sync-1] com.example.farmer.FarmerRepository - select f.* from farmer f where f.region_id = 44
2026-09-23 14:15:46.854 DEBUG [farmer-service,dc9b72f61dba74da,824bba32] [farmer-sync-8] com.example.farmer.FarmerRepository - select f.* from farmer f where f.region_id = 36
2026-09-23 14:16:10.754 INFO  [farmer-service,994d103316604961,d9caa03e] [http-nio-8080-exec-4] com.example.farmer.CardRenderJob - Rendered 25 cards in 874ms
2026-09-23 14:17:59.262 WARN  [farmer-service,41646f590ac6e131,5a86d167] [http-nio-8080-exec-4] com.example.farmer.FarmerProfileService - Concurrent update on farmer 5840, retry 2 of 3
com.example.farmer.FarmerProfileService$OptimisticLockException: Row was updated by another transaction (farmer id=1716)
	at com.example.farmer.FarmerProfileService.rename(FarmerProfileService.java:27)
	at com.example.farmer.FarmerController.rename(FarmerController.java:96)
2026-09-23 14:18:13.617 INFO  [farmer-service,46f50568d705e618,32fe03ea] [http-nio-8080-exec-6] com.example.farmer.FarmerSyncScheduler - Sync batch 8932 queued, 283 pending records
2026-09-23 14:18:34.246 INFO  [farmer-service,4bf6174a30c26808,341af139] [farmer-sync-5] com.example.farmer.CardRenderJob - Rendered 39 cards in 819ms
2026-09-23 14:19:32.783 INFO  [farmer-service,f8a5ded4596890fc,ea71b38d] [http-nio-8080-exec-9] com.example.farmer.CardRenderJob - Rendered 62 cards in 789ms
2026-09-23 14:20:38.207 INFO  [farmer-service,22e3c6fdb25a0882,c3b1e179] [farmer-sync-5] com.example.farmer.FarmerSyncScheduler - Sync batch 8154 queued, 263 pending records
2026-09-23 14:20:41.009 INFO  [farmer-service,747d2c6d251a8ea4,26ad1af0] [http-nio-8080-exec-7] com.example.common.AuditPublisher - Published 22 audit events to nightshift.audit
2026-09-23 14:21:00.571 ERROR [farmer-service,c82382bafd119d22,f4f90625] [farmer-sync-7] com.example.farmer.FarmerSyncService - Sync failed for batch 8963: could not acquire a database connection
java.sql.SQLTransientConnectionException: HikariPool-1 - Connection is not available, request timed out after 30001ms (total=10, active=10, idle=0, waiting=7)
	at com.zaxxer.hikari.pool.HikariPool.createTimeoutException(HikariPool.java:696)
	at com.zaxxer.hikari.pool.HikariPool.getConnection(HikariPool.java:181)
	at com.example.farmer.FarmerSyncService.pushPending(FarmerSyncService.java:36)
	at com.example.farmer.FarmerSyncScheduler.run(FarmerSyncScheduler.java:58)
2026-09-23 14:22:45.418 INFO  [farmer-service,7e058d4571d60bdb,fd56ada1] [http-nio-8080-exec-3] com.example.farmer.FarmerController - GET /api/v1/farmers?page=19 200 in 68ms
2026-09-23 14:23:01.953 INFO  [farmer-service,17b32379209d2315,c55c9bfc] [farmer-sync-9] com.example.farmer.FarmerSyncScheduler - Sync batch 8626 queued, 350 pending records
2026-09-23 14:23:36.406 DEBUG [farmer-service,8b8067a283f41599,c0eaf0ee] [farmer-sync-7] com.example.farmer.FarmerRepository - select f.* from farmer f where f.region_id = 20
2026-09-23 14:23:58.452 INFO  [farmer-service,d3fa64501b552c38,2e74e594] [farmer-sync-1] com.example.farmer.FarmerController - GET /api/v1/farmers?page=14 200 in 112ms
2026-09-23 14:24:28.566 INFO  [farmer-service,f0fa80a7b4778087,e9e48921] [http-nio-8080-exec-8] com.example.farmer.FarmerSyncScheduler - Sync batch 8925 queued, 157 pending records
2026-09-23 14:25:11.339 WARN  [farmer-service,be4b9f2283ad8f36,04c31797] [farmer-sync-2] com.example.farmer.FarmerController - Request from 192.0.2.24 missing X-Request-Id header, generated one
2026-09-23 14:25:43.184 WARN  [farmer-service,234a70974878fb0d,afe41f0b] [http-nio-8080-exec-8] com.example.farmer.FarmerController - Request from 192.0.2.51 missing X-Request-Id header, generated one
2026-09-23 14:26:18.342 INFO  [farmer-service,d4ffb12eb929abe0,a230013e] [farmer-sync-9] com.example.farmer.FarmerController - GET /api/v1/farmers?page=20 200 in 19ms
2026-09-23 14:30:11.319 INFO  [farmer-service,6bd9d2aab60fea4a,744a6696] [farmer-sync-6] com.example.farmer.FarmerSyncScheduler - Sync batch 8232 queued, 43 pending records
2026-09-23 14:30:26.833 INFO  [farmer-service,6b540936115e781b,7a67257d] [farmer-sync-8] com.example.farmer.FarmerController - GET /api/v1/farmers?page=26 200 in 29ms
2026-09-23 14:31:11.337 WARN  [farmer-service,fbfdb8cb2c3599bd,a4e40efb] [farmer-sync-2] com.example.farmer.FarmerController - Request from 192.0.2.173 missing X-Request-Id header, generated one
2026-09-23 14:31:13.541 DEBUG [farmer-service,f715244e4c301f87,d3c18ebe] [http-nio-8080-exec-7] com.example.farmer.FarmerRepository - select f.* from farmer f where f.region_id = 43
2026-09-23 14:31:34.060 WARN  [farmer-service,13b7717d4ad692fc,cd92c37b] [farmer-sync-3] com.example.farmer.FarmerController - Request from 192.0.2.2 missing X-Request-Id header, generated one
2026-09-23 14:32:08.179 INFO  [farmer-service,a75c5c3db6b2a953,c95ecee3] [farmer-sync-2] com.example.farmer.CardRenderJob - Rendered 15 cards in 535ms
2026-09-23 14:32:52.995 INFO  [farmer-service,1eacd149f3ef8204,4e3f972f] [http-nio-8080-exec-7] com.example.farmer.CardRenderJob - Rendered 79 cards in 2281ms
2026-09-23 14:34:43.202 WARN  [farmer-service,232d4ba66ff00b3a,a8329f7a] [farmer-sync-7] com.example.farmer.FarmerController - Request from 192.0.2.54 missing X-Request-Id header, generated one
2026-09-23 14:34:59.913 INFO  [farmer-service,3ff35d9f7902fe72,6242eeed] [http-nio-8080-exec-8] com.example.common.AuditPublisher - Published 22 audit events to nightshift.audit
2026-09-23 14:35:57.354 ERROR [farmer-service,25defe46e720f636,fc0c397e] [farmer-sync-9] com.example.farmer.FarmerSyncService - Sync failed for batch 8527: could not acquire a database connection
java.sql.SQLTransientConnectionException: HikariPool-1 - Connection is not available, request timed out after 30001ms (total=10, active=10, idle=0, waiting=7)
	at com.zaxxer.hikari.pool.HikariPool.createTimeoutException(HikariPool.java:696)
	at com.zaxxer.hikari.pool.HikariPool.getConnection(HikariPool.java:181)
	at com.example.farmer.FarmerSyncService.pushPending(FarmerSyncService.java:36)
	at com.example.farmer.FarmerSyncScheduler.run(FarmerSyncScheduler.java:58)
2026-09-23 14:36:35.577 WARN  [farmer-service,9b869acb058019b8,5b01d83f] [farmer-sync-4] com.example.farmer.FarmerController - Request from 192.0.2.89 missing X-Request-Id header, generated one
2026-09-23 14:37:11.970 INFO  [farmer-service,b9c405cf2ad13314,7ec640dc] [farmer-sync-2] com.example.farmer.FarmerSyncScheduler - Sync batch 8459 queued, 385 pending records
2026-09-23 14:38:56.036 DEBUG [farmer-service,94952f838cb355be,96897b3c] [http-nio-8080-exec-2] com.example.farmer.FarmerRepository - select f.* from farmer f where f.region_id = 38
2026-09-23 14:40:00.939 INFO  [farmer-service,64e550a0dfdef5b1,8bc63715] [farmer-sync-7] com.example.farmer.FarmerSyncScheduler - Sync batch 8890 queued, 283 pending records
2026-09-23 14:40:30.008 WARN  [farmer-service,ade87fbf1941fc96,28956cc7] [farmer-sync-4] com.example.farmer.FarmerController - Request from 192.0.2.195 missing X-Request-Id header, generated one
2026-09-23 14:40:56.604 INFO  [farmer-service,d4b658d905568756,6d4e2c2f] [farmer-sync-6] com.example.common.AuditPublisher - Published 4 audit events to nightshift.audit
2026-09-23 14:41:19.300 ERROR [farmer-service,24d168c197f94f02,4db039b5] [http-nio-8080-exec-7] com.example.farmer.FarmerSyncService - Sync failed for batch 8081: could not acquire a database connection
java.sql.SQLTransientConnectionException: HikariPool-1 - Connection is not available, request timed out after 30001ms (total=10, active=10, idle=0, waiting=7)
	at com.zaxxer.hikari.pool.HikariPool.createTimeoutException(HikariPool.java:696)
	at com.zaxxer.hikari.pool.HikariPool.getConnection(HikariPool.java:181)
	at com.example.farmer.FarmerSyncService.pushPending(FarmerSyncService.java:36)
	at com.example.farmer.FarmerSyncScheduler.run(FarmerSyncScheduler.java:58)
2026-09-23 14:41:48.690 DEBUG [farmer-service,cfd682d64953d904,ad4ce5f2] [http-nio-8080-exec-3] com.example.farmer.FarmerRepository - select f.* from farmer f where f.region_id = 14
2026-09-23 14:42:02.595 DEBUG [farmer-service,8a5ba4ad821830f3,bc50eb84] [http-nio-8080-exec-7] com.example.farmer.FarmerRepository - select f.* from farmer f where f.region_id = 19
2026-09-23 14:44:34.758 WARN  [farmer-service,d91dbf1f097b0d95,8f06d5ac] [farmer-sync-4] com.example.farmer.FarmerController - Request from 192.0.2.184 missing X-Request-Id header, generated one
2026-09-23 14:46:42.063 INFO  [farmer-service,e9d71fb51eb62fdf,f9d47844] [farmer-sync-7] com.example.farmer.FarmerSyncScheduler - Sync batch 8737 queued, 239 pending records
2026-09-23 14:47:16.670 WARN  [farmer-service,83b793e90875ff51,53910aaf] [http-nio-8080-exec-5] com.example.farmer.FarmerController - Request from 192.0.2.113 missing X-Request-Id header, generated one
2026-09-23 14:47:42.996 ERROR [farmer-service,ecb9508ef788db22,f52c3a77] [farmer-sync-8] com.example.farmer.FarmerSyncService - Sync failed for batch 8735: could not acquire a database connection
java.sql.SQLTransientConnectionException: HikariPool-1 - Connection is not available, request timed out after 30001ms (total=10, active=10, idle=0, waiting=7)
	at com.zaxxer.hikari.pool.HikariPool.createTimeoutException(HikariPool.java:696)
	at com.zaxxer.hikari.pool.HikariPool.getConnection(HikariPool.java:181)
	at com.example.farmer.FarmerSyncService.pushPending(FarmerSyncService.java:36)
	at com.example.farmer.FarmerSyncScheduler.run(FarmerSyncScheduler.java:58)
2026-09-23 14:48:27.526 INFO  [farmer-service,eb5e29b6cc47344b,b9284a06] [http-nio-8080-exec-3] com.example.farmer.FarmerSyncScheduler - Sync batch 8582 queued, 22 pending records
2026-09-23 14:49:58.883 WARN  [farmer-service,02915fba9921ccb5,47ef8000] [farmer-sync-5] com.example.farmer.FarmerController - Request from 192.0.2.132 missing X-Request-Id header, generated one
2026-09-23 14:51:01.979 INFO  [farmer-service,074841e5e8ec679d,315f28a2] [http-nio-8080-exec-3] com.example.common.AuditPublisher - Published 8 audit events to nightshift.audit
2026-09-23 14:52:00.802 WARN  [farmer-service,f8bb4411c4973d6f,368a75bc] [farmer-sync-8] com.example.farmer.FarmerController - Request from 192.0.2.6 missing X-Request-Id header, generated one
2026-09-23 14:53:00.041 WARN  [farmer-service,eb0af05ee59a5551,6ba7f02a] [farmer-sync-4] com.example.farmer.FarmerController - Request from 192.0.2.59 missing X-Request-Id header, generated one
2026-09-23 14:54:42.961 INFO  [farmer-service,67d88750ef2afd0d,3968ef8e] [farmer-sync-1] com.example.farmer.FarmerController - GET /api/v1/farmers?page=5 200 in 77ms
2026-09-23 14:56:09.552 WARN  [farmer-service,804daf3e887fb1e0,4ed5733f] [farmer-sync-9] com.example.farmer.FarmerController - Request from 192.0.2.160 missing X-Request-Id header, generated one
2026-09-23 14:56:36.399 INFO  [farmer-service,e9682cabd36bc2d2,34ddea6c] [farmer-sync-6] com.example.farmer.CardRenderJob - Rendered 58 cards in 1290ms
2026-09-23 14:57:11.683 INFO  [farmer-service,f4e0d64f9a4789f9,976d14f0] [http-nio-8080-exec-1] com.example.farmer.FarmerController - GET /api/v1/farmers?page=25 200 in 124ms
2026-09-23 14:57:11.839 WARN  [farmer-service,8d25fbce047afafb,9c794429] [http-nio-8080-exec-1] com.example.farmer.FarmerController - Request from 192.0.2.68 missing X-Request-Id header, generated one
2026-09-23 14:57:19.444 INFO  [farmer-service,7a0f05453f8e5f83,d0e47c18] [http-nio-8080-exec-7] com.example.common.AuditPublisher - Published 24 audit events to nightshift.audit
2026-09-23 14:57:32.253 INFO  [farmer-service,c2f4e007b7358124,7fcd64f8] [http-nio-8080-exec-6] com.example.common.AuditPublisher - Published 12 audit events to nightshift.audit
2026-09-23 14:57:49.636 INFO  [farmer-service,01f9f02680649205,17461810] [farmer-sync-5] com.example.farmer.FarmerSyncScheduler - Sync batch 8567 queued, 79 pending records
2026-09-23 14:58:11.062 INFO  [farmer-service,629161e7d40b74d3,a1142072] [http-nio-8080-exec-2] com.example.common.AuditPublisher - Published 22 audit events to nightshift.audit
2026-09-23 14:59:38.984 DEBUG [farmer-service,f18fe46cb7bed8d0,f251b1b7] [farmer-sync-1] com.example.farmer.FarmerRepository - select f.* from farmer f where f.region_id = 48
2026-09-23 15:00:36.468 WARN  [farmer-service,c8d2579924b18a38,2ae0de3b] [farmer-sync-8] com.example.farmer.FarmerController - Request from 192.0.2.211 missing X-Request-Id header, generated one
2026-09-23 15:01:04.712 ERROR [farmer-service,8d6ca1a3b08c0ed8,6aab28bb] [http-nio-8080-exec-9] com.example.farmer.FarmerSyncService - Sync failed for batch 8772: could not acquire a database connection
java.sql.SQLTransientConnectionException: HikariPool-1 - Connection is not available, request timed out after 30001ms (total=10, active=10, idle=0, waiting=7)
	at com.zaxxer.hikari.pool.HikariPool.createTimeoutException(HikariPool.java:696)
	at com.zaxxer.hikari.pool.HikariPool.getConnection(HikariPool.java:181)
	at com.example.farmer.FarmerSyncService.pushPending(FarmerSyncService.java:36)
	at com.example.farmer.FarmerSyncScheduler.run(FarmerSyncScheduler.java:58)
2026-09-23 15:02:14.395 INFO  [farmer-service,1df5462e39b74593,8b5b8612] [http-nio-8080-exec-1] com.example.farmer.FarmerController - GET /api/v1/farmers?page=8 200 in 88ms
2026-09-23 15:05:56.768 INFO  [farmer-service,48b97180a30132e5,a6ab51b5] [http-nio-8080-exec-9] com.example.farmer.CardRenderJob - Rendered 33 cards in 866ms
2026-09-23 15:06:53.511 INFO  [farmer-service,13ae8f47edefe63a,b63161e6] [farmer-sync-8] com.example.farmer.FarmerController - GET /api/v1/farmers?page=18 200 in 40ms
2026-09-23 15:08:25.834 WARN  [farmer-service,f52ada3840aa5b45,542e6cb9] [farmer-sync-7] com.example.farmer.FarmerController - Request from 192.0.2.132 missing X-Request-Id header, generated one
2026-09-23 15:08:37.772 INFO  [farmer-service,a0d40794afbf2221,9be74101] [http-nio-8080-exec-1] com.example.farmer.FarmerSyncScheduler - Sync batch 8893 queued, 399 pending records
2026-09-23 15:08:50.393 WARN  [farmer-service,9314f17806fd8012,dbf6747d] [http-nio-8080-exec-9] com.example.farmer.FarmerController - Request from 192.0.2.226 missing X-Request-Id header, generated one
2026-09-23 15:09:13.000 DEBUG [farmer-service,cd15654b02e5b59a,9992ec6e] [http-nio-8080-exec-8] com.example.farmer.FarmerRepository - select f.* from farmer f where f.region_id = 34
2026-09-23 15:10:43.038 INFO  [farmer-service,dafafbb4e04464e6,b6863fcd] [http-nio-8080-exec-4] com.example.farmer.FarmerSyncScheduler - Sync batch 8450 queued, 213 pending records
2026-09-23 15:11:37.847 INFO  [farmer-service,3b6aaaecbd3d0f52,30ec8ef1] [http-nio-8080-exec-1] com.example.farmer.CardRenderJob - Rendered 87 cards in 2162ms
2026-09-23 15:12:44.648 WARN  [farmer-service,63a6453be1b4e01e,c26654a6] [farmer-sync-6] com.example.farmer.FarmerController - Request from 192.0.2.112 missing X-Request-Id header, generated one
2026-09-23 15:13:22.541 INFO  [farmer-service,5234d16094fd4557,7ab5634a] [farmer-sync-7] com.example.farmer.FarmerSyncScheduler - Sync batch 8959 queued, 35 pending records
2026-09-23 15:13:40.138 INFO  [farmer-service,4891cee98985a6a6,29cd5f45] [farmer-sync-7] com.example.farmer.FarmerController - GET /api/v1/farmers?page=8 200 in 108ms
2026-09-23 15:14:57.106 INFO  [farmer-service,64b6e1126138507a,f5e9cbbb] [http-nio-8080-exec-8] com.example.farmer.FarmerSyncScheduler - Sync batch 8612 queued, 371 pending records
2026-09-23 15:16:57.084 INFO  [farmer-service,1ef97b19f482e523,6a7f4ce3] [http-nio-8080-exec-5] com.example.common.AuditPublisher - Published 14 audit events to nightshift.audit
2026-09-23 15:17:22.924 ERROR [farmer-service,66bc52d858da8a9c,41d05b21] [farmer-sync-8] com.example.farmer.FarmerSyncService - Sync failed for batch 8604: could not acquire a database connection
java.sql.SQLTransientConnectionException: HikariPool-1 - Connection is not available, request timed out after 30001ms (total=10, active=10, idle=0, waiting=7)
	at com.zaxxer.hikari.pool.HikariPool.createTimeoutException(HikariPool.java:696)
	at com.zaxxer.hikari.pool.HikariPool.getConnection(HikariPool.java:181)
	at com.example.farmer.FarmerSyncService.pushPending(FarmerSyncService.java:36)
	at com.example.farmer.FarmerSyncScheduler.run(FarmerSyncScheduler.java:58)
2026-09-23 15:17:50.625 INFO  [farmer-service,49876a592096d8d7,f6befbbc] [http-nio-8080-exec-3] com.example.farmer.CardRenderJob - Rendered 70 cards in 859ms
2026-09-23 15:18:01.990 WARN  [farmer-service,ae2af802fbfff17b,4b50d624] [http-nio-8080-exec-6] com.example.farmer.FarmerController - Request from 192.0.2.60 missing X-Request-Id header, generated one
2026-09-23 15:18:26.509 DEBUG [farmer-service,ca73c4b5849fba31,37a6caf0] [http-nio-8080-exec-6] com.example.farmer.FarmerRepository - select f.* from farmer f where f.region_id = 25
2026-09-23 15:22:03.595 INFO  [farmer-service,bab5b84667235f03,979536c6] [http-nio-8080-exec-1] com.example.farmer.FarmerController - GET /api/v1/farmers?page=30 200 in 48ms
2026-09-23 15:24:37.170 INFO  [farmer-service,1ad1600da8f0b645,22d7adec] [farmer-sync-8] com.example.farmer.FarmerController - GET /api/v1/farmers?page=24 200 in 54ms
2026-09-23 15:25:29.727 DEBUG [farmer-service,17765deba365cf80,8cf16410] [http-nio-8080-exec-8] com.example.farmer.FarmerRepository - select f.* from farmer f where f.region_id = 25
2026-09-23 15:25:46.383 INFO  [farmer-service,9cf86854986c52ed,d36f27fc] [http-nio-8080-exec-3] com.example.farmer.FarmerSyncScheduler - Sync batch 8138 queued, 397 pending records
2026-09-23 15:28:40.482 WARN  [farmer-service,a214efc47d7120b9,a40fc8df] [farmer-sync-9] com.example.farmer.FarmerController - Request from 192.0.2.50 missing X-Request-Id header, generated one
2026-09-23 15:30:17.504 WARN  [farmer-service,69ae81deca3d88cb,d021ff5d] [http-nio-8080-exec-6] com.example.farmer.FarmerController - Request from 192.0.2.252 missing X-Request-Id header, generated one
2026-09-23 15:31:11.635 WARN  [farmer-service,4f90038fbe2f0984,f8189097] [farmer-sync-3] com.example.farmer.FarmerController - Request from 192.0.2.79 missing X-Request-Id header, generated one
2026-09-23 15:31:59.682 INFO  [farmer-service,364aa6a901e0879d,360c89b0] [http-nio-8080-exec-8] com.example.common.AuditPublisher - Published 29 audit events to nightshift.audit
2026-09-23 15:32:05.620 INFO  [farmer-service,fab010f515cdf6c4,1360fc36] [http-nio-8080-exec-6] com.example.farmer.FarmerSyncScheduler - Sync batch 8594 queued, 86 pending records
2026-09-23 15:32:55.808 INFO  [farmer-service,c1e4d1c0fd3c4257,38078ef4] [farmer-sync-7] com.example.farmer.FarmerSyncScheduler - Sync batch 8127 queued, 393 pending records
2026-09-23 15:33:51.883 INFO  [farmer-service,150446654791ca19,e6c88b41] [http-nio-8080-exec-8] com.example.common.AuditPublisher - Published 19 audit events to nightshift.audit
2026-09-23 15:33:55.068 INFO  [farmer-service,18f2c44488b09cd8,3e1e4c56] [http-nio-8080-exec-3] com.example.farmer.FarmerController - GET /api/v1/farmers?page=19 200 in 129ms
2026-09-23 15:34:46.064 ERROR [farmer-service,0ea7c954e992c7be,00e6f534] [farmer-sync-7] com.example.farmer.FarmerSyncService - Sync failed for batch 8120: could not acquire a database connection
java.sql.SQLTransientConnectionException: HikariPool-1 - Connection is not available, request timed out after 30001ms (total=10, active=10, idle=0, waiting=7)
	at com.zaxxer.hikari.pool.HikariPool.createTimeoutException(HikariPool.java:696)
	at com.zaxxer.hikari.pool.HikariPool.getConnection(HikariPool.java:181)
	at com.example.farmer.FarmerSyncService.pushPending(FarmerSyncService.java:36)
	at com.example.farmer.FarmerSyncScheduler.run(FarmerSyncScheduler.java:58)
2026-09-23 15:35:11.261 INFO  [farmer-service,8a441489717659f5,37fe7d6e] [farmer-sync-5] com.example.common.AuditPublisher - Published 26 audit events to nightshift.audit
2026-09-23 15:35:44.133 DEBUG [farmer-service,92e1a527e66c9810,1150bf59] [farmer-sync-5] com.example.farmer.FarmerRepository - select f.* from farmer f where f.region_id = 34
2026-09-23 15:37:14.054 WARN  [farmer-service,9078cb15ed07c0b9,6432c700] [http-nio-8080-exec-4] com.example.farmer.FarmerController - Request from 192.0.2.27 missing X-Request-Id header, generated one
2026-09-23 15:41:26.863 DEBUG [farmer-service,ffebdca93183ccea,7fb1416f] [http-nio-8080-exec-5] com.example.farmer.FarmerRepository - select f.* from farmer f where f.region_id = 25
2026-09-23 15:42:08.173 DEBUG [farmer-service,a854e9656d0a7225,80e9ab52] [farmer-sync-5] com.example.farmer.FarmerRepository - select f.* from farmer f where f.region_id = 64
2026-09-23 15:42:33.594 WARN  [farmer-service,9973ff305a04b518,1fb116a1] [farmer-sync-1] com.example.farmer.FarmerController - Request from 192.0.2.90 missing X-Request-Id header, generated one
2026-09-23 15:43:49.631 INFO  [farmer-service,14db67fe25ac47e7,e716c03b] [http-nio-8080-exec-5] com.example.farmer.FarmerSyncScheduler - Sync batch 8501 queued, 338 pending records
2026-09-23 15:44:19.348 INFO  [farmer-service,36d872e5b709ec6e,2f3e9c5d] [farmer-sync-6] com.example.common.AuditPublisher - Published 28 audit events to nightshift.audit
2026-09-23 15:44:48.734 DEBUG [farmer-service,15c396361f3a1110,b58ec318] [http-nio-8080-exec-3] com.example.farmer.FarmerRepository - select f.* from farmer f where f.region_id = 27
2026-09-23 15:45:07.284 DEBUG [farmer-service,e8fa19eaf8b9af4a,406b3ae8] [http-nio-8080-exec-1] com.example.farmer.FarmerRepository - select f.* from farmer f where f.region_id = 1
2026-09-23 15:45:28.615 INFO  [farmer-service,04b1f800e82b38ef,b3e24ce3] [farmer-sync-1] com.example.farmer.FarmerController - GET /api/v1/farmers?page=13 200 in 15ms
2026-09-23 15:46:22.514 INFO  [farmer-service,b99d0a5042beb19a,864631c4] [http-nio-8080-exec-4] com.example.farmer.FarmerSyncScheduler - Sync batch 8457 queued, 42 pending records
2026-09-23 15:46:49.415 INFO  [farmer-service,7a601fa29b669791,5b2f5949] [farmer-sync-2] com.example.common.AuditPublisher - Published 27 audit events to nightshift.audit
2026-09-23 15:47:12.865 INFO  [farmer-service,2fc89a49c93a1a3e,6ae7b478] [http-nio-8080-exec-3] com.example.farmer.FarmerController - GET /api/v1/farmers?page=4 200 in 43ms
2026-09-23 15:47:34.851 INFO  [farmer-service,1d53e739ba0dc7cc,79930d0a] [farmer-sync-9] com.example.farmer.FarmerController - GET /api/v1/farmers?page=32 200 in 62ms
2026-09-23 15:48:10.054 WARN  [farmer-service,c89ea104e89c672c,a13981c2] [farmer-sync-1] com.example.farmer.FarmerController - Request from 192.0.2.250 missing X-Request-Id header, generated one
2026-09-23 15:50:20.305 INFO  [farmer-service,0ea57eba6e41b986,136514cf] [farmer-sync-3] com.example.common.AuditPublisher - Published 9 audit events to nightshift.audit
2026-09-23 15:51:23.149 INFO  [farmer-service,8e4f522defbd9814,edf8e9c2] [farmer-sync-9] com.example.farmer.CardRenderJob - Rendered 64 cards in 1416ms
2026-09-23 15:51:32.771 INFO  [farmer-service,9cf61051abaf395d,01414abb] [farmer-sync-2] com.example.farmer.FarmerSyncScheduler - Sync batch 8989 queued, 195 pending records
2026-09-23 15:52:40.963 DEBUG [farmer-service,b8fa4c837a4ff340,e966724b] [http-nio-8080-exec-4] com.example.farmer.FarmerRepository - select f.* from farmer f where f.region_id = 22
2026-09-23 15:53:28.184 INFO  [farmer-service,39360c2252491f19,828a5c15] [http-nio-8080-exec-1] com.example.farmer.CardRenderJob - Rendered 21 cards in 2324ms
2026-09-23 15:53:46.638 ERROR [farmer-service,1dd9f168eb0f1eb9,ff3f45cb] [http-nio-8080-exec-5] com.example.farmer.FarmerSyncService - Sync failed for batch 8445: could not acquire a database connection
java.sql.SQLTransientConnectionException: HikariPool-1 - Connection is not available, request timed out after 30001ms (total=10, active=10, idle=0, waiting=7)
	at com.zaxxer.hikari.pool.HikariPool.createTimeoutException(HikariPool.java:696)
	at com.zaxxer.hikari.pool.HikariPool.getConnection(HikariPool.java:181)
	at com.example.farmer.FarmerSyncService.pushPending(FarmerSyncService.java:36)
	at com.example.farmer.FarmerSyncScheduler.run(FarmerSyncScheduler.java:58)
2026-09-23 15:54:04.298 INFO  [farmer-service,9b04585b1dc70a21,883a02a3] [farmer-sync-4] com.example.common.AuditPublisher - Published 24 audit events to nightshift.audit
2026-09-23 15:54:31.458 INFO  [farmer-service,d2f749101dcee6fd,61450c0d] [http-nio-8080-exec-8] com.example.common.AuditPublisher - Published 23 audit events to nightshift.audit
2026-09-23 15:54:46.574 INFO  [farmer-service,02926d7dd00b8b75,4242d9f1] [http-nio-8080-exec-4] com.example.common.AuditPublisher - Published 23 audit events to nightshift.audit
2026-09-23 15:56:08.557 INFO  [farmer-service,b9d275c1d8f2c620,f44e4886] [http-nio-8080-exec-3] com.example.farmer.CardRenderJob - Rendered 5 cards in 1133ms
2026-09-23 15:57:37.019 WARN  [farmer-service,c0bfc8507deb9852,a6f21601] [http-nio-8080-exec-6] com.example.farmer.FarmerController - Request from 192.0.2.216 missing X-Request-Id header, generated one
2026-09-23 15:57:39.213 WARN  [farmer-service,3a72fcbbff7d747a,5bb2c173] [http-nio-8080-exec-2] com.example.farmer.FarmerController - Request from 192.0.2.25 missing X-Request-Id header, generated one
2026-09-23 15:59:58.496 INFO  [farmer-service,e96dd64421146b8c,497b191d] [farmer-sync-4] com.example.farmer.CardRenderJob - Rendered 73 cards in 837ms
2026-09-23 16:00:43.491 INFO  [farmer-service,b835a838cbb469da,658618e1] [farmer-sync-5] com.example.farmer.FarmerSyncScheduler - Sync batch 8482 queued, 186 pending records
2026-09-23 16:05:13.113 INFO  [farmer-service,9a58b2fe5f6cca54,35da3894] [farmer-sync-6] com.example.farmer.FarmerSyncScheduler - Sync batch 8604 queued, 286 pending records
2026-09-23 16:05:13.656 INFO  [farmer-service,dbccb0efc86e6ce5,3ca6b812] [farmer-sync-5] com.example.common.AuditPublisher - Published 8 audit events to nightshift.audit
2026-09-23 16:05:18.749 WARN  [farmer-service,db147b5f82c815ec,e3a94640] [farmer-sync-8] com.example.farmer.FarmerController - Request from 192.0.2.169 missing X-Request-Id header, generated one
2026-09-23 16:05:35.804 INFO  [farmer-service,4fdacf851ea6b855,428685c4] [http-nio-8080-exec-8] com.example.farmer.CardRenderJob - Rendered 47 cards in 2208ms
2026-09-23 16:05:49.211 INFO  [farmer-service,61d1cb3805c20547,12fb0a69] [http-nio-8080-exec-2] com.example.farmer.FarmerSyncScheduler - Sync batch 8411 queued, 80 pending records
2026-09-23 16:06:41.446 WARN  [farmer-service,a8404116ca2091a6,2ecde117] [farmer-sync-7] com.example.farmer.FarmerController - Request from 192.0.2.107 missing X-Request-Id header, generated one
2026-09-23 16:07:04.986 ERROR [farmer-service,65125b8db33a5b3c,e1b218ce] [farmer-sync-4] com.example.farmer.FarmerSyncService - Sync failed for batch 8121: could not acquire a database connection
java.sql.SQLTransientConnectionException: HikariPool-1 - Connection is not available, request timed out after 30001ms (total=10, active=10, idle=0, waiting=7)
	at com.zaxxer.hikari.pool.HikariPool.createTimeoutException(HikariPool.java:696)
	at com.zaxxer.hikari.pool.HikariPool.getConnection(HikariPool.java:181)
	at com.example.farmer.FarmerSyncService.pushPending(FarmerSyncService.java:36)
	at com.example.farmer.FarmerSyncScheduler.run(FarmerSyncScheduler.java:58)
2026-09-23 16:08:00.849 INFO  [farmer-service,e7f9d6e879459d2b,f8b262aa] [http-nio-8080-exec-3] com.example.common.AuditPublisher - Published 14 audit events to nightshift.audit
2026-09-23 16:09:06.476 ERROR [farmer-service,9552c4188a74c592,275c5450] [farmer-sync-5] com.example.farmer.FarmerSyncService - Sync failed for batch 8422: could not acquire a database connection
java.sql.SQLTransientConnectionException: HikariPool-1 - Connection is not available, request timed out after 30001ms (total=10, active=10, idle=0, waiting=7)
	at com.zaxxer.hikari.pool.HikariPool.createTimeoutException(HikariPool.java:696)
	at com.zaxxer.hikari.pool.HikariPool.getConnection(HikariPool.java:181)
	at com.example.farmer.FarmerSyncService.pushPending(FarmerSyncService.java:36)
	at com.example.farmer.FarmerSyncScheduler.run(FarmerSyncScheduler.java:58)
2026-09-23 16:09:35.081 INFO  [farmer-service,29f57bfbef00022f,6a7af0a4] [farmer-sync-1] com.example.farmer.FarmerSyncScheduler - Sync batch 8136 queued, 364 pending records
2026-09-23 16:09:35.095 INFO  [farmer-service,9d0873f3445ab6e2,f34b2c90] [farmer-sync-4] com.example.farmer.FarmerController - GET /api/v1/farmers?page=20 200 in 93ms
2026-09-23 16:09:38.429 INFO  [farmer-service,ad17a8b3a1550d47,b10945aa] [http-nio-8080-exec-4] com.example.farmer.FarmerController - GET /api/v1/farmers?page=29 200 in 81ms
2026-09-23 16:09:44.372 INFO  [farmer-service,ca85f8feac586e25,9eb85e37] [http-nio-8080-exec-5] com.example.farmer.FarmerSyncScheduler - Sync batch 8949 queued, 96 pending records
2026-09-23 16:11:54.993 WARN  [farmer-service,da369b6e407af9b6,f339d2f1] [farmer-sync-5] com.example.farmer.FarmerController - Request from 192.0.2.168 missing X-Request-Id header, generated one
2026-09-23 16:13:28.541 WARN  [farmer-service,42391693b884695c,2a655716] [http-nio-8080-exec-4] com.example.farmer.FarmerController - Request from 192.0.2.162 missing X-Request-Id header, generated one
2026-09-23 16:13:51.324 INFO  [farmer-service,9a133cfad970af94,0a5e72bc] [farmer-sync-3] com.example.farmer.FarmerController - GET /api/v1/farmers?page=4 200 in 102ms
2026-09-23 16:15:50.189 ERROR [farmer-service,fbd494a9db692aed,a36540d9] [farmer-sync-4] com.example.farmer.FarmerSyncService - Sync failed for batch 8639: could not acquire a database connection
java.sql.SQLTransientConnectionException: HikariPool-1 - Connection is not available, request timed out after 30001ms (total=10, active=10, idle=0, waiting=7)
	at com.zaxxer.hikari.pool.HikariPool.createTimeoutException(HikariPool.java:696)
	at com.zaxxer.hikari.pool.HikariPool.getConnection(HikariPool.java:181)
	at com.example.farmer.FarmerSyncService.pushPending(FarmerSyncService.java:36)
	at com.example.farmer.FarmerSyncScheduler.run(FarmerSyncScheduler.java:58)
2026-09-23 16:16:35.300 INFO  [farmer-service,d84350a58ed13371,7f1400b8] [http-nio-8080-exec-1] com.example.farmer.CardRenderJob - Rendered 5 cards in 1976ms
2026-09-23 16:17:23.522 INFO  [farmer-service,736b8059d900ccd9,7a2f753e] [http-nio-8080-exec-6] com.example.farmer.FarmerSyncScheduler - Sync batch 8877 queued, 67 pending records
2026-09-23 16:18:10.326 WARN  [farmer-service,f2a41ebbdec2edc4,1e35c770] [farmer-sync-9] com.example.farmer.FarmerController - Request from 192.0.2.194 missing X-Request-Id header, generated one
2026-09-23 16:18:21.085 WARN  [farmer-service,4c8085c68bfc2659,d5d4500d] [farmer-sync-6] com.example.farmer.FarmerProfileService - Concurrent update on farmer 7377, retry 1 of 3
com.example.farmer.FarmerProfileService$OptimisticLockException: Row was updated by another transaction (farmer id=5882)
	at com.example.farmer.FarmerProfileService.rename(FarmerProfileService.java:27)
	at com.example.farmer.FarmerController.rename(FarmerController.java:96)
2026-09-23 16:18:25.965 INFO  [farmer-service,5049c919b74b4f2e,e664230f] [http-nio-8080-exec-5] com.example.common.AuditPublisher - Published 4 audit events to nightshift.audit
2026-09-23 16:18:32.368 INFO  [farmer-service,e1217d5bf31a5362,3ff9f150] [farmer-sync-6] com.example.farmer.CardRenderJob - Rendered 76 cards in 2201ms
2026-09-23 16:19:06.411 INFO  [farmer-service,c4020834d88e3c88,a8d47c72] [http-nio-8080-exec-4] com.example.farmer.FarmerSyncScheduler - Sync batch 8411 queued, 358 pending records
2026-09-23 16:20:31.984 INFO  [farmer-service,955f0b87d999f436,2b34b2dc] [http-nio-8080-exec-8] com.example.farmer.CardRenderJob - Rendered 38 cards in 2298ms
2026-09-23 16:20:46.533 DEBUG [farmer-service,63f557b12aa4674c,84d01ddc] [http-nio-8080-exec-1] com.example.farmer.FarmerRepository - select f.* from farmer f where f.region_id = 54
2026-09-23 16:21:41.485 INFO  [farmer-service,7638ba02a6cda2ed,c5806997] [farmer-sync-2] com.example.common.AuditPublisher - Published 17 audit events to nightshift.audit
2026-09-23 16:24:47.651 INFO  [farmer-service,d20bb130654a85c5,f3b099da] [http-nio-8080-exec-5] com.example.farmer.CardRenderJob - Rendered 60 cards in 638ms
2026-09-23 16:25:28.559 DEBUG [farmer-service,7afe1521f1c222df,587e54d6] [farmer-sync-6] com.example.farmer.FarmerRepository - select f.* from farmer f where f.region_id = 13
2026-09-23 16:25:34.185 INFO  [farmer-service,4f8a7a825b7cc6c3,be18dda4] [farmer-sync-5] com.example.farmer.FarmerController - GET /api/v1/farmers?page=21 200 in 99ms
2026-09-23 16:25:41.126 WARN  [farmer-service,aa5ba11492450cb0,162f81d2] [farmer-sync-9] com.example.farmer.FarmerController - Request from 192.0.2.127 missing X-Request-Id header, generated one
2026-09-23 16:25:58.009 INFO  [farmer-service,dee963fcb51b0de8,77b6bb17] [farmer-sync-3] com.example.farmer.FarmerController - GET /api/v1/farmers?page=4 200 in 37ms
2026-09-23 16:26:04.621 INFO  [farmer-service,025fc792b6234f52,08bfa663] [http-nio-8080-exec-9] com.example.farmer.FarmerController - GET /api/v1/farmers?page=16 200 in 63ms
2026-09-23 16:27:04.739 INFO  [farmer-service,fec366d9816355cf,7d7d9f29] [http-nio-8080-exec-8] com.example.common.AuditPublisher - Published 4 audit events to nightshift.audit
2026-09-23 16:28:28.332 DEBUG [farmer-service,e7d0e2fc018d1e40,0702b67d] [farmer-sync-5] com.example.farmer.FarmerRepository - select f.* from farmer f where f.region_id = 47
2026-09-23 16:30:54.327 INFO  [farmer-service,839b9a026a371ee1,f0e8121a] [farmer-sync-3] com.example.farmer.CardRenderJob - Rendered 63 cards in 2297ms
2026-09-23 16:31:08.800 DEBUG [farmer-service,30ff5904a3758a00,9f3eb62c] [http-nio-8080-exec-2] com.example.farmer.FarmerRepository - select f.* from farmer f where f.region_id = 17
2026-09-23 16:33:33.592 INFO  [farmer-service,47cf9344eb8aa51a,f8bed72b] [http-nio-8080-exec-7] com.example.common.AuditPublisher - Published 26 audit events to nightshift.audit
2026-09-23 16:33:57.751 INFO  [farmer-service,3f7439befb023629,4d7e3384] [farmer-sync-5] com.example.common.AuditPublisher - Published 13 audit events to nightshift.audit
2026-09-23 16:34:38.575 INFO  [farmer-service,b27576c68f53a359,b3f5724e] [http-nio-8080-exec-7] com.example.farmer.FarmerController - GET /api/v1/farmers?page=1 200 in 33ms
2026-09-23 16:35:14.199 WARN  [farmer-service,68b43e14585fdaa9,42fef56b] [farmer-sync-5] org.springframework.boot.context.config.ConfigDataEnvironment - Property 'spring.datasource.initialization-mode' is deprecated and will be removed in a future release
2026-09-23 16:36:24.953 WARN  [farmer-service,74a8e48642fd3673,c52db183] [farmer-sync-4] com.example.farmer.FarmerController - Request from 192.0.2.193 missing X-Request-Id header, generated one
2026-09-23 16:36:53.581 ERROR [farmer-service,68a42db4ecde9043,fe827bc6] [http-nio-8080-exec-8] com.example.farmer.FarmerSyncService - Sync failed for batch 8472: could not acquire a database connection
java.sql.SQLTransientConnectionException: HikariPool-1 - Connection is not available, request timed out after 30001ms (total=10, active=10, idle=0, waiting=7)
	at com.zaxxer.hikari.pool.HikariPool.createTimeoutException(HikariPool.java:696)
	at com.zaxxer.hikari.pool.HikariPool.getConnection(HikariPool.java:181)
	at com.example.farmer.FarmerSyncService.pushPending(FarmerSyncService.java:36)
	at com.example.farmer.FarmerSyncScheduler.run(FarmerSyncScheduler.java:58)
2026-09-23 16:37:29.915 WARN  [farmer-service,2f8b618973003ee9,f4f6cbad] [farmer-sync-4] com.example.farmer.FarmerController - Request from 192.0.2.118 missing X-Request-Id header, generated one
2026-09-23 16:37:32.867 INFO  [farmer-service,ceee707bd7b49e7d,0517ed31] [http-nio-8080-exec-4] com.example.farmer.CardRenderJob - Rendered 10 cards in 1971ms
2026-09-23 16:38:11.393 INFO  [farmer-service,68f16bb3bee63723,7199d4b3] [http-nio-8080-exec-4] com.example.common.AuditPublisher - Published 8 audit events to nightshift.audit
2026-09-23 16:39:26.468 WARN  [farmer-service,98574919b73ea089,b9e795f9] [farmer-sync-4] com.example.farmer.FarmerProfileService - Concurrent update on farmer 2770, retry 2 of 3
com.example.farmer.FarmerProfileService$OptimisticLockException: Row was updated by another transaction (farmer id=5025)
	at com.example.farmer.FarmerProfileService.rename(FarmerProfileService.java:27)
	at com.example.farmer.FarmerController.rename(FarmerController.java:96)
2026-09-23 16:39:46.175 DEBUG [farmer-service,4e0015791fddead6,4989e9f1] [http-nio-8080-exec-2] com.example.farmer.FarmerRepository - select f.* from farmer f where f.region_id = 18
2026-09-23 16:41:37.955 INFO  [farmer-service,7d47df04bcc50193,6db36110] [farmer-sync-6] com.example.farmer.FarmerController - GET /api/v1/farmers?page=1 200 in 133ms
2026-09-23 16:42:09.162 ERROR [farmer-service,e50916cc655b3646,27bd4bc7] [farmer-sync-2] com.example.farmer.FarmerSyncService - Sync failed for batch 8563: could not acquire a database connection
java.sql.SQLTransientConnectionException: HikariPool-1 - Connection is not available, request timed out after 30001ms (total=10, active=10, idle=0, waiting=7)
	at com.zaxxer.hikari.pool.HikariPool.createTimeoutException(HikariPool.java:696)
	at com.zaxxer.hikari.pool.HikariPool.getConnection(HikariPool.java:181)
	at com.example.farmer.FarmerSyncService.pushPending(FarmerSyncService.java:36)
	at com.example.farmer.FarmerSyncScheduler.run(FarmerSyncScheduler.java:58)
2026-09-23 16:42:23.708 ERROR [farmer-service,6b6150357a4a6696,5d8628e9] [farmer-sync-1] com.example.farmer.FarmerSyncService - Sync failed for batch 8895: could not acquire a database connection
java.sql.SQLTransientConnectionException: HikariPool-1 - Connection is not available, request timed out after 30001ms (total=10, active=10, idle=0, waiting=7)
	at com.zaxxer.hikari.pool.HikariPool.createTimeoutException(HikariPool.java:696)
	at com.zaxxer.hikari.pool.HikariPool.getConnection(HikariPool.java:181)
	at com.example.farmer.FarmerSyncService.pushPending(FarmerSyncService.java:36)
	at com.example.farmer.FarmerSyncScheduler.run(FarmerSyncScheduler.java:58)
2026-09-23 16:43:06.933 WARN  [farmer-service,1c8835a6788ab424,168b7f12] [farmer-sync-8] com.example.farmer.FarmerController - Request from 192.0.2.164 missing X-Request-Id header, generated one
2026-09-23 16:44:03.127 WARN  [farmer-service,49fc5b1f1d7e253c,6d0ed0b2] [farmer-sync-6] com.example.farmer.FarmerController - Request from 192.0.2.204 missing X-Request-Id header, generated one
2026-09-23 16:44:38.249 INFO  [farmer-service,d0f169588b87f55f,7dd39eab] [farmer-sync-2] com.example.farmer.FarmerController - GET /api/v1/farmers?page=17 200 in 95ms
2026-09-23 16:44:43.506 INFO  [farmer-service,640cc61e44d3d71b,42ee817c] [http-nio-8080-exec-3] com.example.common.AuditPublisher - Published 27 audit events to nightshift.audit
2026-09-23 16:45:37.140 DEBUG [farmer-service,830bc179be96f71a,0c48f956] [farmer-sync-5] com.example.farmer.FarmerRepository - select f.* from farmer f where f.region_id = 36
2026-09-23 16:47:56.178 INFO  [farmer-service,6bec9028a7f73043,fb6bee7e] [http-nio-8080-exec-7] com.example.farmer.CardRenderJob - Rendered 50 cards in 234ms
2026-09-23 16:49:25.918 INFO  [farmer-service,2749183625230719,c5f1cfcd] [http-nio-8080-exec-5] com.example.farmer.CardRenderJob - Rendered 47 cards in 1975ms
2026-09-23 16:50:23.073 INFO  [farmer-service,df91eefc23939964,0fd7aa42] [http-nio-8080-exec-5] com.example.common.AuditPublisher - Published 11 audit events to nightshift.audit
2026-09-23 16:50:29.540 INFO  [farmer-service,b3acd69710a7e600,ce623cf9] [farmer-sync-3] com.example.farmer.CardRenderJob - Rendered 78 cards in 1626ms
2026-09-23 16:53:34.503 DEBUG [farmer-service,9042f6ab5ca18754,4fedab2d] [http-nio-8080-exec-3] com.example.farmer.FarmerRepository - select f.* from farmer f where f.region_id = 41
2026-09-23 16:53:43.028 DEBUG [farmer-service,a0a9c85c7b49f3d7,85822336] [http-nio-8080-exec-6] com.example.farmer.FarmerRepository - select f.* from farmer f where f.region_id = 23
2026-09-23 16:53:54.306 DEBUG [farmer-service,40bde530c85b687f,53d81de1] [farmer-sync-5] com.example.farmer.FarmerRepository - select f.* from farmer f where f.region_id = 41
2026-09-23 16:56:11.717 ERROR [farmer-service,b007b00247c9ba1e,fac63b52] [http-nio-8080-exec-4] com.example.farmer.FarmerSyncService - Sync failed for batch 8953: could not acquire a database connection
java.sql.SQLTransientConnectionException: HikariPool-1 - Connection is not available, request timed out after 30001ms (total=10, active=10, idle=0, waiting=7)
	at com.zaxxer.hikari.pool.HikariPool.createTimeoutException(HikariPool.java:696)
	at com.zaxxer.hikari.pool.HikariPool.getConnection(HikariPool.java:181)
	at com.example.farmer.FarmerSyncService.pushPending(FarmerSyncService.java:36)
	at com.example.farmer.FarmerSyncScheduler.run(FarmerSyncScheduler.java:58)
2026-09-23 16:56:34.708 DEBUG [farmer-service,e2b5c2835119617d,14effdf6] [http-nio-8080-exec-1] com.example.farmer.FarmerRepository - select f.* from farmer f where f.region_id = 61
2026-09-23 16:57:03.909 INFO  [farmer-service,be7a5fcf3e60b560,e2ebf81a] [farmer-sync-7] com.example.farmer.FarmerController - GET /api/v1/farmers?page=23 200 in 13ms
2026-09-23 16:59:12.401 INFO  [farmer-service,508e7386426d54b9,255d3b97] [http-nio-8080-exec-7] com.example.common.AuditPublisher - Published 4 audit events to nightshift.audit
2026-09-23 16:59:16.542 INFO  [farmer-service,22fe2039eb831fbd,26425078] [http-nio-8080-exec-1] com.example.farmer.CardRenderJob - Rendered 84 cards in 505ms
2026-09-23 17:00:18.489 INFO  [farmer-service,58baf8bb1c62ce72,3ccd6b8c] [http-nio-8080-exec-8] com.example.farmer.CardRenderJob - Rendered 41 cards in 1521ms
2026-09-23 17:00:58.904 INFO  [farmer-service,9c2fd536eddd4ecd,fbeedce8] [farmer-sync-7] com.example.common.AuditPublisher - Published 14 audit events to nightshift.audit
2026-09-23 17:03:46.499 DEBUG [farmer-service,8fcad555cd60f689,5fee84eb] [http-nio-8080-exec-2] com.example.farmer.FarmerRepository - select f.* from farmer f where f.region_id = 7
2026-09-23 17:03:54.386 INFO  [farmer-service,31fe83a2f9320fd5,86a0fe96] [farmer-sync-1] com.example.farmer.FarmerController - GET /api/v1/farmers?page=20 200 in 70ms
2026-09-23 17:04:28.430 INFO  [farmer-service,2aed655924dda5f9,b5fc7244] [farmer-sync-4] com.example.farmer.CardRenderJob - Rendered 76 cards in 2120ms
2026-09-23 17:04:40.583 INFO  [farmer-service,d167d71f8c5c251d,4aca4946] [farmer-sync-6] com.example.common.AuditPublisher - Published 22 audit events to nightshift.audit
2026-09-23 17:04:48.481 DEBUG [farmer-service,9b1227419c02fae2,c47d7799] [http-nio-8080-exec-3] com.example.farmer.FarmerRepository - select f.* from farmer f where f.region_id = 64
2026-09-23 17:05:39.206 INFO  [farmer-service,bd189da17308d32c,eb45514c] [farmer-sync-1] com.example.farmer.FarmerSyncScheduler - Sync batch 8450 queued, 185 pending records
2026-09-23 17:06:42.415 WARN  [farmer-service,af11ccad28e0825d,4905dedd] [farmer-sync-4] com.example.farmer.FarmerController - Request from 192.0.2.45 missing X-Request-Id header, generated one
2026-09-23 17:06:50.347 DEBUG [farmer-service,4a15557039ecb15a,a881a92a] [farmer-sync-7] com.example.farmer.FarmerRepository - select f.* from farmer f where f.region_id = 2
2026-09-23 17:07:04.492 INFO  [farmer-service,116f6071c01fc53a,4c0b9bb4] [farmer-sync-7] com.example.farmer.CardRenderJob - Rendered 90 cards in 638ms
2026-09-23 17:07:33.421 INFO  [farmer-service,67a0227df51b1d24,b5fb4ef7] [http-nio-8080-exec-2] com.example.farmer.FarmerSyncScheduler - Sync batch 8887 queued, 85 pending records
2026-09-23 17:08:11.977 INFO  [farmer-service,0d4f25d1ac94053e,eaf44cb3] [farmer-sync-7] com.example.farmer.CardRenderJob - Rendered 10 cards in 1877ms
2026-09-23 17:08:19.910 WARN  [farmer-service,c52ce1b18baea979,ea8e3548] [http-nio-8080-exec-4] com.example.farmer.FarmerController - Request from 192.0.2.104 missing X-Request-Id header, generated one
2026-09-23 17:08:24.781 INFO  [farmer-service,34670ca870dabb87,ce9b3175] [http-nio-8080-exec-5] com.example.farmer.FarmerSyncScheduler - Sync batch 8621 queued, 183 pending records
2026-09-23 17:08:53.480 ERROR [farmer-service,a6297e5f8dc3914d,4c28b2b8] [http-nio-8080-exec-9] com.example.farmer.FarmerSyncService - Sync failed for batch 8085: could not acquire a database connection
java.sql.SQLTransientConnectionException: HikariPool-1 - Connection is not available, request timed out after 30001ms (total=10, active=10, idle=0, waiting=7)
	at com.zaxxer.hikari.pool.HikariPool.createTimeoutException(HikariPool.java:696)
	at com.zaxxer.hikari.pool.HikariPool.getConnection(HikariPool.java:181)
	at com.example.farmer.FarmerSyncService.pushPending(FarmerSyncService.java:36)
	at com.example.farmer.FarmerSyncScheduler.run(FarmerSyncScheduler.java:58)
2026-09-23 17:09:32.621 INFO  [farmer-service,c6a8ac0c83389671,3946c901] [farmer-sync-5] com.example.common.AuditPublisher - Published 1 audit events to nightshift.audit
2026-09-23 17:09:41.372 ERROR [farmer-service,fa6877b5fcaa3bad,068a7f93] [http-nio-8080-exec-1] com.example.farmer.FarmerSyncService - Sync failed for batch 8853: could not acquire a database connection
java.sql.SQLTransientConnectionException: HikariPool-1 - Connection is not available, request timed out after 30001ms (total=10, active=10, idle=0, waiting=7)
	at com.zaxxer.hikari.pool.HikariPool.createTimeoutException(HikariPool.java:696)
	at com.zaxxer.hikari.pool.HikariPool.getConnection(HikariPool.java:181)
	at com.example.farmer.FarmerSyncService.pushPending(FarmerSyncService.java:36)
	at com.example.farmer.FarmerSyncScheduler.run(FarmerSyncScheduler.java:58)
2026-09-23 17:09:49.607 INFO  [farmer-service,e748f4cee0a6d4bc,9e6f8961] [http-nio-8080-exec-7] com.example.farmer.FarmerSyncScheduler - Sync batch 8535 queued, 95 pending records
2026-09-23 17:10:46.615 WARN  [farmer-service,faf429c69334aebd,30d6375f] [farmer-sync-9] com.example.farmer.FarmerController - Request from 192.0.2.185 missing X-Request-Id header, generated one
2026-09-23 17:10:50.251 WARN  [farmer-service,011eed3c46c1d1c4,8d84eaca] [http-nio-8080-exec-9] com.example.farmer.FarmerController - Request from 192.0.2.175 missing X-Request-Id header, generated one
2026-09-23 17:12:17.773 INFO  [farmer-service,61ceef7a04c551c7,ec2e3295] [farmer-sync-4] com.example.farmer.FarmerSyncScheduler - Sync batch 8001 queued, 351 pending records
2026-09-23 17:13:32.477 DEBUG [farmer-service,1d3ab3041da4b174,62b928b9] [http-nio-8080-exec-7] com.example.farmer.FarmerRepository - select f.* from farmer f where f.region_id = 2
2026-09-23 17:16:13.384 INFO  [farmer-service,c227aac16171f01a,4fe0be0e] [http-nio-8080-exec-1] com.example.farmer.CardRenderJob - Rendered 64 cards in 1456ms
2026-09-23 17:17:48.906 ERROR [farmer-service,bce8d23ab592441c,26af2515] [http-nio-8080-exec-2] com.example.farmer.FarmerSyncService - Sync failed for batch 8627: could not acquire a database connection
java.sql.SQLTransientConnectionException: HikariPool-1 - Connection is not available, request timed out after 30001ms (total=10, active=10, idle=0, waiting=7)
	at com.zaxxer.hikari.pool.HikariPool.createTimeoutException(HikariPool.java:696)
	at com.zaxxer.hikari.pool.HikariPool.getConnection(HikariPool.java:181)
	at com.example.farmer.FarmerSyncService.pushPending(FarmerSyncService.java:36)
	at com.example.farmer.FarmerSyncScheduler.run(FarmerSyncScheduler.java:58)
2026-09-23 17:19:38.718 WARN  [farmer-service,baef55f44562fd1b,b0cd725f] [farmer-sync-3] com.example.farmer.FarmerController - Request from 192.0.2.30 missing X-Request-Id header, generated one
2026-09-23 17:19:43.802 WARN  [farmer-service,3a7e450db48dcdd5,b4e456a1] [farmer-sync-4] com.example.farmer.FarmerController - Request from 192.0.2.223 missing X-Request-Id header, generated one
2026-09-23 17:19:44.044 WARN  [farmer-service,fda79cf6171c9a12,39a132d2] [farmer-sync-4] com.example.farmer.FarmerController - Request from 192.0.2.162 missing X-Request-Id header, generated one
2026-09-23 17:20:20.245 INFO  [farmer-service,451d16c3b52a14ad,7b4ca40b] [http-nio-8080-exec-4] com.example.common.AuditPublisher - Published 27 audit events to nightshift.audit
2026-09-23 17:20:21.469 INFO  [farmer-service,5ffe8b4d771a1aca,163f91dc] [farmer-sync-1] com.example.farmer.CardRenderJob - Rendered 51 cards in 321ms
2026-09-23 17:20:39.830 INFO  [farmer-service,98e1d3d42d5c081d,b37e4570] [farmer-sync-3] com.example.common.AuditPublisher - Published 4 audit events to nightshift.audit
2026-09-23 17:22:13.256 INFO  [farmer-service,3a9485a6b04c9a57,a00a03f7] [farmer-sync-3] com.example.common.AuditPublisher - Published 4 audit events to nightshift.audit
2026-09-23 17:22:21.599 WARN  [farmer-service,c3e32164ea9a8ceb,0249c38e] [farmer-sync-3] com.example.farmer.FarmerController - Request from 192.0.2.194 missing X-Request-Id header, generated one
2026-09-23 17:22:29.455 INFO  [farmer-service,ced22c075915fafe,a6f039eb] [http-nio-8080-exec-6] com.example.farmer.CardRenderJob - Rendered 41 cards in 2195ms
2026-09-23 17:23:25.942 INFO  [farmer-service,afed85605b4d4eaf,f0297118] [farmer-sync-3] com.example.farmer.FarmerController - GET /api/v1/farmers?page=20 200 in 51ms
2026-09-23 17:24:28.810 INFO  [farmer-service,3acf523e12531609,059ffce8] [farmer-sync-3] com.example.farmer.FarmerController - GET /api/v1/farmers?page=7 200 in 92ms
2026-09-23 17:24:37.926 DEBUG [farmer-service,7c99936f54f03476,be4f930a] [farmer-sync-9] com.example.farmer.FarmerRepository - select f.* from farmer f where f.region_id = 30
2026-09-23 17:25:33.876 INFO  [farmer-service,41c5c9037f0be43f,400204ca] [farmer-sync-4] com.example.farmer.CardRenderJob - Rendered 35 cards in 1670ms
2026-09-23 17:25:38.852 INFO  [farmer-service,15d964b7a470c302,14928333] [farmer-sync-2] com.example.farmer.CardRenderJob - Rendered 41 cards in 1391ms
2026-09-23 17:27:49.374 DEBUG [farmer-service,cc73e6853145ab80,e0e8c404] [http-nio-8080-exec-2] com.example.farmer.FarmerRepository - select f.* from farmer f where f.region_id = 45
2026-09-23 17:28:24.270 INFO  [farmer-service,6b8b7989752ded23,6a85fea6] [farmer-sync-2] com.example.farmer.FarmerController - GET /api/v1/farmers?page=11 200 in 66ms
2026-09-23 17:30:03.741 INFO  [farmer-service,519ed192b0a2d425,836f2066] [http-nio-8080-exec-8] com.example.farmer.FarmerController - GET /api/v1/farmers?page=37 200 in 58ms
2026-09-23 17:30:21.789 INFO  [farmer-service,65711bd8158cb3c3,75e12738] [http-nio-8080-exec-7] com.example.farmer.FarmerController - GET /api/v1/farmers?page=36 200 in 45ms
2026-09-23 17:30:23.279 DEBUG [farmer-service,827b5af19dde8762,22a3027a] [http-nio-8080-exec-3] com.example.farmer.FarmerRepository - select f.* from farmer f where f.region_id = 14
2026-09-23 17:33:29.837 INFO  [farmer-service,f06fdc920a4b313a,4f76b2d9] [http-nio-8080-exec-5] com.example.farmer.FarmerSyncScheduler - Sync batch 8364 queued, 375 pending records
2026-09-23 17:33:52.285 INFO  [farmer-service,e3b0e9b7ddb4c1d1,77ed3413] [http-nio-8080-exec-4] com.example.farmer.CardRenderJob - Rendered 78 cards in 1281ms
2026-09-23 17:34:50.482 INFO  [farmer-service,a88bac95df948fa6,dcca32d3] [http-nio-8080-exec-4] com.example.farmer.FarmerSyncScheduler - Sync batch 8800 queued, 147 pending records
2026-09-23 17:35:55.629 INFO  [farmer-service,5819b05f181468db,c3bc924f] [http-nio-8080-exec-7] com.example.farmer.FarmerSyncScheduler - Sync batch 8513 queued, 69 pending records
2026-09-23 17:36:06.479 INFO  [farmer-service,dcf9b520230bee7d,0540a0af] [farmer-sync-1] com.example.farmer.CardRenderJob - Rendered 12 cards in 970ms
2026-09-23 17:36:08.095 INFO  [farmer-service,e833e73d41ae7347,2944d3fa] [http-nio-8080-exec-5] com.example.common.AuditPublisher - Published 5 audit events to nightshift.audit
2026-09-23 17:38:37.286 INFO  [farmer-service,54749b7985b3a24c,ae0e0b8b] [http-nio-8080-exec-4] com.example.farmer.FarmerController - GET /api/v1/farmers?page=32 200 in 27ms
2026-09-23 17:39:13.668 ERROR [farmer-service,405242cc4305a828,4213fa24] [http-nio-8080-exec-1] com.example.farmer.FarmerSyncService - Sync failed for batch 8549: could not acquire a database connection
java.sql.SQLTransientConnectionException: HikariPool-1 - Connection is not available, request timed out after 30001ms (total=10, active=10, idle=0, waiting=7)
	at com.zaxxer.hikari.pool.HikariPool.createTimeoutException(HikariPool.java:696)
	at com.zaxxer.hikari.pool.HikariPool.getConnection(HikariPool.java:181)
	at com.example.farmer.FarmerSyncService.pushPending(FarmerSyncService.java:36)
	at com.example.farmer.FarmerSyncScheduler.run(FarmerSyncScheduler.java:58)
2026-09-23 17:41:17.932 DEBUG [farmer-service,25cb6de1b48cdf86,4404c43b] [farmer-sync-6] com.example.farmer.FarmerRepository - select f.* from farmer f where f.region_id = 58
2026-09-23 17:41:43.530 INFO  [farmer-service,d876845e6c265f32,8b94a1b0] [http-nio-8080-exec-8] com.example.farmer.FarmerSyncScheduler - Sync batch 8546 queued, 384 pending records
2026-09-23 17:42:01.810 INFO  [farmer-service,5cd4251e7049d3fa,cbaa21e7] [http-nio-8080-exec-4] com.example.farmer.FarmerController - GET /api/v1/farmers?page=14 200 in 102ms
2026-09-23 17:42:15.172 INFO  [farmer-service,3ece4d9970df95f9,d40b28f1] [farmer-sync-6] com.example.farmer.FarmerController - GET /api/v1/farmers?page=31 200 in 110ms
2026-09-23 17:42:32.957 INFO  [farmer-service,d17dacdbbcf0319b,05c5aa8a] [http-nio-8080-exec-7] com.example.farmer.FarmerSyncScheduler - Sync batch 8600 queued, 125 pending records
2026-09-23 17:43:33.884 WARN  [farmer-service,91b8d1147c2a9019,99ffef83] [http-nio-8080-exec-8] com.example.farmer.FarmerController - Request from 192.0.2.227 missing X-Request-Id header, generated one
2026-09-23 17:45:59.248 WARN  [farmer-service,325edc95d5f56a00,0094da5c] [farmer-sync-9] com.example.farmer.FarmerController - Request from 192.0.2.22 missing X-Request-Id header, generated one
2026-09-23 17:46:10.952 DEBUG [farmer-service,d89a262c0ef86fc7,dc11230c] [farmer-sync-2] com.example.farmer.FarmerRepository - select f.* from farmer f where f.region_id = 37
2026-09-23 17:46:20.435 INFO  [farmer-service,fd6ee3d47786a84d,b5ab8cf7] [http-nio-8080-exec-2] com.example.farmer.CardRenderJob - Rendered 35 cards in 947ms
2026-09-23 17:46:37.683 DEBUG [farmer-service,1e0e6c68eab58f8c,c797dd02] [http-nio-8080-exec-1] com.example.farmer.FarmerRepository - select f.* from farmer f where f.region_id = 8
2026-09-23 17:46:45.225 DEBUG [farmer-service,9e7e0915e7a8d573,fb678f84] [http-nio-8080-exec-4] com.example.farmer.FarmerRepository - select f.* from farmer f where f.region_id = 39
2026-09-23 17:47:34.320 WARN  [farmer-service,99d7c4c6ffc7ce40,6b6d92ed] [farmer-sync-8] com.example.farmer.FarmerController - Request from 192.0.2.137 missing X-Request-Id header, generated one
2026-09-23 17:48:19.085 INFO  [farmer-service,e40f870c75265bd3,4471b648] [farmer-sync-8] com.example.farmer.FarmerController - GET /api/v1/farmers?page=12 200 in 118ms
2026-09-23 17:48:21.166 INFO  [farmer-service,e1bb662e9fcec13e,211d6d37] [http-nio-8080-exec-4] com.example.farmer.FarmerSyncScheduler - Sync batch 8543 queued, 119 pending records
2026-09-23 17:48:27.077 INFO  [farmer-service,8a7379bdf89ed4b6,8a348275] [http-nio-8080-exec-9] com.example.common.AuditPublisher - Published 14 audit events to nightshift.audit
2026-09-23 17:49:06.684 INFO  [farmer-service,65581d376b629c59,3fe96167] [http-nio-8080-exec-5] com.example.common.AuditPublisher - Published 19 audit events to nightshift.audit
2026-09-23 17:50:04.329 INFO  [farmer-service,57e69db79a8234cd,eb73c78f] [farmer-sync-1] com.example.farmer.FarmerController - GET /api/v1/farmers?page=20 200 in 22ms
2026-09-23 17:50:29.460 INFO  [farmer-service,41f98c110e9fe3cc,587c0f2c] [http-nio-8080-exec-5] com.example.farmer.CardRenderJob - Rendered 19 cards in 2283ms
2026-09-23 17:50:34.156 WARN  [farmer-service,07346f9d1612158c,c3c01649] [farmer-sync-9] com.example.farmer.FarmerController - Request from 192.0.2.179 missing X-Request-Id header, generated one
2026-09-23 17:51:24.471 WARN  [farmer-service,4a6a3707b18dc749,1f442eb1] [farmer-sync-9] com.example.farmer.FarmerController - Request from 192.0.2.43 missing X-Request-Id header, generated one
2026-09-23 17:51:40.151 INFO  [farmer-service,22a953c417528399,b9c3438c] [farmer-sync-4] com.example.farmer.FarmerSyncScheduler - Sync batch 8744 queued, 193 pending records
2026-09-23 17:53:16.160 INFO  [farmer-service,5be7703d65223b02,f9dcc194] [farmer-sync-5] com.example.farmer.FarmerController - GET /api/v1/farmers?page=18 200 in 92ms
2026-09-23 17:53:38.199 INFO  [farmer-service,28e48dadf5142526,bc21a335] [farmer-sync-3] com.example.farmer.FarmerController - GET /api/v1/farmers?page=16 200 in 46ms
2026-09-23 17:55:07.845 INFO  [farmer-service,798752344296f2c6,147d30d5] [farmer-sync-5] com.example.common.AuditPublisher - Published 4 audit events to nightshift.audit
2026-09-23 17:57:06.572 INFO  [farmer-service,124bba4da4b65a6a,b963d524] [http-nio-8080-exec-1] com.example.farmer.FarmerSyncScheduler - Sync batch 8931 queued, 38 pending records
2026-09-23 17:57:20.808 WARN  [farmer-service,a141a08f86929a09,2426911f] [farmer-sync-1] com.example.farmer.FarmerController - Request from 192.0.2.138 missing X-Request-Id header, generated one
2026-09-23 17:57:31.333 WARN  [farmer-service,6adb6ec5d1174dfd,84b1ea5c] [http-nio-8080-exec-3] com.example.farmer.FarmerController - Request from 192.0.2.48 missing X-Request-Id header, generated one
2026-09-23 17:58:31.458 WARN  [farmer-service,8f91a31efb0cc29d,b237bc38] [http-nio-8080-exec-5] com.example.farmer.FarmerController - Request from 192.0.2.101 missing X-Request-Id header, generated one
2026-09-23 17:58:52.365 DEBUG [farmer-service,05dc4a8f176d6e55,e350eb3f] [http-nio-8080-exec-9] com.example.farmer.FarmerRepository - select f.* from farmer f where f.region_id = 18
2026-09-23 17:58:57.907 INFO  [farmer-service,758bb58e93735bdf,04c5d472] [http-nio-8080-exec-4] com.example.farmer.CardRenderJob - Rendered 52 cards in 964ms
2026-09-23 18:00:19.851 DEBUG [farmer-service,7bf18efaa486ace6,e3398c21] [farmer-sync-9] com.example.farmer.FarmerRepository - select f.* from farmer f where f.region_id = 46
2026-09-23 18:02:26.054 WARN  [farmer-service,7eaf0af8225dc1bc,93303393] [farmer-sync-6] com.example.farmer.FarmerController - Request from 192.0.2.27 missing X-Request-Id header, generated one
2026-09-23 18:02:27.097 INFO  [farmer-service,43b6dadd0722d6c9,76978ac2] [farmer-sync-8] com.example.farmer.CardRenderJob - Rendered 82 cards in 2130ms
2026-09-23 18:02:29.469 INFO  [farmer-service,6fbc37b0eed3a7af,69805470] [farmer-sync-8] com.example.farmer.FarmerSyncScheduler - Sync batch 8131 queued, 153 pending records
2026-09-23 18:02:43.246 WARN  [farmer-service,0a7a2c6e8d19d27e,541dca2f] [farmer-sync-2] com.example.farmer.FarmerController - Request from 192.0.2.20 missing X-Request-Id header, generated one
2026-09-23 18:02:55.994 DEBUG [farmer-service,032270f8432b918d,fc9f7e3e] [farmer-sync-8] com.example.farmer.FarmerRepository - select f.* from farmer f where f.region_id = 25
2026-09-23 18:04:15.445 WARN  [farmer-service,75da1ddf8d36b8fa,42b2605c] [farmer-sync-7] com.example.farmer.FarmerController - Request from 192.0.2.245 missing X-Request-Id header, generated one
2026-09-23 18:04:18.078 WARN  [farmer-service,e5e963ad3f4f6c03,f557425d] [http-nio-8080-exec-5] com.example.farmer.FarmerController - Request from 192.0.2.25 missing X-Request-Id header, generated one
2026-09-23 18:04:25.084 INFO  [farmer-service,d02b197fe77bc3ab,d88a7375] [http-nio-8080-exec-3] com.example.farmer.FarmerController - GET /api/v1/farmers?page=25 200 in 16ms
2026-09-23 18:06:11.474 INFO  [farmer-service,0ffcf4c6650bdc76,412499f1] [farmer-sync-4] com.example.farmer.FarmerSyncScheduler - Sync batch 8508 queued, 390 pending records
2026-09-23 18:08:11.422 INFO  [farmer-service,4ca1817dffef275f,637683fa] [http-nio-8080-exec-5] com.example.farmer.FarmerSyncScheduler - Sync batch 8832 queued, 144 pending records
2026-09-23 18:08:42.380 WARN  [farmer-service,02a054f9966e2472,7c613d66] [http-nio-8080-exec-4] com.example.farmer.FarmerController - Request from 192.0.2.117 missing X-Request-Id header, generated one
2026-09-23 18:08:47.144 INFO  [farmer-service,03d9f6f4fb8ed828,815aef6e] [http-nio-8080-exec-7] com.example.farmer.FarmerController - GET /api/v1/farmers?page=3 200 in 25ms
2026-09-23 18:08:58.916 INFO  [farmer-service,ff5b0565a8008f75,5d8f699d] [farmer-sync-4] com.example.farmer.CardRenderJob - Rendered 17 cards in 2362ms
2026-09-23 18:09:05.793 DEBUG [farmer-service,910d6565af6d0562,57d8211b] [farmer-sync-9] com.example.farmer.FarmerRepository - select f.* from farmer f where f.region_id = 9
2026-09-23 18:10:15.069 INFO  [farmer-service,8937092c6b449101,a0603217] [farmer-sync-9] com.example.farmer.FarmerSyncScheduler - Sync batch 8549 queued, 138 pending records
2026-09-23 18:10:32.044 DEBUG [farmer-service,ec2fb542012f9398,3e9b436b] [http-nio-8080-exec-4] com.example.farmer.FarmerRepository - select f.* from farmer f where f.region_id = 32
2026-09-23 18:11:06.930 INFO  [farmer-service,a871ece2500d196f,2d632e94] [http-nio-8080-exec-5] com.example.farmer.FarmerSyncScheduler - Sync batch 8133 queued, 77 pending records
2026-09-23 18:12:23.141 INFO  [farmer-service,1724b65f8dae3c60,97c00731] [http-nio-8080-exec-3] com.example.farmer.FarmerSyncScheduler - Sync batch 8981 queued, 385 pending records
2026-09-23 18:12:49.776 WARN  [farmer-service,481c6d93526f5ee2,e736db31] [http-nio-8080-exec-7] com.example.farmer.FarmerController - Request from 192.0.2.65 missing X-Request-Id header, generated one
2026-09-23 18:14:46.205 INFO  [farmer-service,b89d79122ba7fdc3,3659d4f5] [http-nio-8080-exec-3] com.example.farmer.FarmerController - GET /api/v1/farmers?page=0 200 in 136ms
2026-09-23 18:17:33.892 INFO  [farmer-service,bcb375889c3c0c6f,9ffd04b4] [farmer-sync-7] com.example.farmer.CardRenderJob - Rendered 34 cards in 254ms
2026-09-23 18:18:37.628 INFO  [farmer-service,100d9c6976107bae,4f9a06fa] [http-nio-8080-exec-9] com.example.common.AuditPublisher - Published 9 audit events to nightshift.audit
2026-09-23 18:19:26.258 INFO  [farmer-service,634df9c38739885b,17e35872] [http-nio-8080-exec-3] com.example.farmer.FarmerController - GET /api/v1/farmers?page=1 200 in 119ms
2026-09-23 18:21:34.362 INFO  [farmer-service,a4cec0a66d9107e7,d313bc4d] [http-nio-8080-exec-4] com.example.farmer.FarmerSyncScheduler - Sync batch 8851 queued, 378 pending records
2026-09-23 18:22:18.576 WARN  [farmer-service,42450e1287cbf25a,42b2fc15] [http-nio-8080-exec-7] com.example.farmer.FarmerController - Request from 192.0.2.37 missing X-Request-Id header, generated one
2026-09-23 18:22:36.383 ERROR [farmer-service,27beeaeeb332cfef,a5c73b33] [farmer-sync-3] com.example.farmer.FarmerSyncService - Sync failed for batch 8257: could not acquire a database connection
java.sql.SQLTransientConnectionException: HikariPool-1 - Connection is not available, request timed out after 30001ms (total=10, active=10, idle=0, waiting=7)
	at com.zaxxer.hikari.pool.HikariPool.createTimeoutException(HikariPool.java:696)
	at com.zaxxer.hikari.pool.HikariPool.getConnection(HikariPool.java:181)
	at com.example.farmer.FarmerSyncService.pushPending(FarmerSyncService.java:36)
	at com.example.farmer.FarmerSyncScheduler.run(FarmerSyncScheduler.java:58)
2026-09-23 18:25:11.819 INFO  [farmer-service,abb770cc3a9cf27f,f3db19f0] [farmer-sync-2] com.example.farmer.CardRenderJob - Rendered 64 cards in 1183ms
2026-09-23 18:25:34.765 INFO  [farmer-service,ed62df4229a37db2,62d437c1] [http-nio-8080-exec-3] com.example.farmer.CardRenderJob - Rendered 56 cards in 1374ms
2026-09-23 18:26:52.111 INFO  [farmer-service,d2c73df5c6c21e70,26cf8eb0] [farmer-sync-6] com.example.farmer.CardRenderJob - Rendered 28 cards in 282ms
2026-09-23 18:27:59.850 INFO  [farmer-service,61828969f44d3cf6,b54caf25] [http-nio-8080-exec-9] com.example.farmer.FarmerSyncScheduler - Sync batch 8531 queued, 304 pending records
2026-09-23 18:28:07.263 WARN  [farmer-service,717ce5ac861abec2,3ffcf416] [http-nio-8080-exec-7] com.example.farmer.FarmerController - Request from 192.0.2.9 missing X-Request-Id header, generated one
2026-09-23 18:28:56.648 DEBUG [farmer-service,c3cb5dc43ef3d040,84cd7149] [http-nio-8080-exec-3] com.example.farmer.FarmerRepository - select f.* from farmer f where f.region_id = 27
2026-09-23 18:29:44.808 INFO  [farmer-service,cd92f9505a664ad0,b049bf97] [farmer-sync-3] com.example.farmer.FarmerSyncScheduler - Sync batch 8372 queued, 20 pending records
2026-09-23 18:29:52.821 INFO  [farmer-service,b7c7f6583b584a2e,bf2470aa] [http-nio-8080-exec-3] com.example.farmer.FarmerController - GET /api/v1/farmers?page=1 200 in 34ms
2026-09-23 18:30:33.525 WARN  [farmer-service,3735c718bd7b1eac,80aeaed5] [http-nio-8080-exec-2] com.example.farmer.FarmerController - Request from 192.0.2.242 missing X-Request-Id header, generated one
2026-09-23 18:30:35.555 INFO  [farmer-service,6626f9c3f045c01a,7509c2bf] [farmer-sync-5] com.example.farmer.FarmerSyncScheduler - Sync batch 8491 queued, 255 pending records
2026-09-23 18:31:13.845 DEBUG [farmer-service,25718aa639a43d4d,90906aea] [farmer-sync-6] com.example.farmer.FarmerRepository - select f.* from farmer f where f.region_id = 50
2026-09-23 18:32:36.518 INFO  [farmer-service,e4ee23dd861ceb3e,6cfdb238] [http-nio-8080-exec-1] com.example.common.AuditPublisher - Published 27 audit events to nightshift.audit
2026-09-23 18:33:36.497 INFO  [farmer-service,a8108223c3da0b71,939e08b2] [farmer-sync-9] com.example.common.AuditPublisher - Published 28 audit events to nightshift.audit
2026-09-23 18:33:52.678 DEBUG [farmer-service,d61bd3ad24c29d90,277fbc85] [http-nio-8080-exec-3] com.example.farmer.FarmerRepository - select f.* from farmer f where f.region_id = 24
2026-09-23 18:33:54.602 DEBUG [farmer-service,e04ae74ecc10d8ef,263def71] [farmer-sync-1] com.example.farmer.FarmerRepository - select f.* from farmer f where f.region_id = 49
2026-09-23 18:37:54.097 DEBUG [farmer-service,de00f698c80a3acf,29e09fc5] [http-nio-8080-exec-7] com.example.farmer.FarmerRepository - select f.* from farmer f where f.region_id = 53
2026-09-23 18:38:57.057 INFO  [farmer-service,ced50b55d141c979,c5026e59] [http-nio-8080-exec-3] com.example.farmer.FarmerSyncScheduler - Sync batch 8179 queued, 314 pending records
2026-09-23 18:41:51.700 DEBUG [farmer-service,2a2b8ec3b27e184e,786139fb] [http-nio-8080-exec-1] com.example.farmer.FarmerRepository - select f.* from farmer f where f.region_id = 39
2026-09-23 18:42:03.670 INFO  [farmer-service,2b5170282bdec528,cbcd2e4f] [farmer-sync-4] com.example.farmer.CardRenderJob - Rendered 52 cards in 464ms
2026-09-23 18:43:26.946 WARN  [farmer-service,efc9f35847593ff5,1a4d8e48] [farmer-sync-4] com.example.farmer.FarmerController - Request from 192.0.2.242 missing X-Request-Id header, generated one
2026-09-23 18:44:05.620 WARN  [farmer-service,0f9b6f357cf7f500,a229750a] [farmer-sync-4] com.example.farmer.FarmerController - Request from 192.0.2.210 missing X-Request-Id header, generated one
2026-09-23 18:44:28.218 DEBUG [farmer-service,b0893c28cfb411fa,20e38807] [http-nio-8080-exec-1] com.example.farmer.FarmerRepository - select f.* from farmer f where f.region_id = 26
2026-09-23 18:44:45.403 INFO  [farmer-service,ecb44d7880f85f84,55007c7e] [farmer-sync-6] com.example.farmer.CardRenderJob - Rendered 89 cards in 1163ms
2026-09-23 18:46:12.302 INFO  [farmer-service,f8112dbf0c36b642,d65bc607] [farmer-sync-6] com.example.common.AuditPublisher - Published 21 audit events to nightshift.audit
2026-09-23 18:47:43.634 INFO  [farmer-service,18ff6096c3831e74,28c73184] [http-nio-8080-exec-8] com.example.farmer.FarmerSyncScheduler - Sync batch 8408 queued, 196 pending records
2026-09-23 18:48:53.771 DEBUG [farmer-service,945052241682edc5,81098a42] [http-nio-8080-exec-7] com.example.farmer.FarmerRepository - select f.* from farmer f where f.region_id = 59
2026-09-23 18:49:03.249 INFO  [farmer-service,262fbf83c2d9116e,8dfe9815] [farmer-sync-7] com.example.farmer.FarmerSyncScheduler - Sync batch 8930 queued, 301 pending records
2026-09-23 18:49:05.076 INFO  [farmer-service,6ca2483f1d8185f3,001f494d] [farmer-sync-3] com.example.farmer.CardRenderJob - Rendered 37 cards in 519ms
2026-09-23 18:49:52.606 INFO  [farmer-service,4698aa74904b0bce,79320e43] [http-nio-8080-exec-2] com.example.farmer.FarmerSyncScheduler - Sync batch 8104 queued, 303 pending records
2026-09-23 18:51:32.501 WARN  [farmer-service,b2b6c8f2ab7be509,1288c2b8] [farmer-sync-2] com.example.farmer.FarmerController - Request from 192.0.2.122 missing X-Request-Id header, generated one
2026-09-23 18:52:28.708 INFO  [farmer-service,68dd7bc99df2613d,7588944a] [http-nio-8080-exec-6] com.example.common.AuditPublisher - Published 27 audit events to nightshift.audit
2026-09-23 18:52:39.140 INFO  [farmer-service,fa34dc9445a868c3,a63b7dce] [http-nio-8080-exec-2] com.example.farmer.FarmerSyncScheduler - Sync batch 8422 queued, 275 pending records
2026-09-23 18:54:28.327 WARN  [farmer-service,17f88a8302635ffe,ee629860] [farmer-sync-5] com.example.farmer.FarmerController - Request from 192.0.2.167 missing X-Request-Id header, generated one
2026-09-23 18:55:09.108 INFO  [farmer-service,1fc82e42d155e9d8,2822d0a5] [http-nio-8080-exec-6] com.example.common.AuditPublisher - Published 5 audit events to nightshift.audit
2026-09-23 18:55:25.556 DEBUG [farmer-service,7cd2765ed528626f,42adf497] [farmer-sync-6] com.example.farmer.FarmerRepository - select f.* from farmer f where f.region_id = 26
2026-09-23 18:55:44.742 INFO  [farmer-service,3a63c48a1c6b9ce4,ca0948e3] [farmer-sync-8] com.example.common.AuditPublisher - Published 29 audit events to nightshift.audit
2026-09-23 18:56:31.127 INFO  [farmer-service,4db6ae68b9ba7c4c,cb8d7acf] [farmer-sync-6] com.example.farmer.FarmerController - GET /api/v1/farmers?page=16 200 in 57ms
2026-09-23 18:56:56.739 INFO  [farmer-service,f0c022edc6dcdf44,e5fcbd29] [farmer-sync-6] com.example.farmer.CardRenderJob - Rendered 8 cards in 2302ms
2026-09-23 18:57:05.676 INFO  [farmer-service,3f9c465fb9061aec,22aba220] [http-nio-8080-exec-3] com.example.farmer.FarmerSyncScheduler - Sync batch 8159 queued, 83 pending records
2026-09-23 18:57:52.943 DEBUG [farmer-service,59496cc4d3c32d30,a54884b6] [farmer-sync-9] com.example.farmer.FarmerRepository - select f.* from farmer f where f.region_id = 26
2026-09-23 18:58:13.425 INFO  [farmer-service,28e39cdda2ec6000,c53de453] [http-nio-8080-exec-2] com.example.farmer.FarmerController - GET /api/v1/farmers?page=24 200 in 117ms
2026-09-23 18:58:22.293 ERROR [farmer-service,29ce9ac40628e550,b8dc9023] [http-nio-8080-exec-3] com.example.farmer.FarmerSyncService - Sync failed for batch 8871: could not acquire a database connection
java.sql.SQLTransientConnectionException: HikariPool-1 - Connection is not available, request timed out after 30001ms (total=10, active=10, idle=0, waiting=7)
	at com.zaxxer.hikari.pool.HikariPool.createTimeoutException(HikariPool.java:696)
	at com.zaxxer.hikari.pool.HikariPool.getConnection(HikariPool.java:181)
	at com.example.farmer.FarmerSyncService.pushPending(FarmerSyncService.java:36)
	at com.example.farmer.FarmerSyncScheduler.run(FarmerSyncScheduler.java:58)
2026-09-23 18:58:23.462 INFO  [farmer-service,1f5edf019a7e0bfc,910df15d] [farmer-sync-6] com.example.farmer.FarmerSyncScheduler - Sync batch 8490 queued, 95 pending records
2026-09-23 18:58:42.459 WARN  [farmer-service,c5e95e1ed7df8f3c,bb73c929] [farmer-sync-5] com.example.farmer.FarmerController - Request from 192.0.2.85 missing X-Request-Id header, generated one
2026-09-23 18:58:56.103 INFO  [farmer-service,0545bed4ec21d080,0821fd07] [farmer-sync-8] com.example.farmer.FarmerController - GET /api/v1/farmers?page=33 200 in 66ms
2026-09-23 18:59:36.375 INFO  [farmer-service,baeeca270144b60d,0348cfac] [http-nio-8080-exec-3] com.example.common.AuditPublisher - Published 15 audit events to nightshift.audit
2026-09-23 18:59:50.280 DEBUG [farmer-service,dd2219d2e37d7f68,6fcc2bff] [http-nio-8080-exec-8] com.example.farmer.FarmerRepository - select f.* from farmer f where f.region_id = 54
2026-09-23 18:59:56.919 INFO  [farmer-service,d643eaa3676c6d36,aafbc975] [http-nio-8080-exec-2] com.example.farmer.CardRenderJob - Rendered 53 cards in 1376ms
2026-09-23 19:01:08.498 INFO  [farmer-service,52736ec13db68385,9b5564f0] [http-nio-8080-exec-6] com.example.farmer.FarmerController - GET /api/v1/farmers?page=26 200 in 36ms
2026-09-23 19:01:57.137 INFO  [farmer-service,768e556fd02fab71,fa8ed575] [http-nio-8080-exec-2] com.example.common.AuditPublisher - Published 17 audit events to nightshift.audit
2026-09-23 19:02:18.326 INFO  [farmer-service,d014afc4111a5117,e66c1da7] [http-nio-8080-exec-6] com.example.farmer.FarmerController - GET /api/v1/farmers?page=22 200 in 139ms
2026-09-23 19:02:22.184 WARN  [farmer-service,9e109bdba2c9c8ee,c13a88ad] [http-nio-8080-exec-3] com.example.farmer.FarmerController - Request from 192.0.2.198 missing X-Request-Id header, generated one
2026-09-23 19:03:33.656 ERROR [farmer-service,205479fd30434df2,3564581e] [farmer-sync-6] com.example.farmer.FarmerSyncService - Sync failed for batch 8048: could not acquire a database connection
java.sql.SQLTransientConnectionException: HikariPool-1 - Connection is not available, request timed out after 30001ms (total=10, active=10, idle=0, waiting=7)
	at com.zaxxer.hikari.pool.HikariPool.createTimeoutException(HikariPool.java:696)
	at com.zaxxer.hikari.pool.HikariPool.getConnection(HikariPool.java:181)
	at com.example.farmer.FarmerSyncService.pushPending(FarmerSyncService.java:36)
	at com.example.farmer.FarmerSyncScheduler.run(FarmerSyncScheduler.java:58)
2026-09-23 19:03:47.899 WARN  [farmer-service,fb612d3b1ab3388b,b6c8699a] [farmer-sync-1] com.example.farmer.FarmerController - Request from 192.0.2.166 missing X-Request-Id header, generated one
2026-09-23 19:03:48.232 WARN  [farmer-service,a805907e2dc8114e,2c7430cd] [farmer-sync-8] com.example.farmer.FarmerController - Request from 192.0.2.143 missing X-Request-Id header, generated one
2026-09-23 19:04:59.944 INFO  [farmer-service,b662aa3f127f6476,8624dddc] [farmer-sync-6] com.example.farmer.FarmerController - GET /api/v1/farmers?page=22 200 in 96ms
2026-09-23 19:05:17.026 INFO  [farmer-service,d56b5eca7f23005a,ff8bdb87] [farmer-sync-6] com.example.farmer.FarmerController - GET /api/v1/farmers?page=35 200 in 133ms
2026-09-23 19:07:03.533 ERROR [farmer-service,9fe8ce2f38781d2e,defb7df7] [http-nio-8080-exec-6] com.example.farmer.FarmerSyncService - Sync failed for batch 8142: could not acquire a database connection
java.sql.SQLTransientConnectionException: HikariPool-1 - Connection is not available, request timed out after 30001ms (total=10, active=10, idle=0, waiting=7)
	at com.zaxxer.hikari.pool.HikariPool.createTimeoutException(HikariPool.java:696)
	at com.zaxxer.hikari.pool.HikariPool.getConnection(HikariPool.java:181)
	at com.example.farmer.FarmerSyncService.pushPending(FarmerSyncService.java:36)
	at com.example.farmer.FarmerSyncScheduler.run(FarmerSyncScheduler.java:58)
2026-09-23 19:07:34.548 WARN  [farmer-service,efe1882af157410a,ff5de77b] [http-nio-8080-exec-1] com.example.farmer.FarmerController - Request from 192.0.2.32 missing X-Request-Id header, generated one
2026-09-23 19:07:43.075 ERROR [farmer-service,4bab4341b6c6a5ca,24d53fc6] [http-nio-8080-exec-9] com.example.farmer.FarmerSyncService - Sync failed for batch 8168: could not acquire a database connection
java.sql.SQLTransientConnectionException: HikariPool-1 - Connection is not available, request timed out after 30001ms (total=10, active=10, idle=0, waiting=7)
	at com.zaxxer.hikari.pool.HikariPool.createTimeoutException(HikariPool.java:696)
	at com.zaxxer.hikari.pool.HikariPool.getConnection(HikariPool.java:181)
	at com.example.farmer.FarmerSyncService.pushPending(FarmerSyncService.java:36)
	at com.example.farmer.FarmerSyncScheduler.run(FarmerSyncScheduler.java:58)
2026-09-23 19:09:24.054 INFO  [farmer-service,b18d1190e067a072,de49adb1] [farmer-sync-3] com.example.farmer.FarmerSyncScheduler - Sync batch 8854 queued, 81 pending records
2026-09-23 19:09:25.379 INFO  [farmer-service,dc05e1c96db4ce41,3f0cf407] [http-nio-8080-exec-3] com.example.common.AuditPublisher - Published 22 audit events to nightshift.audit
2026-09-23 19:09:58.701 INFO  [farmer-service,f317cc9e9fa3c57f,f8140588] [http-nio-8080-exec-2] com.example.farmer.FarmerController - GET /api/v1/farmers?page=31 200 in 54ms
2026-09-23 19:12:08.371 WARN  [farmer-service,0dfb524be2773c65,9bd3ae64] [http-nio-8080-exec-3] com.example.farmer.FarmerController - Request from 192.0.2.184 missing X-Request-Id header, generated one
2026-09-23 19:12:31.486 ERROR [farmer-service,01693404a07ffbcb,1746ed49] [http-nio-8080-exec-1] com.example.farmer.FarmerSyncService - Sync failed for batch 8106: could not acquire a database connection
java.sql.SQLTransientConnectionException: HikariPool-1 - Connection is not available, request timed out after 30001ms (total=10, active=10, idle=0, waiting=7)
	at com.zaxxer.hikari.pool.HikariPool.createTimeoutException(HikariPool.java:696)
	at com.zaxxer.hikari.pool.HikariPool.getConnection(HikariPool.java:181)
	at com.example.farmer.FarmerSyncService.pushPending(FarmerSyncService.java:36)
	at com.example.farmer.FarmerSyncScheduler.run(FarmerSyncScheduler.java:58)
2026-09-23 19:14:21.042 INFO  [farmer-service,7483ee3bab8d44b4,795c3c3e] [http-nio-8080-exec-9] com.example.farmer.CardRenderJob - Rendered 23 cards in 1726ms
2026-09-23 19:14:25.766 INFO  [farmer-service,74d31e024751600b,bf32de72] [http-nio-8080-exec-6] com.example.farmer.FarmerSyncScheduler - Sync batch 8223 queued, 314 pending records
2026-09-23 19:16:37.872 INFO  [farmer-service,724a2bf2c34cb278,c52572dd] [farmer-sync-9] com.example.farmer.CardRenderJob - Rendered 18 cards in 2085ms
2026-09-23 19:16:57.083 INFO  [farmer-service,3e6f4eade3c88fd0,a96376e8] [http-nio-8080-exec-4] com.example.farmer.CardRenderJob - Rendered 32 cards in 1924ms
2026-09-23 19:17:44.547 INFO  [farmer-service,171fe9fc969f2590,d666f5ee] [farmer-sync-9] com.example.farmer.CardRenderJob - Rendered 66 cards in 968ms
2026-09-23 19:17:57.235 INFO  [farmer-service,c29d4cb93af9c2cc,3b5bafad] [http-nio-8080-exec-5] com.example.farmer.FarmerController - GET /api/v1/farmers?page=11 200 in 104ms
2026-09-23 19:18:43.895 INFO  [farmer-service,cc4c75d77ba695e7,8364e634] [farmer-sync-4] com.example.farmer.CardRenderJob - Rendered 62 cards in 2154ms
2026-09-23 19:18:55.766 INFO  [farmer-service,e0216b167fd9242f,d783b373] [farmer-sync-4] com.example.farmer.FarmerController - GET /api/v1/farmers?page=12 200 in 49ms
2026-09-23 19:20:35.885 INFO  [farmer-service,f6d0ccb1539eb5a1,37f312db] [farmer-sync-5] com.example.farmer.FarmerSyncScheduler - Sync batch 8507 queued, 168 pending records
2026-09-23 19:20:51.559 INFO  [farmer-service,c5271980dfe33d8b,a16a1a05] [http-nio-8080-exec-5] com.example.farmer.CardRenderJob - Rendered 54 cards in 2103ms
2026-09-23 19:21:44.991 WARN  [farmer-service,d496127d436ad27f,e10f0f8d] [http-nio-8080-exec-3] com.example.farmer.FarmerController - Request from 192.0.2.4 missing X-Request-Id header, generated one
2026-09-23 19:22:37.686 DEBUG [farmer-service,ae33726701b040ba,0fe23271] [http-nio-8080-exec-9] com.example.farmer.FarmerRepository - select f.* from farmer f where f.region_id = 55
2026-09-23 19:22:37.871 ERROR [farmer-service,eee4dcf53aaee458,f5d37ed0] [farmer-sync-7] com.example.farmer.FarmerSyncService - Sync failed for batch 8609: could not acquire a database connection
java.sql.SQLTransientConnectionException: HikariPool-1 - Connection is not available, request timed out after 30001ms (total=10, active=10, idle=0, waiting=7)
	at com.zaxxer.hikari.pool.HikariPool.createTimeoutException(HikariPool.java:696)
	at com.zaxxer.hikari.pool.HikariPool.getConnection(HikariPool.java:181)
	at com.example.farmer.FarmerSyncService.pushPending(FarmerSyncService.java:36)
	at com.example.farmer.FarmerSyncScheduler.run(FarmerSyncScheduler.java:58)
2026-09-23 19:23:26.135 WARN  [farmer-service,a725a681a327b078,e4f22671] [farmer-sync-1] com.example.farmer.FarmerController - Request from 192.0.2.149 missing X-Request-Id header, generated one
2026-09-23 19:24:55.618 INFO  [farmer-service,1853a30b65f1f076,732e1bfc] [farmer-sync-9] com.example.common.AuditPublisher - Published 4 audit events to nightshift.audit
2026-09-23 19:26:02.248 ERROR [farmer-service,28cda724df744b13,fd708b74] [farmer-sync-3] com.example.farmer.FarmerSyncService - Sync failed for batch 8676: could not acquire a database connection
java.sql.SQLTransientConnectionException: HikariPool-1 - Connection is not available, request timed out after 30001ms (total=10, active=10, idle=0, waiting=7)
	at com.zaxxer.hikari.pool.HikariPool.createTimeoutException(HikariPool.java:696)
	at com.zaxxer.hikari.pool.HikariPool.getConnection(HikariPool.java:181)
	at com.example.farmer.FarmerSyncService.pushPending(FarmerSyncService.java:36)
	at com.example.farmer.FarmerSyncScheduler.run(FarmerSyncScheduler.java:58)
2026-09-23 19:26:18.308 INFO  [farmer-service,2421b2052c7a94e0,1df94d6f] [farmer-sync-9] com.example.farmer.FarmerController - GET /api/v1/farmers?page=37 200 in 53ms
2026-09-23 19:26:32.123 ERROR [farmer-service,7ac4ed476640a52f,629f8466] [http-nio-8080-exec-8] com.example.farmer.FarmerSyncService - Sync failed for batch 8489: could not acquire a database connection
java.sql.SQLTransientConnectionException: HikariPool-1 - Connection is not available, request timed out after 30001ms (total=10, active=10, idle=0, waiting=7)
	at com.zaxxer.hikari.pool.HikariPool.createTimeoutException(HikariPool.java:696)
	at com.zaxxer.hikari.pool.HikariPool.getConnection(HikariPool.java:181)
	at com.example.farmer.FarmerSyncService.pushPending(FarmerSyncService.java:36)
	at com.example.farmer.FarmerSyncScheduler.run(FarmerSyncScheduler.java:58)
2026-09-23 19:27:05.032 WARN  [farmer-service,2559df9064e095ec,c1f41b2d] [farmer-sync-5] com.example.farmer.FarmerController - Request from 192.0.2.90 missing X-Request-Id header, generated one
2026-09-23 19:28:11.572 INFO  [farmer-service,170c4f0aa2cd2c71,92954962] [http-nio-8080-exec-9] com.example.common.AuditPublisher - Published 18 audit events to nightshift.audit
2026-09-23 19:28:18.569 ERROR [farmer-service,d5ac76cdf40541a3,a79d11b7] [farmer-sync-5] com.example.farmer.FarmerSyncService - Sync failed for batch 8807: could not acquire a database connection
java.sql.SQLTransientConnectionException: HikariPool-1 - Connection is not available, request timed out after 30001ms (total=10, active=10, idle=0, waiting=7)
	at com.zaxxer.hikari.pool.HikariPool.createTimeoutException(HikariPool.java:696)
	at com.zaxxer.hikari.pool.HikariPool.getConnection(HikariPool.java:181)
	at com.example.farmer.FarmerSyncService.pushPending(FarmerSyncService.java:36)
	at com.example.farmer.FarmerSyncScheduler.run(FarmerSyncScheduler.java:58)
2026-09-23 19:28:22.286 ERROR [farmer-service,cd37c91d414e2d01,3dff9660] [farmer-sync-2] com.example.farmer.FarmerSyncService - Sync failed for batch 8367: could not acquire a database connection
java.sql.SQLTransientConnectionException: HikariPool-1 - Connection is not available, request timed out after 30001ms (total=10, active=10, idle=0, waiting=7)
	at com.zaxxer.hikari.pool.HikariPool.createTimeoutException(HikariPool.java:696)
	at com.zaxxer.hikari.pool.HikariPool.getConnection(HikariPool.java:181)
	at com.example.farmer.FarmerSyncService.pushPending(FarmerSyncService.java:36)
	at com.example.farmer.FarmerSyncScheduler.run(FarmerSyncScheduler.java:58)
2026-09-23 19:28:22.554 INFO  [farmer-service,4e346e23789b7064,b081c905] [farmer-sync-5] com.example.common.AuditPublisher - Published 12 audit events to nightshift.audit
2026-09-23 19:30:12.087 DEBUG [farmer-service,ef208fcf41096b1c,f2cb097f] [http-nio-8080-exec-3] com.example.farmer.FarmerRepository - select f.* from farmer f where f.region_id = 3
2026-09-23 19:30:33.072 ERROR [farmer-service,f4aba3384fa259c7,840f66b6] [http-nio-8080-exec-8] com.example.farmer.FarmerSyncService - Sync failed for batch 8242: could not acquire a database connection
java.sql.SQLTransientConnectionException: HikariPool-1 - Connection is not available, request timed out after 30001ms (total=10, active=10, idle=0, waiting=7)
	at com.zaxxer.hikari.pool.HikariPool.createTimeoutException(HikariPool.java:696)
	at com.zaxxer.hikari.pool.HikariPool.getConnection(HikariPool.java:181)
	at com.example.farmer.FarmerSyncService.pushPending(FarmerSyncService.java:36)
	at com.example.farmer.FarmerSyncScheduler.run(FarmerSyncScheduler.java:58)
2026-09-23 19:32:19.274 INFO  [farmer-service,a2b2eed317b6f69c,9ac1abf7] [farmer-sync-8] com.example.farmer.FarmerSyncScheduler - Sync batch 8785 queued, 91 pending records
2026-09-23 19:33:38.034 INFO  [farmer-service,84f65fe9a1a40f61,f72b065d] [farmer-sync-6] com.example.farmer.FarmerController - GET /api/v1/farmers?page=5 200 in 118ms
2026-09-23 19:33:49.808 INFO  [farmer-service,9773549489c909ed,4fa463d8] [farmer-sync-7] com.example.farmer.CardRenderJob - Rendered 29 cards in 1004ms
2026-09-23 19:38:12.109 DEBUG [farmer-service,15f4b1c3b8ef56e8,cc7d1243] [http-nio-8080-exec-1] com.example.farmer.FarmerRepository - select f.* from farmer f where f.region_id = 63
2026-09-23 19:38:37.961 WARN  [farmer-service,2429a438a3e38d1a,c0c8e99f] [http-nio-8080-exec-6] com.example.farmer.FarmerProfileService - Concurrent update on farmer 2377, retry 1 of 3
com.example.farmer.FarmerProfileService$OptimisticLockException: Row was updated by another transaction (farmer id=7467)
	at com.example.farmer.FarmerProfileService.rename(FarmerProfileService.java:27)
	at com.example.farmer.FarmerController.rename(FarmerController.java:96)
2026-09-23 19:38:41.847 INFO  [farmer-service,339b1a6b312ad05a,f1c978dc] [farmer-sync-1] com.example.farmer.CardRenderJob - Rendered 39 cards in 1063ms
2026-09-23 19:39:15.089 INFO  [farmer-service,de176ed32dd1418c,5771192b] [farmer-sync-8] com.example.farmer.CardRenderJob - Rendered 90 cards in 305ms
2026-09-23 19:39:15.687 INFO  [farmer-service,325a74b2d77f294f,05f0bad4] [http-nio-8080-exec-3] com.example.farmer.CardRenderJob - Rendered 66 cards in 1685ms
2026-09-23 19:40:50.895 DEBUG [farmer-service,e115e64ff46abf01,7efd566f] [http-nio-8080-exec-4] com.example.farmer.FarmerRepository - select f.* from farmer f where f.region_id = 7
2026-09-23 19:41:31.098 WARN  [farmer-service,a4bffca34889851f,5fc166ab] [farmer-sync-1] com.example.farmer.FarmerController - Request from 192.0.2.248 missing X-Request-Id header, generated one
2026-09-23 19:42:19.446 WARN  [farmer-service,7ff6ca45770da183,cc8c5fe0] [farmer-sync-4] org.springframework.boot.context.config.ConfigDataEnvironment - Property 'spring.datasource.initialization-mode' is deprecated and will be removed in a future release
2026-09-23 19:42:57.906 DEBUG [farmer-service,727fdb375c2d5b54,99573f14] [http-nio-8080-exec-5] com.example.farmer.FarmerRepository - select f.* from farmer f where f.region_id = 51
2026-09-23 19:44:01.770 INFO  [farmer-service,33cb77e7dbdf698c,268eab72] [farmer-sync-8] com.example.farmer.FarmerController - GET /api/v1/farmers?page=14 200 in 76ms
2026-09-23 19:46:00.693 WARN  [farmer-service,af205303048df077,016712d4] [http-nio-8080-exec-1] com.example.farmer.FarmerController - Request from 192.0.2.154 missing X-Request-Id header, generated one
2026-09-23 19:46:20.920 INFO  [farmer-service,3a8da99d88e54295,4b5567af] [http-nio-8080-exec-6] com.example.farmer.FarmerSyncScheduler - Sync batch 8387 queued, 279 pending records
2026-09-23 19:47:11.116 INFO  [farmer-service,4a8ce6777092979a,ea09d3f0] [farmer-sync-6] com.example.farmer.CardRenderJob - Rendered 58 cards in 2286ms
2026-09-23 19:47:15.186 ERROR [farmer-service,d24c0c15451a6beb,0e5fb3a1] [farmer-sync-5] com.example.farmer.CardRenderJob - Failed to render card label for farmer 83516
java.lang.NullPointerException: Cannot invoke "String.charAt(int)" because "middleName" is null
	at com.example.common.NameFormatter.initials(NameFormatter.java:22)
	at com.example.farmer.FarmerSyncService.cardLabel(FarmerSyncService.java:53)
	at com.example.farmer.CardRenderJob.render(CardRenderJob.java:74)
	at java.base/java.util.concurrent.ThreadPoolExecutor.runWorker(ThreadPoolExecutor.java:1144)
	at java.base/java.lang.Thread.run(Thread.java:1583)
2026-09-23 19:47:44.768 DEBUG [farmer-service,20d82fe99e015ad5,d00c5d87] [http-nio-8080-exec-2] com.example.farmer.FarmerRepository - select f.* from farmer f where f.region_id = 18
2026-09-23 19:48:06.775 WARN  [farmer-service,c8217af788e24624,4b02ddf5] [farmer-sync-5] com.example.farmer.FarmerController - Request from 192.0.2.91 missing X-Request-Id header, generated one
2026-09-23 19:48:51.940 DEBUG [farmer-service,30613b7c4b90856e,01e36cae] [farmer-sync-9] com.example.farmer.FarmerRepository - select f.* from farmer f where f.region_id = 51
2026-09-23 19:49:54.177 INFO  [farmer-service,9b61756f901c34bc,aa787985] [farmer-sync-4] com.example.farmer.FarmerSyncScheduler - Sync batch 8837 queued, 254 pending records
2026-09-23 19:51:09.341 INFO  [farmer-service,8498376ba6558cde,946b6402] [farmer-sync-6] com.example.farmer.FarmerController - GET /api/v1/farmers?page=21 200 in 84ms
2026-09-23 19:52:51.468 INFO  [farmer-service,f621543f676f93a2,f95a5003] [farmer-sync-1] com.example.farmer.FarmerSyncScheduler - Sync batch 8329 queued, 392 pending records
2026-09-23 19:54:15.819 WARN  [farmer-service,166840ae916d53b0,2415b504] [http-nio-8080-exec-1] com.example.farmer.FarmerController - Request from 192.0.2.36 missing X-Request-Id header, generated one
2026-09-23 19:54:45.875 ERROR [farmer-service,f1c5f2e985ad15f8,c7e9cfea] [http-nio-8080-exec-7] com.example.farmer.FarmerSyncService - Sync failed for batch 8054: could not acquire a database connection
java.sql.SQLTransientConnectionException: HikariPool-1 - Connection is not available, request timed out after 30001ms (total=10, active=10, idle=0, waiting=7)
	at com.zaxxer.hikari.pool.HikariPool.createTimeoutException(HikariPool.java:696)
	at com.zaxxer.hikari.pool.HikariPool.getConnection(HikariPool.java:181)
	at com.example.farmer.FarmerSyncService.pushPending(FarmerSyncService.java:36)
	at com.example.farmer.FarmerSyncScheduler.run(FarmerSyncScheduler.java:58)
2026-09-23 19:55:20.249 INFO  [farmer-service,6a1b9415d35931ed,ab64579e] [http-nio-8080-exec-8] com.example.farmer.FarmerController - GET /api/v1/farmers?page=1 200 in 24ms
2026-09-23 19:55:49.711 INFO  [farmer-service,315f4fe4b2f59f2f,05f81085] [http-nio-8080-exec-3] com.example.farmer.FarmerController - GET /api/v1/farmers?page=25 200 in 64ms
2026-09-23 19:56:31.369 INFO  [farmer-service,6c38a2da0924fc7e,6aaf053e] [farmer-sync-2] com.example.common.AuditPublisher - Published 5 audit events to nightshift.audit
2026-09-23 19:56:46.546 INFO  [farmer-service,ba9afb803d9a24ba,214ed203] [http-nio-8080-exec-8] com.example.common.AuditPublisher - Published 2 audit events to nightshift.audit
2026-09-23 19:56:53.429 WARN  [farmer-service,7372a5f6e037d824,4c6ee4bb] [http-nio-8080-exec-9] com.example.farmer.FarmerController - Request from 192.0.2.117 missing X-Request-Id header, generated one
2026-09-23 19:58:28.859 INFO  [farmer-service,4f3033ac60c2bb14,1b8b4814] [http-nio-8080-exec-7] com.example.farmer.FarmerSyncScheduler - Sync batch 8162 queued, 32 pending records
2026-09-23 19:59:22.890 WARN  [farmer-service,e1e2608ec59940fe,79db3032] [farmer-sync-6] com.example.farmer.FarmerController - Request from 192.0.2.189 missing X-Request-Id header, generated one
2026-09-23 20:01:24.993 INFO  [farmer-service,668b498d70f313fc,c1a8ab6c] [http-nio-8080-exec-8] com.example.farmer.FarmerController - GET /api/v1/farmers?page=3 200 in 49ms
2026-09-23 20:08:57.544 ERROR [farmer-service,fd62f72a39c53e86,6ffa9b5d] [farmer-sync-2] com.example.farmer.FarmerSyncService - Sync failed for batch 8763: could not acquire a database connection
java.sql.SQLTransientConnectionException: HikariPool-1 - Connection is not available, request timed out after 30001ms (total=10, active=10, idle=0, waiting=7)
	at com.zaxxer.hikari.pool.HikariPool.createTimeoutException(HikariPool.java:696)
	at com.zaxxer.hikari.pool.HikariPool.getConnection(HikariPool.java:181)
	at com.example.farmer.FarmerSyncService.pushPending(FarmerSyncService.java:36)
	at com.example.farmer.FarmerSyncScheduler.run(FarmerSyncScheduler.java:58)
2026-09-23 20:13:39.865 INFO  [farmer-service,beb336f50eaa08a3,467e511f] [http-nio-8080-exec-9] com.example.farmer.FarmerSyncScheduler - Sync batch 8488 queued, 28 pending records
2026-09-23 20:20:14.210 INFO  [farmer-service,2006b13681333b6f,fab740e0] [farmer-sync-4] com.example.farmer.FarmerController - GET /api/v1/farmers?page=8 200 in 33ms
2026-09-23 20:24:50.632 ERROR [farmer-service,ac34f06ee07b9d24,d83a150d] [http-nio-8080-exec-3] com.example.farmer.FarmerSyncService - Sync failed for batch 8313: could not acquire a database connection
java.sql.SQLTransientConnectionException: HikariPool-1 - Connection is not available, request timed out after 30001ms (total=10, active=10, idle=0, waiting=7)
	at com.zaxxer.hikari.pool.HikariPool.createTimeoutException(HikariPool.java:696)
	at com.zaxxer.hikari.pool.HikariPool.getConnection(HikariPool.java:181)
	at com.example.farmer.FarmerSyncService.pushPending(FarmerSyncService.java:36)
	at com.example.farmer.FarmerSyncScheduler.run(FarmerSyncScheduler.java:58)
2026-09-23 20:27:54.483 WARN  [farmer-service,a0de6e41ccc814ae,d7559ab9] [farmer-sync-5] org.springframework.boot.context.config.ConfigDataEnvironment - Property 'spring.datasource.initialization-mode' is deprecated and will be removed in a future release
2026-09-23 20:32:40.821 INFO  [farmer-service,f3202590bf6263c5,7b3885f5] [farmer-sync-5] com.example.common.AuditPublisher - Published 2 audit events to nightshift.audit
2026-09-23 20:39:26.133 ERROR [farmer-service,865621f8b24e0313,2cc64796] [farmer-sync-2] com.example.farmer.FarmerSyncService - Sync failed for batch 8367: could not acquire a database connection
java.sql.SQLTransientConnectionException: HikariPool-1 - Connection is not available, request timed out after 30001ms (total=10, active=10, idle=0, waiting=7)
	at com.zaxxer.hikari.pool.HikariPool.createTimeoutException(HikariPool.java:696)
	at com.zaxxer.hikari.pool.HikariPool.getConnection(HikariPool.java:181)
	at com.example.farmer.FarmerSyncService.pushPending(FarmerSyncService.java:36)
	at com.example.farmer.FarmerSyncScheduler.run(FarmerSyncScheduler.java:58)
2026-09-23 20:43:28.558 ERROR [farmer-service,211261b4a89d955b,c0cac01d] [farmer-sync-5] com.example.farmer.FarmerSyncService - Sync failed for batch 8293: could not acquire a database connection
java.sql.SQLTransientConnectionException: HikariPool-1 - Connection is not available, request timed out after 30001ms (total=10, active=10, idle=0, waiting=7)
	at com.zaxxer.hikari.pool.HikariPool.createTimeoutException(HikariPool.java:696)
	at com.zaxxer.hikari.pool.HikariPool.getConnection(HikariPool.java:181)
	at com.example.farmer.FarmerSyncService.pushPending(FarmerSyncService.java:36)
	at com.example.farmer.FarmerSyncScheduler.run(FarmerSyncScheduler.java:58)
2026-09-23 20:44:34.646 ERROR [farmer-service,2fc457effc3a0bb7,db4b1d02] [farmer-sync-6] com.example.farmer.FarmerSyncService - Sync failed for batch 8592: could not acquire a database connection
java.sql.SQLTransientConnectionException: HikariPool-1 - Connection is not available, request timed out after 30001ms (total=10, active=10, idle=0, waiting=7)
	at com.zaxxer.hikari.pool.HikariPool.createTimeoutException(HikariPool.java:696)
	at com.zaxxer.hikari.pool.HikariPool.getConnection(HikariPool.java:181)
	at com.example.farmer.FarmerSyncService.pushPending(FarmerSyncService.java:36)
	at com.example.farmer.FarmerSyncScheduler.run(FarmerSyncScheduler.java:58)
2026-09-23 20:47:06.461 WARN  [farmer-service,e3260e25e48c16c9,225e9784] [farmer-sync-2] com.example.farmer.FarmerController - Request from 192.0.2.219 missing X-Request-Id header, generated one
2026-09-23 20:48:14.629 ERROR [farmer-service,6a5b3464382d504c,236388bb] [farmer-sync-8] com.example.farmer.FarmerSyncService - Sync failed for batch 8769: could not acquire a database connection
java.sql.SQLTransientConnectionException: HikariPool-1 - Connection is not available, request timed out after 30001ms (total=10, active=10, idle=0, waiting=7)
	at com.zaxxer.hikari.pool.HikariPool.createTimeoutException(HikariPool.java:696)
	at com.zaxxer.hikari.pool.HikariPool.getConnection(HikariPool.java:181)
	at com.example.farmer.FarmerSyncService.pushPending(FarmerSyncService.java:36)
	at com.example.farmer.FarmerSyncScheduler.run(FarmerSyncScheduler.java:58)
2026-09-23 20:56:48.380 INFO  [farmer-service,155d7d8b1326a28f,d61063b3] [farmer-sync-1] com.example.farmer.CardRenderJob - Rendered 54 cards in 2224ms
2026-09-23 21:06:48.761 INFO  [farmer-service,29df89161a02a5f3,d59f57c0] [http-nio-8080-exec-3] com.example.farmer.FarmerController - GET /api/v1/farmers?page=30 200 in 134ms
2026-09-23 21:15:25.117 INFO  [farmer-service,436427bc3c00905f,71036ff6] [http-nio-8080-exec-1] com.example.farmer.CardRenderJob - Rendered 81 cards in 442ms
2026-09-23 21:15:35.841 ERROR [farmer-service,1e3f9f710a47b0f9,1015d5e8] [farmer-sync-7] com.example.farmer.FarmerSyncService - Sync failed for batch 8009: could not acquire a database connection
java.sql.SQLTransientConnectionException: HikariPool-1 - Connection is not available, request timed out after 30001ms (total=10, active=10, idle=0, waiting=7)
	at com.zaxxer.hikari.pool.HikariPool.createTimeoutException(HikariPool.java:696)
	at com.zaxxer.hikari.pool.HikariPool.getConnection(HikariPool.java:181)
	at com.example.farmer.FarmerSyncService.pushPending(FarmerSyncService.java:36)
	at com.example.farmer.FarmerSyncScheduler.run(FarmerSyncScheduler.java:58)
2026-09-23 21:17:19.104 INFO  [farmer-service,08e6f54e3419c114,5c328c57] [farmer-sync-5] com.example.farmer.CardRenderJob - Rendered 11 cards in 1947ms
2026-09-23 21:18:37.117 INFO  [farmer-service,e66043b8fcc4211a,36fb0583] [http-nio-8080-exec-1] com.example.farmer.FarmerController - GET /api/v1/farmers?page=0 200 in 99ms
2026-09-23 21:18:47.472 INFO  [farmer-service,49a24fd83d657d9e,a48c2ebb] [farmer-sync-4] com.example.farmer.CardRenderJob - Rendered 40 cards in 1118ms
2026-09-23 21:23:24.724 ERROR [farmer-service,3daceee9d2badc40,ea81cd6c] [farmer-sync-9] com.example.farmer.FarmerSyncService - Sync failed for batch 8231: could not acquire a database connection
java.sql.SQLTransientConnectionException: HikariPool-1 - Connection is not available, request timed out after 30001ms (total=10, active=10, idle=0, waiting=7)
	at com.zaxxer.hikari.pool.HikariPool.createTimeoutException(HikariPool.java:696)
	at com.zaxxer.hikari.pool.HikariPool.getConnection(HikariPool.java:181)
	at com.example.farmer.FarmerSyncService.pushPending(FarmerSyncService.java:36)
	at com.example.farmer.FarmerSyncScheduler.run(FarmerSyncScheduler.java:58)
2026-09-23 21:23:24.835 INFO  [farmer-service,8373fd7150d45ad0,1f7dab4c] [http-nio-8080-exec-7] com.example.farmer.FarmerSyncScheduler - Sync batch 8350 queued, 343 pending records
2026-09-23 21:25:16.773 INFO  [farmer-service,003951fc3ba59115,2cb16099] [farmer-sync-3] com.example.common.AuditPublisher - Published 23 audit events to nightshift.audit
2026-09-23 21:28:07.889 DEBUG [farmer-service,49323723e4c11851,ebaab2d4] [http-nio-8080-exec-8] com.example.farmer.FarmerRepository - select f.* from farmer f where f.region_id = 49
2026-09-23 21:37:22.205 DEBUG [farmer-service,7bd062d10b0de744,93ac64bf] [http-nio-8080-exec-4] com.example.farmer.FarmerRepository - select f.* from farmer f where f.region_id = 24
2026-09-23 21:44:22.265 ERROR [farmer-service,1b910aebb1728442,11d5da71] [farmer-sync-1] com.example.farmer.FarmerSyncService - Sync failed for batch 8667: could not acquire a database connection
java.sql.SQLTransientConnectionException: HikariPool-1 - Connection is not available, request timed out after 30001ms (total=10, active=10, idle=0, waiting=7)
	at com.zaxxer.hikari.pool.HikariPool.createTimeoutException(HikariPool.java:696)
	at com.zaxxer.hikari.pool.HikariPool.getConnection(HikariPool.java:181)
	at com.example.farmer.FarmerSyncService.pushPending(FarmerSyncService.java:36)
	at com.example.farmer.FarmerSyncScheduler.run(FarmerSyncScheduler.java:58)
2026-09-23 21:47:36.848 ERROR [farmer-service,b29356aeefc92071,3b84dbeb] [farmer-sync-4] com.example.farmer.FarmerSyncService - Sync failed for batch 8433: could not acquire a database connection
java.sql.SQLTransientConnectionException: HikariPool-1 - Connection is not available, request timed out after 30001ms (total=10, active=10, idle=0, waiting=7)
	at com.zaxxer.hikari.pool.HikariPool.createTimeoutException(HikariPool.java:696)
	at com.zaxxer.hikari.pool.HikariPool.getConnection(HikariPool.java:181)
	at com.example.farmer.FarmerSyncService.pushPending(FarmerSyncService.java:36)
	at com.example.farmer.FarmerSyncScheduler.run(FarmerSyncScheduler.java:58)
2026-09-23 21:57:12.566 ERROR [farmer-service,98e4f4ab332e0413,7a6a40c4] [farmer-sync-2] com.example.farmer.FarmerSyncService - Sync failed for batch 8071: could not acquire a database connection
java.sql.SQLTransientConnectionException: HikariPool-1 - Connection is not available, request timed out after 30001ms (total=10, active=10, idle=0, waiting=7)
	at com.zaxxer.hikari.pool.HikariPool.createTimeoutException(HikariPool.java:696)
	at com.zaxxer.hikari.pool.HikariPool.getConnection(HikariPool.java:181)
	at com.example.farmer.FarmerSyncService.pushPending(FarmerSyncService.java:36)
	at com.example.farmer.FarmerSyncScheduler.run(FarmerSyncScheduler.java:58)
2026-09-23 21:59:38.852 INFO  [farmer-service,126b2e260cb492ac,26336e6e] [farmer-sync-5] com.example.common.AuditPublisher - Published 4 audit events to nightshift.audit
2026-09-23 22:04:46.478 DEBUG [farmer-service,ad43853e79e38689,e5d2c0da] [http-nio-8080-exec-5] com.example.farmer.FarmerRepository - select f.* from farmer f where f.region_id = 18
2026-09-23 22:10:05.845 INFO  [farmer-service,c424d7331e9883f2,91272f30] [http-nio-8080-exec-2] com.example.farmer.CardRenderJob - Rendered 79 cards in 496ms
2026-09-23 22:17:52.143 DEBUG [farmer-service,556652086f55ba34,305c3aef] [http-nio-8080-exec-4] com.example.farmer.FarmerRepository - select f.* from farmer f where f.region_id = 53
2026-09-23 22:24:58.401 INFO  [farmer-service,015e13cfd68bda30,cade379f] [http-nio-8080-exec-9] com.example.farmer.CardRenderJob - Rendered 78 cards in 661ms
2026-09-23 22:27:23.849 INFO  [farmer-service,4b410ccc4e2e651d,6f510286] [farmer-sync-9] com.example.common.AuditPublisher - Published 1 audit events to nightshift.audit
2026-09-23 22:33:09.640 ERROR [farmer-service,d952fd18e98132f3,b8a2641f] [farmer-sync-1] com.example.farmer.FarmerSyncService - Sync failed for batch 8976: could not acquire a database connection
java.sql.SQLTransientConnectionException: HikariPool-1 - Connection is not available, request timed out after 30001ms (total=10, active=10, idle=0, waiting=7)
	at com.zaxxer.hikari.pool.HikariPool.createTimeoutException(HikariPool.java:696)
	at com.zaxxer.hikari.pool.HikariPool.getConnection(HikariPool.java:181)
	at com.example.farmer.FarmerSyncService.pushPending(FarmerSyncService.java:36)
	at com.example.farmer.FarmerSyncScheduler.run(FarmerSyncScheduler.java:58)
2026-09-23 22:33:30.156 WARN  [farmer-service,8302fcf18f91e3ea,9d99382a] [http-nio-8080-exec-9] com.example.farmer.FarmerProfileService - Concurrent update on farmer 6691, retry 2 of 3
com.example.farmer.FarmerProfileService$OptimisticLockException: Row was updated by another transaction (farmer id=1253)
	at com.example.farmer.FarmerProfileService.rename(FarmerProfileService.java:27)
	at com.example.farmer.FarmerController.rename(FarmerController.java:96)
2026-09-23 22:36:33.747 ERROR [farmer-service,db78551f401973ed,43b48f41] [farmer-sync-9] com.example.farmer.FarmerSyncService - Sync failed for batch 8267: could not acquire a database connection
java.sql.SQLTransientConnectionException: HikariPool-1 - Connection is not available, request timed out after 30001ms (total=10, active=10, idle=0, waiting=7)
	at com.zaxxer.hikari.pool.HikariPool.createTimeoutException(HikariPool.java:696)
	at com.zaxxer.hikari.pool.HikariPool.getConnection(HikariPool.java:181)
	at com.example.farmer.FarmerSyncService.pushPending(FarmerSyncService.java:36)
	at com.example.farmer.FarmerSyncScheduler.run(FarmerSyncScheduler.java:58)
2026-09-23 22:38:21.676 INFO  [farmer-service,062c1dd765d6631d,2bcd2370] [http-nio-8080-exec-1] com.example.farmer.CardRenderJob - Rendered 22 cards in 1119ms
2026-09-23 22:45:43.543 ERROR [farmer-service,82fb04de64aa2723,ff2ff6a1] [http-nio-8080-exec-4] com.example.farmer.FarmerSyncService - Sync failed for batch 8134: could not acquire a database connection
java.sql.SQLTransientConnectionException: HikariPool-1 - Connection is not available, request timed out after 30001ms (total=10, active=10, idle=0, waiting=7)
	at com.zaxxer.hikari.pool.HikariPool.createTimeoutException(HikariPool.java:696)
	at com.zaxxer.hikari.pool.HikariPool.getConnection(HikariPool.java:181)
	at com.example.farmer.FarmerSyncService.pushPending(FarmerSyncService.java:36)
	at com.example.farmer.FarmerSyncScheduler.run(FarmerSyncScheduler.java:58)
2026-09-23 22:53:26.049 DEBUG [farmer-service,ceede07df8ce26de,5ead5feb] [farmer-sync-2] com.example.farmer.FarmerRepository - select f.* from farmer f where f.region_id = 18
2026-09-23 22:55:34.608 ERROR [farmer-service,41e69664e06c2908,a231aac9] [farmer-sync-9] com.example.farmer.FarmerSyncService - Sync failed for batch 8040: could not acquire a database connection
java.sql.SQLTransientConnectionException: HikariPool-1 - Connection is not available, request timed out after 30001ms (total=10, active=10, idle=0, waiting=7)
	at com.zaxxer.hikari.pool.HikariPool.createTimeoutException(HikariPool.java:696)
	at com.zaxxer.hikari.pool.HikariPool.getConnection(HikariPool.java:181)
	at com.example.farmer.FarmerSyncService.pushPending(FarmerSyncService.java:36)
	at com.example.farmer.FarmerSyncScheduler.run(FarmerSyncScheduler.java:58)
2026-09-23 22:55:39.557 INFO  [farmer-service,d373e5c37d2488d2,3d48de6b] [http-nio-8080-exec-3] com.example.farmer.FarmerController - GET /api/v1/farmers?page=31 200 in 125ms
2026-09-23 22:58:32.177 WARN  [farmer-service,0fb70f052286da7d,6a95ae26] [farmer-sync-5] com.example.farmer.FarmerController - Request from 192.0.2.153 missing X-Request-Id header, generated one
2026-09-23 23:03:57.446 INFO  [farmer-service,5703c57fb23e2fc3,daecfd77] [http-nio-8080-exec-4] com.example.common.AuditPublisher - Published 8 audit events to nightshift.audit
2026-09-23 23:05:29.143 ERROR [farmer-service,f913c7c1eed0494a,5318defc] [http-nio-8080-exec-3] com.example.farmer.FarmerSyncService - Sync failed for batch 8846: could not acquire a database connection
java.sql.SQLTransientConnectionException: HikariPool-1 - Connection is not available, request timed out after 30001ms (total=10, active=10, idle=0, waiting=7)
	at com.zaxxer.hikari.pool.HikariPool.createTimeoutException(HikariPool.java:696)
	at com.zaxxer.hikari.pool.HikariPool.getConnection(HikariPool.java:181)
	at com.example.farmer.FarmerSyncService.pushPending(FarmerSyncService.java:36)
	at com.example.farmer.FarmerSyncScheduler.run(FarmerSyncScheduler.java:58)
2026-09-23 23:07:55.005 INFO  [farmer-service,c350788b91e0626c,097d2b6b] [farmer-sync-9] com.example.common.AuditPublisher - Published 5 audit events to nightshift.audit
2026-09-23 23:13:27.578 INFO  [farmer-service,79f9c9a626d56840,234a16d1] [http-nio-8080-exec-8] com.example.farmer.CardRenderJob - Rendered 8 cards in 1902ms
2026-09-23 23:19:00.419 INFO  [farmer-service,68a2bf5ccfb1f5f6,c529946e] [farmer-sync-5] com.example.farmer.FarmerSyncScheduler - Sync batch 8084 queued, 70 pending records
2026-09-23 23:20:36.406 ERROR [farmer-service,8f279ec49d5477de,f77836e0] [http-nio-8080-exec-6] com.example.farmer.FarmerSyncService - Sync failed for batch 8400: could not acquire a database connection
java.sql.SQLTransientConnectionException: HikariPool-1 - Connection is not available, request timed out after 30001ms (total=10, active=10, idle=0, waiting=7)
	at com.zaxxer.hikari.pool.HikariPool.createTimeoutException(HikariPool.java:696)
	at com.zaxxer.hikari.pool.HikariPool.getConnection(HikariPool.java:181)
	at com.example.farmer.FarmerSyncService.pushPending(FarmerSyncService.java:36)
	at com.example.farmer.FarmerSyncScheduler.run(FarmerSyncScheduler.java:58)
2026-09-23 23:24:06.100 INFO  [farmer-service,e43d1eca3ca29647,9368326f] [http-nio-8080-exec-9] com.example.farmer.CardRenderJob - Rendered 47 cards in 598ms
2026-09-23 23:24:17.573 INFO  [farmer-service,7b318941d7d34b7c,e1132c5e] [farmer-sync-1] com.example.farmer.CardRenderJob - Rendered 76 cards in 1802ms
2026-09-23 23:48:03.708 WARN  [farmer-service,4652e37944120033,ef404250] [http-nio-8080-exec-6] com.example.farmer.FarmerController - Request from 192.0.2.204 missing X-Request-Id header, generated one
2026-09-23 23:51:54.158 INFO  [farmer-service,e741f4d820bdd09e,5ec660fd] [http-nio-8080-exec-8] com.example.common.AuditPublisher - Published 1 audit events to nightshift.audit
2026-09-23 23:52:04.204 WARN  [farmer-service,df39b92b319173e9,974c5504] [http-nio-8080-exec-1] com.example.farmer.FarmerController - Request from 192.0.2.109 missing X-Request-Id header, generated one
