2026-09-22 00:04:09.068 INFO  [farmer-service,87812502543851d0,51b0dbaf] [http-nio-8080-exec-9] com.example.farmer.FarmerController - GET /api/v1/farmers?page=18 200 in 68ms
2026-09-22 00:04:17.965 WARN  [farmer-service,d3a60cfb6f7fdbf5,dc8d7d03] [http-nio-8080-exec-3] com.example.farmer.FarmerProfileService - Concurrent update on farmer 1349, retry 1 of 3
com.example.farmer.FarmerProfileService$OptimisticLockException: Row was updated by another transaction (farmer id=7012)
	at com.example.farmer.FarmerProfileService.rename(FarmerProfileService.java:27)
	at com.example.farmer.FarmerController.rename(FarmerController.java:96)
2026-09-22 00:04:43.834 INFO  [farmer-service,539af828090e4e72,a1a469a4] [http-nio-8080-exec-7] com.example.farmer.FarmerController - GET /api/v1/farmers?page=18 200 in 39ms
2026-09-22 00:12:38.196 ERROR [farmer-service,59261c82b81eeff1,0da7fd6d] [farmer-sync-7] com.example.farmer.FarmerSyncService - Sync failed for batch 8796: could not acquire a database connection
java.sql.SQLTransientConnectionException: HikariPool-1 - Connection is not available, request timed out after 30001ms (total=10, active=10, idle=0, waiting=7)
	at com.zaxxer.hikari.pool.HikariPool.createTimeoutException(HikariPool.java:696)
	at com.zaxxer.hikari.pool.HikariPool.getConnection(HikariPool.java:181)
	at com.example.farmer.FarmerSyncService.pushPending(FarmerSyncService.java:36)
	at com.example.farmer.FarmerSyncScheduler.run(FarmerSyncScheduler.java:58)
2026-09-22 00:27:46.303 ERROR [farmer-service,c2247f45f57a02be,e2563d89] [http-nio-8080-exec-7] com.example.farmer.FarmerSyncService - Sync failed for batch 8759: could not acquire a database connection
java.sql.SQLTransientConnectionException: HikariPool-1 - Connection is not available, request timed out after 30001ms (total=10, active=10, idle=0, waiting=7)
	at com.zaxxer.hikari.pool.HikariPool.createTimeoutException(HikariPool.java:696)
	at com.zaxxer.hikari.pool.HikariPool.getConnection(HikariPool.java:181)
	at com.example.farmer.FarmerSyncService.pushPending(FarmerSyncService.java:36)
	at com.example.farmer.FarmerSyncScheduler.run(FarmerSyncScheduler.java:58)
2026-09-22 00:33:06.278 INFO  [farmer-service,357497888d414562,c1231b99] [http-nio-8080-exec-9] com.example.farmer.FarmerController - GET /api/v1/farmers?page=7 200 in 85ms
2026-09-22 00:34:54.871 INFO  [farmer-service,1817975a3d8bd465,e910aa22] [farmer-sync-9] com.example.common.AuditPublisher - Published 19 audit events to nightshift.audit
2026-09-22 00:37:37.070 INFO  [farmer-service,121335c7acd8ec59,260f0ebb] [http-nio-8080-exec-1] com.example.farmer.FarmerController - GET /api/v1/farmers?page=16 200 in 42ms
2026-09-22 00:40:13.058 ERROR [farmer-service,a1175cde22ddec6a,b6e6802e] [farmer-sync-7] com.example.farmer.CardRenderJob - Failed to render card label for farmer 78152
java.lang.NullPointerException: Cannot invoke "String.charAt(int)" because "middleName" is null
	at com.example.common.NameFormatter.initials(NameFormatter.java:22)
	at com.example.farmer.FarmerSyncService.cardLabel(FarmerSyncService.java:53)
	at com.example.farmer.CardRenderJob.render(CardRenderJob.java:74)
	at java.base/java.util.concurrent.ThreadPoolExecutor.runWorker(ThreadPoolExecutor.java:1144)
	at java.base/java.lang.Thread.run(Thread.java:1583)
2026-09-22 00:43:07.592 INFO  [farmer-service,a228f9806f923ca9,f676de50] [farmer-sync-3] com.example.farmer.FarmerSyncScheduler - Sync batch 8698 queued, 388 pending records
2026-09-22 00:52:09.223 INFO  [farmer-service,a9d75356f39a045a,e5869697] [http-nio-8080-exec-5] com.example.common.AuditPublisher - Published 25 audit events to nightshift.audit
2026-09-22 00:59:13.702 DEBUG [farmer-service,59fa41a4318ed826,90127fc8] [farmer-sync-2] com.example.farmer.FarmerRepository - select f.* from farmer f where f.region_id = 62
2026-09-22 01:05:28.444 DEBUG [farmer-service,3b81052b14764aa5,06f5bebc] [farmer-sync-2] com.example.farmer.FarmerRepository - select f.* from farmer f where f.region_id = 29
2026-09-22 01:07:19.006 WARN  [farmer-service,6e16334b428af015,713f39cd] [http-nio-8080-exec-2] com.example.farmer.FarmerController - Request from 192.0.2.191 missing X-Request-Id header, generated one
2026-09-22 01:10:18.530 INFO  [farmer-service,0a067ba377f518b3,d889d191] [http-nio-8080-exec-8] com.example.farmer.FarmerController - GET /api/v1/farmers?page=9 200 in 71ms
2026-09-22 01:10:55.484 ERROR [farmer-service,11eb2731b3478e53,c3a20f1b] [farmer-sync-4] com.example.farmer.FarmerSyncService - Sync failed for batch 8981: could not acquire a database connection
java.sql.SQLTransientConnectionException: HikariPool-1 - Connection is not available, request timed out after 30001ms (total=10, active=10, idle=0, waiting=7)
	at com.zaxxer.hikari.pool.HikariPool.createTimeoutException(HikariPool.java:696)
	at com.zaxxer.hikari.pool.HikariPool.getConnection(HikariPool.java:181)
	at com.example.farmer.FarmerSyncService.pushPending(FarmerSyncService.java:36)
	at com.example.farmer.FarmerSyncScheduler.run(FarmerSyncScheduler.java:58)
2026-09-22 01:11:33.408 WARN  [farmer-service,49a8dbd654c49f70,39fc1a27] [http-nio-8080-exec-9] com.example.farmer.FarmerController - Request from 192.0.2.163 missing X-Request-Id header, generated one
2026-09-22 01:12:32.575 INFO  [farmer-service,9ec99b73e184ec32,067736ec] [farmer-sync-3] com.example.farmer.FarmerSyncScheduler - Sync batch 8482 queued, 131 pending records
2026-09-22 01:12:48.206 WARN  [farmer-service,4283ff214f409905,98380307] [farmer-sync-6] com.example.farmer.FarmerProfileService - Concurrent update on farmer 8718, retry 2 of 3
com.example.farmer.FarmerProfileService$OptimisticLockException: Row was updated by another transaction (farmer id=3699)
	at com.example.farmer.FarmerProfileService.rename(FarmerProfileService.java:27)
	at com.example.farmer.FarmerController.rename(FarmerController.java:96)
2026-09-22 01:14:43.847 DEBUG [farmer-service,9d8871448950fd06,d35d2983] [farmer-sync-8] com.example.farmer.FarmerRepository - select f.* from farmer f where f.region_id = 53
2026-09-22 01:18:09.531 INFO  [farmer-service,7cdcf9445e83abfd,55bf73e4] [farmer-sync-8] com.example.common.AuditPublisher - Published 13 audit events to nightshift.audit
2026-09-22 01:19:56.553 WARN  [farmer-service,404e480efa2a4f08,aabba852] [http-nio-8080-exec-6] com.example.farmer.FarmerProfileService - Concurrent update on farmer 7415, retry 1 of 3
com.example.farmer.FarmerProfileService$OptimisticLockException: Row was updated by another transaction (farmer id=2442)
	at com.example.farmer.FarmerProfileService.rename(FarmerProfileService.java:27)
	at com.example.farmer.FarmerController.rename(FarmerController.java:96)
2026-09-22 01:22:03.648 INFO  [farmer-service,a6a68d3ae7bd20e1,db5f896d] [http-nio-8080-exec-3] com.example.farmer.CardRenderJob - Rendered 85 cards in 976ms
2026-09-22 01:24:57.403 DEBUG [farmer-service,e8a02a72429284ac,dddab58e] [http-nio-8080-exec-6] com.example.farmer.FarmerRepository - select f.* from farmer f where f.region_id = 57
2026-09-22 01:36:53.384 ERROR [farmer-service,1cf870f7d424afba,5a05c2f4] [farmer-sync-6] com.example.farmer.FarmerSyncService - Sync failed for batch 8196: could not acquire a database connection
java.sql.SQLTransientConnectionException: HikariPool-1 - Connection is not available, request timed out after 30001ms (total=10, active=10, idle=0, waiting=7)
	at com.zaxxer.hikari.pool.HikariPool.createTimeoutException(HikariPool.java:696)
	at com.zaxxer.hikari.pool.HikariPool.getConnection(HikariPool.java:181)
	at com.example.farmer.FarmerSyncService.pushPending(FarmerSyncService.java:36)
	at com.example.farmer.FarmerSyncScheduler.run(FarmerSyncScheduler.java:58)
2026-09-22 01:39:03.563 INFO  [farmer-service,3fdc253be5f5a241,7ba451d8] [http-nio-8080-exec-9] com.example.farmer.FarmerController - GET /api/v1/farmers?page=6 200 in 63ms
2026-09-22 01:49:19.743 INFO  [farmer-service,d7bd202395e25a6f,e971c18c] [farmer-sync-3] com.example.common.AuditPublisher - Published 11 audit events to nightshift.audit
2026-09-22 01:51:57.557 ERROR [farmer-service,bf27b5fce991fcdc,8399c66f] [farmer-sync-9] com.example.farmer.FarmerSyncService - Sync failed for batch 8209: could not acquire a database connection
java.sql.SQLTransientConnectionException: HikariPool-1 - Connection is not available, request timed out after 30001ms (total=10, active=10, idle=0, waiting=7)
	at com.zaxxer.hikari.pool.HikariPool.createTimeoutException(HikariPool.java:696)
	at com.zaxxer.hikari.pool.HikariPool.getConnection(HikariPool.java:181)
	at com.example.farmer.FarmerSyncService.pushPending(FarmerSyncService.java:36)
	at com.example.farmer.FarmerSyncScheduler.run(FarmerSyncScheduler.java:58)
2026-09-22 01:53:22.301 INFO  [farmer-service,0ec343d925c11cc5,596a79a6] [farmer-sync-5] com.example.common.AuditPublisher - Published 12 audit events to nightshift.audit
2026-09-22 01:56:37.847 INFO  [farmer-service,95a6fe8d79069e7e,c83958b2] [http-nio-8080-exec-6] com.example.farmer.CardRenderJob - Rendered 33 cards in 654ms
2026-09-22 02:14:06.426 DEBUG [farmer-service,fb62a1f973c6ed27,3db188ef] [farmer-sync-5] com.example.farmer.FarmerRepository - select f.* from farmer f where f.region_id = 30
2026-09-22 02:17:39.105 INFO  [farmer-service,a6ba91a354b28de4,2d061a8b] [farmer-sync-2] com.example.farmer.FarmerSyncScheduler - Sync batch 8694 queued, 112 pending records
2026-09-22 02:21:39.890 INFO  [farmer-service,3336183bebf4d900,f35365e0] [farmer-sync-2] com.example.farmer.FarmerController - GET /api/v1/farmers?page=2 200 in 60ms
2026-09-22 02:23:56.957 INFO  [farmer-service,5d07632d4530209a,f5cb0b36] [http-nio-8080-exec-3] com.example.farmer.CardRenderJob - Rendered 87 cards in 897ms
2026-09-22 02:38:04.729 WARN  [farmer-service,4afd4d8e3fdfb091,047e34e4] [farmer-sync-2] com.example.farmer.FarmerController - Request from 192.0.2.149 missing X-Request-Id header, generated one
2026-09-22 02:41:00.590 INFO  [farmer-service,7fce9bea25ddb261,008d8104] [http-nio-8080-exec-5] com.example.farmer.FarmerSyncScheduler - Sync batch 8702 queued, 109 pending records
2026-09-22 02:54:02.129 ERROR [farmer-service,6b3433a057fe1990,4d0da2e9] [http-nio-8080-exec-3] com.example.farmer.FarmerSyncService - Sync failed for batch 8028: could not acquire a database connection
java.sql.SQLTransientConnectionException: HikariPool-1 - Connection is not available, request timed out after 30001ms (total=10, active=10, idle=0, waiting=7)
	at com.zaxxer.hikari.pool.HikariPool.createTimeoutException(HikariPool.java:696)
	at com.zaxxer.hikari.pool.HikariPool.getConnection(HikariPool.java:181)
	at com.example.farmer.FarmerSyncService.pushPending(FarmerSyncService.java:36)
	at com.example.farmer.FarmerSyncScheduler.run(FarmerSyncScheduler.java:58)
2026-09-22 02:54:25.255 ERROR [farmer-service,6d7ff8cfa7cb5a75,f8af78d7] [http-nio-8080-exec-3] com.example.farmer.CardRenderJob - Failed to render card label for farmer 29028
java.lang.NullPointerException: Cannot invoke "String.charAt(int)" because "middleName" is null
	at com.example.common.NameFormatter.initials(NameFormatter.java:22)
	at com.example.farmer.FarmerSyncService.cardLabel(FarmerSyncService.java:53)
	at com.example.farmer.CardRenderJob.render(CardRenderJob.java:74)
	at java.base/java.util.concurrent.ThreadPoolExecutor.runWorker(ThreadPoolExecutor.java:1144)
	at java.base/java.lang.Thread.run(Thread.java:1583)
2026-09-22 03:01:46.170 INFO  [farmer-service,62f98b075e51c8a6,22bb3204] [http-nio-8080-exec-8] com.example.farmer.CardRenderJob - Rendered 14 cards in 1356ms
2026-09-22 03:01:59.393 WARN  [farmer-service,22779c66430235e9,6e718e9e] [farmer-sync-3] com.example.farmer.FarmerProfileService - Concurrent update on farmer 9609, retry 1 of 3
com.example.farmer.FarmerProfileService$OptimisticLockException: Row was updated by another transaction (farmer id=4037)
	at com.example.farmer.FarmerProfileService.rename(FarmerProfileService.java:27)
	at com.example.farmer.FarmerController.rename(FarmerController.java:96)
2026-09-22 03:05:08.938 INFO  [farmer-service,bffcd71fbfe06933,3d2323e3] [farmer-sync-8] com.example.common.AuditPublisher - Published 11 audit events to nightshift.audit
2026-09-22 03:06:17.424 INFO  [farmer-service,a6703c662751f0fc,7b594a4e] [farmer-sync-2] com.example.common.AuditPublisher - Published 28 audit events to nightshift.audit
2026-09-22 03:07:28.455 INFO  [farmer-service,b832758e0f03bd22,4ce3cb53] [farmer-sync-5] com.example.farmer.CardRenderJob - Rendered 76 cards in 2105ms
2026-09-22 03:15:04.052 INFO  [farmer-service,2f3d0d627d067383,b4ed32f8] [farmer-sync-8] com.example.farmer.FarmerController - GET /api/v1/farmers?page=33 200 in 55ms
2026-09-22 03:17:50.073 ERROR [farmer-service,a52b40e527125f57,640e4c40] [farmer-sync-8] com.example.farmer.FarmerSyncService - Sync failed for batch 8997: could not acquire a database connection
java.sql.SQLTransientConnectionException: HikariPool-1 - Connection is not available, request timed out after 30001ms (total=10, active=10, idle=0, waiting=7)
	at com.zaxxer.hikari.pool.HikariPool.createTimeoutException(HikariPool.java:696)
	at com.zaxxer.hikari.pool.HikariPool.getConnection(HikariPool.java:181)
	at com.example.farmer.FarmerSyncService.pushPending(FarmerSyncService.java:36)
	at com.example.farmer.FarmerSyncScheduler.run(FarmerSyncScheduler.java:58)
2026-09-22 03:20:29.815 DEBUG [farmer-service,407d21f6eeb1c34f,ae9939fc] [http-nio-8080-exec-2] com.example.farmer.FarmerRepository - select f.* from farmer f where f.region_id = 12
2026-09-22 03:28:20.832 WARN  [farmer-service,a50886090c8a9d6f,07d1a48e] [http-nio-8080-exec-2] com.example.farmer.FarmerProfileService - Concurrent update on farmer 3313, retry 1 of 3
com.example.farmer.FarmerProfileService$OptimisticLockException: Row was updated by another transaction (farmer id=7523)
	at com.example.farmer.FarmerProfileService.rename(FarmerProfileService.java:27)
	at com.example.farmer.FarmerController.rename(FarmerController.java:96)
2026-09-22 03:28:43.701 INFO  [farmer-service,e364a17b755283ac,e6f73993] [http-nio-8080-exec-4] com.example.farmer.CardRenderJob - Rendered 5 cards in 451ms
2026-09-22 03:28:45.471 INFO  [farmer-service,96593c1d4ff96240,b267dde9] [farmer-sync-9] com.example.farmer.FarmerController - GET /api/v1/farmers?page=24 200 in 13ms
2026-09-22 03:29:17.547 INFO  [farmer-service,c2027b37b83669cb,6889880b] [farmer-sync-1] com.example.farmer.FarmerSyncScheduler - Sync batch 8541 queued, 150 pending records
2026-09-22 03:38:06.670 ERROR [farmer-service,0ee4cee900b99de7,e81008a1] [farmer-sync-5] com.example.farmer.FarmerSyncService - Sync failed for batch 8682: could not acquire a database connection
java.sql.SQLTransientConnectionException: HikariPool-1 - Connection is not available, request timed out after 30001ms (total=10, active=10, idle=0, waiting=7)
	at com.zaxxer.hikari.pool.HikariPool.createTimeoutException(HikariPool.java:696)
	at com.zaxxer.hikari.pool.HikariPool.getConnection(HikariPool.java:181)
	at com.example.farmer.FarmerSyncService.pushPending(FarmerSyncService.java:36)
	at com.example.farmer.FarmerSyncScheduler.run(FarmerSyncScheduler.java:58)
2026-09-22 03:40:00.885 INFO  [farmer-service,376a4bc407ef002c,68f59b91] [http-nio-8080-exec-9] com.example.farmer.FarmerController - GET /api/v1/farmers?page=16 200 in 126ms
2026-09-22 03:40:10.713 INFO  [farmer-service,5a47f45dc7de2821,4796f629] [http-nio-8080-exec-4] com.example.farmer.FarmerSyncScheduler - Sync batch 8458 queued, 164 pending records
2026-09-22 03:41:43.920 WARN  [farmer-service,a8f9800d90ae694e,644e138a] [farmer-sync-5] com.example.farmer.FarmerController - Request from 192.0.2.155 missing X-Request-Id header, generated one
2026-09-22 03:47:38.033 ERROR [farmer-service,826a79e887464b8d,d6efe74a] [farmer-sync-2] com.example.farmer.FarmerSyncService - Sync failed for batch 8117: could not acquire a database connection
java.sql.SQLTransientConnectionException: HikariPool-1 - Connection is not available, request timed out after 30001ms (total=10, active=10, idle=0, waiting=7)
	at com.zaxxer.hikari.pool.HikariPool.createTimeoutException(HikariPool.java:696)
	at com.zaxxer.hikari.pool.HikariPool.getConnection(HikariPool.java:181)
	at com.example.farmer.FarmerSyncService.pushPending(FarmerSyncService.java:36)
	at com.example.farmer.FarmerSyncScheduler.run(FarmerSyncScheduler.java:58)
2026-09-22 03:50:14.251 INFO  [farmer-service,99257c3b242795df,e9f11285] [http-nio-8080-exec-1] com.example.farmer.FarmerController - GET /api/v1/farmers?page=26 200 in 35ms
2026-09-22 03:52:40.682 WARN  [farmer-service,68cbaef274b4d3f5,a759e99a] [farmer-sync-5] com.example.farmer.FarmerProfileService - Concurrent update on farmer 5026, retry 2 of 3
com.example.farmer.FarmerProfileService$OptimisticLockException: Row was updated by another transaction (farmer id=5792)
	at com.example.farmer.FarmerProfileService.rename(FarmerProfileService.java:27)
	at com.example.farmer.FarmerController.rename(FarmerController.java:96)
2026-09-22 04:08:05.515 ERROR [farmer-service,90f694539b909cb9,dd8dbfb0] [farmer-sync-9] com.example.farmer.FarmerSyncService - Sync failed for batch 8368: could not acquire a database connection
java.sql.SQLTransientConnectionException: HikariPool-1 - Connection is not available, request timed out after 30001ms (total=10, active=10, idle=0, waiting=7)
	at com.zaxxer.hikari.pool.HikariPool.createTimeoutException(HikariPool.java:696)
	at com.zaxxer.hikari.pool.HikariPool.getConnection(HikariPool.java:181)
	at com.example.farmer.FarmerSyncService.pushPending(FarmerSyncService.java:36)
	at com.example.farmer.FarmerSyncScheduler.run(FarmerSyncScheduler.java:58)
2026-09-22 04:10:42.547 INFO  [farmer-service,f277de47179774f4,1c5cec7c] [http-nio-8080-exec-5] com.example.farmer.CardRenderJob - Rendered 49 cards in 2359ms
2026-09-22 04:24:44.606 WARN  [farmer-service,9fa261454a281acd,a5fa015a] [http-nio-8080-exec-5] com.example.farmer.FarmerController - Request from 192.0.2.73 missing X-Request-Id header, generated one
2026-09-22 04:26:02.586 INFO  [farmer-service,f15fe9a006ccdc60,cd40d11c] [http-nio-8080-exec-8] com.example.common.AuditPublisher - Published 15 audit events to nightshift.audit
2026-09-22 04:33:39.928 ERROR [farmer-service,cc216ae1000589dc,e37fc375] [http-nio-8080-exec-8] com.example.farmer.FarmerSyncService - Sync failed for batch 8458: could not acquire a database connection
java.sql.SQLTransientConnectionException: HikariPool-1 - Connection is not available, request timed out after 30001ms (total=10, active=10, idle=0, waiting=7)
	at com.zaxxer.hikari.pool.HikariPool.createTimeoutException(HikariPool.java:696)
	at com.zaxxer.hikari.pool.HikariPool.getConnection(HikariPool.java:181)
	at com.example.farmer.FarmerSyncService.pushPending(FarmerSyncService.java:36)
	at com.example.farmer.FarmerSyncScheduler.run(FarmerSyncScheduler.java:58)
2026-09-22 04:34:01.187 WARN  [farmer-service,75abfcc4f4ca5727,d68f7468] [farmer-sync-9] org.springframework.boot.context.config.ConfigDataEnvironment - Property 'spring.datasource.initialization-mode' is deprecated and will be removed in a future release
2026-09-22 04:37:56.246 INFO  [farmer-service,7b9cbe6b178218fb,5443eead] [farmer-sync-6] com.example.farmer.CardRenderJob - Rendered 17 cards in 1478ms
2026-09-22 04:43:34.837 INFO  [farmer-service,8287cce391ace7dd,30ead35d] [http-nio-8080-exec-3] com.example.farmer.CardRenderJob - Rendered 55 cards in 2059ms
2026-09-22 04:49:12.587 INFO  [farmer-service,88d34172146c847a,fca50435] [http-nio-8080-exec-3] com.example.farmer.FarmerSyncScheduler - Sync batch 8902 queued, 278 pending records
2026-09-22 04:51:41.070 INFO  [farmer-service,f4d1698d88326628,8281856c] [farmer-sync-2] com.example.farmer.FarmerSyncScheduler - Sync batch 8958 queued, 43 pending records
2026-09-22 04:52:10.075 ERROR [farmer-service,411b4efdab3c610e,55a9ee3d] [http-nio-8080-exec-4] com.example.farmer.FarmerSyncService - Sync failed for batch 8543: could not acquire a database connection
java.sql.SQLTransientConnectionException: HikariPool-1 - Connection is not available, request timed out after 30001ms (total=10, active=10, idle=0, waiting=7)
	at com.zaxxer.hikari.pool.HikariPool.createTimeoutException(HikariPool.java:696)
	at com.zaxxer.hikari.pool.HikariPool.getConnection(HikariPool.java:181)
	at com.example.farmer.FarmerSyncService.pushPending(FarmerSyncService.java:36)
	at com.example.farmer.FarmerSyncScheduler.run(FarmerSyncScheduler.java:58)
2026-09-22 04:54:43.730 ERROR [farmer-service,78ce471c7612394a,fe5cb104] [farmer-sync-8] com.example.farmer.FarmerSyncService - Sync failed for batch 8774: could not acquire a database connection
java.sql.SQLTransientConnectionException: HikariPool-1 - Connection is not available, request timed out after 30001ms (total=10, active=10, idle=0, waiting=7)
	at com.zaxxer.hikari.pool.HikariPool.createTimeoutException(HikariPool.java:696)
	at com.zaxxer.hikari.pool.HikariPool.getConnection(HikariPool.java:181)
	at com.example.farmer.FarmerSyncService.pushPending(FarmerSyncService.java:36)
	at com.example.farmer.FarmerSyncScheduler.run(FarmerSyncScheduler.java:58)
2026-09-22 04:55:45.241 WARN  [farmer-service,6530d8f50e0ebdce,12016d8d] [http-nio-8080-exec-9] org.springframework.boot.context.config.ConfigDataEnvironment - Property 'spring.datasource.initialization-mode' is deprecated and will be removed in a future release
2026-09-22 04:57:57.604 INFO  [farmer-service,6a51cd58098ecf7f,ebe29956] [farmer-sync-5] com.example.farmer.FarmerSyncScheduler - Sync batch 8553 queued, 103 pending records
2026-09-22 04:58:39.358 WARN  [farmer-service,08102257527033c9,94659e1e] [farmer-sync-4] com.example.farmer.FarmerProfileService - Concurrent update on farmer 5128, retry 1 of 3
com.example.farmer.FarmerProfileService$OptimisticLockException: Row was updated by another transaction (farmer id=5243)
	at com.example.farmer.FarmerProfileService.rename(FarmerProfileService.java:27)
	at com.example.farmer.FarmerController.rename(FarmerController.java:96)
2026-09-22 05:00:17.161 INFO  [farmer-service,31837243488b5f90,fbe4873f] [http-nio-8080-exec-6] com.example.farmer.CardRenderJob - Rendered 44 cards in 2393ms
2026-09-22 05:03:34.165 WARN  [farmer-service,35cbc4baadbe7146,8ebf38ac] [http-nio-8080-exec-5] com.example.farmer.FarmerController - Request from 192.0.2.212 missing X-Request-Id header, generated one
2026-09-22 05:04:48.818 ERROR [farmer-service,89a898636e310427,28abc2c0] [http-nio-8080-exec-3] com.example.farmer.FarmerSyncService - Sync failed for batch 8224: could not acquire a database connection
java.sql.SQLTransientConnectionException: HikariPool-1 - Connection is not available, request timed out after 30001ms (total=10, active=10, idle=0, waiting=7)
	at com.zaxxer.hikari.pool.HikariPool.createTimeoutException(HikariPool.java:696)
	at com.zaxxer.hikari.pool.HikariPool.getConnection(HikariPool.java:181)
	at com.example.farmer.FarmerSyncService.pushPending(FarmerSyncService.java:36)
	at com.example.farmer.FarmerSyncScheduler.run(FarmerSyncScheduler.java:58)
2026-09-22 05:14:08.362 DEBUG [farmer-service,19f4a1395d89b544,2ea10bb4] [http-nio-8080-exec-7] com.example.farmer.FarmerRepository - select f.* from farmer f where f.region_id = 61
2026-09-22 05:19:51.348 INFO  [farmer-service,97b63fbd1bc243c0,9773994a] [farmer-sync-4] com.example.farmer.FarmerController - GET /api/v1/farmers?page=16 200 in 102ms
2026-09-22 05:21:37.051 INFO  [farmer-service,aa2fa6fe02e52ff6,5965670b] [farmer-sync-7] com.example.farmer.FarmerSyncScheduler - Sync batch 8755 queued, 311 pending records
2026-09-22 05:22:19.090 INFO  [farmer-service,607c82127dea42ee,ef40b1d1] [farmer-sync-6] com.example.common.AuditPublisher - Published 27 audit events to nightshift.audit
2026-09-22 05:32:20.399 INFO  [farmer-service,92a8768f3446b12d,f36499d5] [farmer-sync-2] com.example.common.AuditPublisher - Published 8 audit events to nightshift.audit
2026-09-22 05:32:51.439 INFO  [farmer-service,95ee2c6c5f5d9cfd,8f2f43a7] [http-nio-8080-exec-5] com.example.farmer.FarmerSyncScheduler - Sync batch 8428 queued, 385 pending records
2026-09-22 05:36:33.533 ERROR [farmer-service,440c27d820fa0dd8,cc9a23c3] [farmer-sync-5] com.example.farmer.CardRenderJob - Failed to render card label for farmer 27047
java.lang.NullPointerException: Cannot invoke "String.charAt(int)" because "middleName" is null
	at com.example.common.NameFormatter.initials(NameFormatter.java:22)
	at com.example.farmer.FarmerSyncService.cardLabel(FarmerSyncService.java:53)
	at com.example.farmer.CardRenderJob.render(CardRenderJob.java:74)
	at java.base/java.util.concurrent.ThreadPoolExecutor.runWorker(ThreadPoolExecutor.java:1144)
	at java.base/java.lang.Thread.run(Thread.java:1583)
2026-09-22 05:36:49.145 INFO  [farmer-service,511414e307f815ab,6761c265] [farmer-sync-1] com.example.farmer.FarmerSyncScheduler - Sync batch 8759 queued, 35 pending records
2026-09-22 05:49:12.016 INFO  [farmer-service,0a39e749e5a97d0b,fd69b070] [http-nio-8080-exec-4] com.example.farmer.CardRenderJob - Rendered 30 cards in 1716ms
2026-09-22 05:49:36.809 WARN  [farmer-service,6cc53ac146ee9a04,48a80c80] [http-nio-8080-exec-7] com.example.farmer.FarmerProfileService - Concurrent update on farmer 1066, retry 2 of 3
com.example.farmer.FarmerProfileService$OptimisticLockException: Row was updated by another transaction (farmer id=7295)
	at com.example.farmer.FarmerProfileService.rename(FarmerProfileService.java:27)
	at com.example.farmer.FarmerController.rename(FarmerController.java:96)
2026-09-22 05:51:21.666 DEBUG [farmer-service,8dbc5e9f15a48c58,c4712fad] [http-nio-8080-exec-4] com.example.farmer.FarmerRepository - select f.* from farmer f where f.region_id = 43
2026-09-22 05:54:39.305 ERROR [farmer-service,b442fb4bc79103dd,299ccf6b] [http-nio-8080-exec-4] com.example.farmer.FarmerSyncService - Sync failed for batch 8873: could not acquire a database connection
java.sql.SQLTransientConnectionException: HikariPool-1 - Connection is not available, request timed out after 30001ms (total=10, active=10, idle=0, waiting=7)
	at com.zaxxer.hikari.pool.HikariPool.createTimeoutException(HikariPool.java:696)
	at com.zaxxer.hikari.pool.HikariPool.getConnection(HikariPool.java:181)
	at com.example.farmer.FarmerSyncService.pushPending(FarmerSyncService.java:36)
	at com.example.farmer.FarmerSyncScheduler.run(FarmerSyncScheduler.java:58)
2026-09-22 05:58:30.988 INFO  [farmer-service,6fc77765f5d10c96,f319b2b7] [farmer-sync-8] com.example.common.AuditPublisher - Published 8 audit events to nightshift.audit
2026-09-22 06:00:22.478 DEBUG [farmer-service,0385bb8b4915df5a,3658287f] [http-nio-8080-exec-6] com.example.farmer.FarmerRepository - select f.* from farmer f where f.region_id = 19
2026-09-22 06:04:39.027 ERROR [farmer-service,62fbb6b5efc12dda,dcdba823] [farmer-sync-4] com.example.farmer.FarmerSyncService - Sync failed for batch 8419: could not acquire a database connection
java.sql.SQLTransientConnectionException: HikariPool-1 - Connection is not available, request timed out after 30001ms (total=10, active=10, idle=0, waiting=7)
	at com.zaxxer.hikari.pool.HikariPool.createTimeoutException(HikariPool.java:696)
	at com.zaxxer.hikari.pool.HikariPool.getConnection(HikariPool.java:181)
	at com.example.farmer.FarmerSyncService.pushPending(FarmerSyncService.java:36)
	at com.example.farmer.FarmerSyncScheduler.run(FarmerSyncScheduler.java:58)
2026-09-22 06:09:16.596 INFO  [farmer-service,469b3971c409a4ed,32875f2a] [http-nio-8080-exec-1] com.example.farmer.CardRenderJob - Rendered 42 cards in 2132ms
2026-09-22 06:13:19.896 DEBUG [farmer-service,990bee8aba983085,78ebb4ad] [farmer-sync-6] com.example.farmer.FarmerRepository - select f.* from farmer f where f.region_id = 58
2026-09-22 06:22:27.381 ERROR [farmer-service,74ff7d19b8555acf,46170369] [farmer-sync-6] com.example.farmer.FarmerSyncService - Sync failed for batch 8549: could not acquire a database connection
java.sql.SQLTransientConnectionException: HikariPool-1 - Connection is not available, request timed out after 30001ms (total=10, active=10, idle=0, waiting=7)
	at com.zaxxer.hikari.pool.HikariPool.createTimeoutException(HikariPool.java:696)
	at com.zaxxer.hikari.pool.HikariPool.getConnection(HikariPool.java:181)
	at com.example.farmer.FarmerSyncService.pushPending(FarmerSyncService.java:36)
	at com.example.farmer.FarmerSyncScheduler.run(FarmerSyncScheduler.java:58)
2026-09-22 06:34:41.661 INFO  [farmer-service,732b1daa50bdff59,c629853c] [farmer-sync-1] com.example.farmer.CardRenderJob - Rendered 26 cards in 2132ms
2026-09-22 06:35:07.701 WARN  [farmer-service,64ee28ae7613b1d1,bf3852bd] [http-nio-8080-exec-9] com.example.farmer.FarmerProfileService - Concurrent update on farmer 7033, retry 1 of 3
com.example.farmer.FarmerProfileService$OptimisticLockException: Row was updated by another transaction (farmer id=3383)
	at com.example.farmer.FarmerProfileService.rename(FarmerProfileService.java:27)
	at com.example.farmer.FarmerController.rename(FarmerController.java:96)
2026-09-22 06:36:14.313 WARN  [farmer-service,6ba0733e0befdf53,e6dd0e6f] [farmer-sync-7] com.example.farmer.FarmerController - Request from 192.0.2.237 missing X-Request-Id header, generated one
2026-09-22 06:42:13.475 INFO  [farmer-service,5a3313f13e5a4ba8,d614ed54] [http-nio-8080-exec-6] com.example.common.AuditPublisher - Published 10 audit events to nightshift.audit
2026-09-22 06:43:54.559 INFO  [farmer-service,e570d9ddf8436856,15a5644c] [http-nio-8080-exec-7] com.example.farmer.FarmerSyncScheduler - Sync batch 8148 queued, 106 pending records
2026-09-22 06:44:10.901 INFO  [farmer-service,fa3e32636fcd64d3,20e764aa] [http-nio-8080-exec-3] com.example.common.AuditPublisher - Published 14 audit events to nightshift.audit
2026-09-22 06:48:38.035 ERROR [farmer-service,d0b05a40a1542aa3,c87bc489] [http-nio-8080-exec-4] com.example.farmer.FarmerSyncService - Sync failed for batch 8409: could not acquire a database connection
java.sql.SQLTransientConnectionException: HikariPool-1 - Connection is not available, request timed out after 30001ms (total=10, active=10, idle=0, waiting=7)
	at com.zaxxer.hikari.pool.HikariPool.createTimeoutException(HikariPool.java:696)
	at com.zaxxer.hikari.pool.HikariPool.getConnection(HikariPool.java:181)
	at com.example.farmer.FarmerSyncService.pushPending(FarmerSyncService.java:36)
	at com.example.farmer.FarmerSyncScheduler.run(FarmerSyncScheduler.java:58)
2026-09-22 06:50:03.973 INFO  [farmer-service,fac41859b8db8ca8,6c5cd6bb] [http-nio-8080-exec-7] com.example.farmer.FarmerSyncScheduler - Sync batch 8852 queued, 328 pending records
2026-09-22 06:53:06.420 INFO  [farmer-service,be4c64c46cd90b43,45a38717] [http-nio-8080-exec-8] com.example.farmer.FarmerController - GET /api/v1/farmers?page=26 200 in 36ms
2026-09-22 06:56:01.295 ERROR [farmer-service,77fee01f8c4263e8,32d1b321] [farmer-sync-9] com.example.farmer.FarmerSyncService - Sync failed for batch 8841: could not acquire a database connection
java.sql.SQLTransientConnectionException: HikariPool-1 - Connection is not available, request timed out after 30001ms (total=10, active=10, idle=0, waiting=7)
	at com.zaxxer.hikari.pool.HikariPool.createTimeoutException(HikariPool.java:696)
	at com.zaxxer.hikari.pool.HikariPool.getConnection(HikariPool.java:181)
	at com.example.farmer.FarmerSyncService.pushPending(FarmerSyncService.java:36)
	at com.example.farmer.FarmerSyncScheduler.run(FarmerSyncScheduler.java:58)
2026-09-22 06:59:18.425 ERROR [farmer-service,91b8cbbfdf619f83,b62ab043] [farmer-sync-7] com.example.farmer.FarmerSyncService - Sync failed for batch 8010: could not acquire a database connection
java.sql.SQLTransientConnectionException: HikariPool-1 - Connection is not available, request timed out after 30001ms (total=10, active=10, idle=0, waiting=7)
	at com.zaxxer.hikari.pool.HikariPool.createTimeoutException(HikariPool.java:696)
	at com.zaxxer.hikari.pool.HikariPool.getConnection(HikariPool.java:181)
	at com.example.farmer.FarmerSyncService.pushPending(FarmerSyncService.java:36)
	at com.example.farmer.FarmerSyncScheduler.run(FarmerSyncScheduler.java:58)
2026-09-22 07:04:51.705 INFO  [farmer-service,b63e524d92bbfab8,35353bbe] [http-nio-8080-exec-9] com.example.farmer.FarmerSyncScheduler - Sync batch 8664 queued, 139 pending records
2026-09-22 07:07:16.121 INFO  [farmer-service,cb0bf7c183b691e2,9f04e27c] [farmer-sync-3] com.example.farmer.CardRenderJob - Rendered 14 cards in 1130ms
2026-09-22 07:11:20.510 INFO  [farmer-service,3fa7bf58075564b4,660c063d] [farmer-sync-6] com.example.farmer.FarmerController - GET /api/v1/farmers?page=11 200 in 135ms
2026-09-22 07:18:13.269 INFO  [farmer-service,f7da137e94106133,a8f74e36] [http-nio-8080-exec-4] com.example.farmer.FarmerController - GET /api/v1/farmers?page=29 200 in 46ms
2026-09-22 07:24:18.293 ERROR [farmer-service,cd1fe1c667133c35,99c0da85] [http-nio-8080-exec-9] com.example.farmer.FarmerSyncService - Sync failed for batch 8883: could not acquire a database connection
java.sql.SQLTransientConnectionException: HikariPool-1 - Connection is not available, request timed out after 30001ms (total=10, active=10, idle=0, waiting=7)
	at com.zaxxer.hikari.pool.HikariPool.createTimeoutException(HikariPool.java:696)
	at com.zaxxer.hikari.pool.HikariPool.getConnection(HikariPool.java:181)
	at com.example.farmer.FarmerSyncService.pushPending(FarmerSyncService.java:36)
	at com.example.farmer.FarmerSyncScheduler.run(FarmerSyncScheduler.java:58)
2026-09-22 07:31:11.619 INFO  [farmer-service,609380bf1c3fe684,8ef9d13e] [http-nio-8080-exec-8] com.example.farmer.FarmerController - GET /api/v1/farmers?page=28 200 in 84ms
2026-09-22 07:54:14.580 INFO  [farmer-service,da0a9f24e0ac32a8,2a034134] [http-nio-8080-exec-4] com.example.farmer.CardRenderJob - Rendered 53 cards in 797ms
2026-09-22 07:54:27.058 WARN  [farmer-service,96ea637f921e6538,82dd5d0a] [http-nio-8080-exec-2] com.example.farmer.FarmerProfileService - Concurrent update on farmer 1025, retry 1 of 3
com.example.farmer.FarmerProfileService$OptimisticLockException: Row was updated by another transaction (farmer id=3996)
	at com.example.farmer.FarmerProfileService.rename(FarmerProfileService.java:27)
	at com.example.farmer.FarmerController.rename(FarmerController.java:96)
2026-09-22 07:57:33.495 INFO  [farmer-service,84d37e1e0a8edeef,13ab0987] [http-nio-8080-exec-7] com.example.farmer.CardRenderJob - Rendered 73 cards in 790ms
2026-09-22 07:59:00.154 DEBUG [farmer-service,9a8480a7ffe69b7e,c6d43c65] [farmer-sync-6] com.example.farmer.FarmerRepository - select f.* from farmer f where f.region_id = 37
2026-09-22 08:00:25.587 INFO  [farmer-service,b0fd78a8170dc88d,e0be2c14] [farmer-sync-6] com.example.farmer.FarmerController - GET /api/v1/farmers?page=33 200 in 133ms
2026-09-22 08:00:26.003 INFO  [farmer-service,8b89fc3c79974817,79436799] [farmer-sync-2] com.example.farmer.FarmerSyncScheduler - Sync batch 8343 queued, 174 pending records
2026-09-22 08:00:43.836 WARN  [farmer-service,40f004af71b34e9a,b197dc19] [http-nio-8080-exec-3] com.example.farmer.FarmerController - Request from 192.0.2.148 missing X-Request-Id header, generated one
2026-09-22 08:01:03.836 INFO  [farmer-service,5ceeb2c892f71fc8,c22d53f9] [farmer-sync-9] com.example.farmer.CardRenderJob - Rendered 8 cards in 1766ms
2026-09-22 08:03:38.686 INFO  [farmer-service,8791f9afc7744b2b,dbdda217] [http-nio-8080-exec-6] com.example.common.AuditPublisher - Published 28 audit events to nightshift.audit
2026-09-22 08:04:57.888 WARN  [farmer-service,d630b956a6a19958,6e32d1bb] [http-nio-8080-exec-5] com.example.farmer.FarmerController - Request from 192.0.2.175 missing X-Request-Id header, generated one
2026-09-22 08:07:07.047 WARN  [farmer-service,2378126db2c1410c,eb088785] [http-nio-8080-exec-1] com.example.farmer.FarmerController - Request from 192.0.2.159 missing X-Request-Id header, generated one
2026-09-22 08:07:14.832 WARN  [farmer-service,9257fd71c6aa0b65,bee0d032] [http-nio-8080-exec-5] com.example.farmer.FarmerController - Request from 192.0.2.83 missing X-Request-Id header, generated one
2026-09-22 08:09:42.027 WARN  [farmer-service,40fefd9d3d30fcff,b1fbd311] [http-nio-8080-exec-2] com.example.farmer.FarmerProfileService - Concurrent update on farmer 6111, retry 1 of 3
com.example.farmer.FarmerProfileService$OptimisticLockException: Row was updated by another transaction (farmer id=8336)
	at com.example.farmer.FarmerProfileService.rename(FarmerProfileService.java:27)
	at com.example.farmer.FarmerController.rename(FarmerController.java:96)
2026-09-22 08:10:15.252 WARN  [farmer-service,04525d6ea5f08004,2476dbb1] [http-nio-8080-exec-5] com.example.farmer.FarmerController - Request from 192.0.2.216 missing X-Request-Id header, generated one
2026-09-22 08:14:05.362 INFO  [farmer-service,01666ea0c7b39b13,53dddf96] [farmer-sync-3] com.example.farmer.FarmerController - GET /api/v1/farmers?page=36 200 in 129ms
2026-09-22 08:14:48.702 INFO  [farmer-service,43b1359d70a77f60,14860f03] [http-nio-8080-exec-8] com.example.farmer.CardRenderJob - Rendered 53 cards in 1386ms
2026-09-22 08:14:58.697 WARN  [farmer-service,d5eac644311ab291,83f45b43] [farmer-sync-5] com.example.farmer.FarmerController - Request from 192.0.2.226 missing X-Request-Id header, generated one
2026-09-22 08:15:02.285 INFO  [farmer-service,49debe4d4722af17,c07cc7fa] [farmer-sync-5] com.example.common.AuditPublisher - Published 5 audit events to nightshift.audit
2026-09-22 08:17:03.357 INFO  [farmer-service,a02a1a7dee81cc5d,85739f01] [http-nio-8080-exec-2] com.example.farmer.FarmerController - GET /api/v1/farmers?page=23 200 in 81ms
2026-09-22 08:18:11.190 WARN  [farmer-service,69c121145cf869ef,3b8538d9] [http-nio-8080-exec-5] com.example.farmer.FarmerController - Request from 192.0.2.181 missing X-Request-Id header, generated one
2026-09-22 08:18:58.929 DEBUG [farmer-service,2b9b57e7ef204b21,caad728f] [http-nio-8080-exec-4] com.example.farmer.FarmerRepository - select f.* from farmer f where f.region_id = 22
2026-09-22 08:21:53.511 WARN  [farmer-service,30a655751888359f,d3d43c98] [http-nio-8080-exec-2] com.example.farmer.FarmerController - Request from 192.0.2.201 missing X-Request-Id header, generated one
2026-09-22 08:22:32.134 WARN  [farmer-service,1d3ce106bd4b5ec1,9fefdf88] [http-nio-8080-exec-6] com.example.farmer.FarmerController - Request from 192.0.2.10 missing X-Request-Id header, generated one
2026-09-22 08:22:34.928 INFO  [farmer-service,41974db71fb7f17c,99c94557] [farmer-sync-3] com.example.common.AuditPublisher - Published 30 audit events to nightshift.audit
2026-09-22 08:23:20.769 WARN  [farmer-service,33cbc384ffad954e,fcc13c3d] [farmer-sync-1] com.example.farmer.FarmerController - Request from 192.0.2.113 missing X-Request-Id header, generated one
2026-09-22 08:24:06.997 INFO  [farmer-service,c1235b69a67ebdc0,59c3b4d3] [http-nio-8080-exec-2] com.example.farmer.CardRenderJob - Rendered 83 cards in 1633ms
2026-09-22 08:24:14.987 DEBUG [farmer-service,2222d2661ea807ff,39d7072f] [farmer-sync-3] com.example.farmer.FarmerRepository - select f.* from farmer f where f.region_id = 20
2026-09-22 08:25:48.684 ERROR [farmer-service,4f4f9acba0eca851,2b0ea32a] [http-nio-8080-exec-9] com.example.farmer.FarmerSyncService - Sync failed for batch 8184: could not acquire a database connection
java.sql.SQLTransientConnectionException: HikariPool-1 - Connection is not available, request timed out after 30001ms (total=10, active=10, idle=0, waiting=7)
	at com.zaxxer.hikari.pool.HikariPool.createTimeoutException(HikariPool.java:696)
	at com.zaxxer.hikari.pool.HikariPool.getConnection(HikariPool.java:181)
	at com.example.farmer.FarmerSyncService.pushPending(FarmerSyncService.java:36)
	at com.example.farmer.FarmerSyncScheduler.run(FarmerSyncScheduler.java:58)
2026-09-22 08:26:07.371 INFO  [farmer-service,9a9172734458778f,a058a819] [http-nio-8080-exec-4] com.example.farmer.FarmerController - GET /api/v1/farmers?page=4 200 in 46ms
2026-09-22 08:26:40.591 WARN  [farmer-service,d5b4e683d10064fb,cc692a9e] [farmer-sync-8] com.example.farmer.FarmerController - Request from 192.0.2.211 missing X-Request-Id header, generated one
2026-09-22 08:27:03.692 WARN  [farmer-service,44d42420ad64ea77,04cafbc3] [http-nio-8080-exec-6] com.example.farmer.FarmerController - Request from 192.0.2.55 missing X-Request-Id header, generated one
2026-09-22 08:27:27.149 INFO  [farmer-service,386ef5bafe796ff7,1b31530b] [farmer-sync-2] com.example.farmer.FarmerController - GET /api/v1/farmers?page=25 200 in 106ms
2026-09-22 08:28:19.817 INFO  [farmer-service,8e4de1647989e15a,c55fa120] [http-nio-8080-exec-2] com.example.common.AuditPublisher - Published 26 audit events to nightshift.audit
2026-09-22 08:29:21.815 INFO  [farmer-service,593bb4d3e41c964b,2c0c346d] [http-nio-8080-exec-4] com.example.common.AuditPublisher - Published 17 audit events to nightshift.audit
2026-09-22 08:30:00.188 INFO  [farmer-service,ad068972718243e9,e39d8fc4] [farmer-sync-1] com.example.farmer.CardRenderJob - Rendered 58 cards in 1899ms
2026-09-22 08:30:05.865 DEBUG [farmer-service,335146e7e083ccd7,7c68fedb] [http-nio-8080-exec-7] com.example.farmer.FarmerRepository - select f.* from farmer f where f.region_id = 46
2026-09-22 08:30:27.433 DEBUG [farmer-service,7b5a05dc18bfc7db,a1809d92] [http-nio-8080-exec-5] com.example.farmer.FarmerRepository - select f.* from farmer f where f.region_id = 43
2026-09-22 08:30:58.318 INFO  [farmer-service,da816f01effb1b10,78f6dd8d] [farmer-sync-5] com.example.common.AuditPublisher - Published 15 audit events to nightshift.audit
2026-09-22 08:32:40.475 ERROR [farmer-service,f7962fcb4535e654,75595cc3] [http-nio-8080-exec-8] com.example.farmer.FarmerSyncService - Sync failed for batch 8504: could not acquire a database connection
java.sql.SQLTransientConnectionException: HikariPool-1 - Connection is not available, request timed out after 30001ms (total=10, active=10, idle=0, waiting=7)
	at com.zaxxer.hikari.pool.HikariPool.createTimeoutException(HikariPool.java:696)
	at com.zaxxer.hikari.pool.HikariPool.getConnection(HikariPool.java:181)
	at com.example.farmer.FarmerSyncService.pushPending(FarmerSyncService.java:36)
	at com.example.farmer.FarmerSyncScheduler.run(FarmerSyncScheduler.java:58)
2026-09-22 08:33:13.870 INFO  [farmer-service,3183a5e65fb92563,ab5d4a59] [http-nio-8080-exec-1] com.example.farmer.FarmerSyncScheduler - Sync batch 8759 queued, 384 pending records
2026-09-22 08:33:46.179 INFO  [farmer-service,122f8b2616800235,c9f0b55f] [http-nio-8080-exec-8] com.example.farmer.FarmerController - GET /api/v1/farmers?page=21 200 in 80ms
2026-09-22 08:33:54.759 DEBUG [farmer-service,bee2a9382df8d7ad,7cefa08c] [http-nio-8080-exec-2] com.example.farmer.FarmerRepository - select f.* from farmer f where f.region_id = 6
2026-09-22 08:36:01.028 ERROR [farmer-service,cb7cdcf9b09bc039,d8f23c03] [farmer-sync-8] com.example.farmer.CardRenderJob - Failed to render card label for farmer 92509
java.lang.NullPointerException: Cannot invoke "String.charAt(int)" because "middleName" is null
	at com.example.common.NameFormatter.initials(NameFormatter.java:22)
	at com.example.farmer.FarmerSyncService.cardLabel(FarmerSyncService.java:53)
	at com.example.farmer.CardRenderJob.render(CardRenderJob.java:74)
	at java.base/java.util.concurrent.ThreadPoolExecutor.runWorker(ThreadPoolExecutor.java:1144)
	at java.base/java.lang.Thread.run(Thread.java:1583)
2026-09-22 08:36:44.485 INFO  [farmer-service,06964cc4c0fcaa7e,8b1e5b80] [http-nio-8080-exec-5] com.example.farmer.FarmerSyncScheduler - Sync batch 8131 queued, 56 pending records
2026-09-22 08:38:23.275 INFO  [farmer-service,7fdcee69a8b426fe,ac51bfc6] [http-nio-8080-exec-8] com.example.farmer.FarmerSyncScheduler - Sync batch 8888 queued, 352 pending records
2026-09-22 08:38:47.740 WARN  [farmer-service,40917bfca952ba36,1eb5e217] [http-nio-8080-exec-7] com.example.farmer.FarmerController - Request from 192.0.2.51 missing X-Request-Id header, generated one
2026-09-22 08:40:55.936 INFO  [farmer-service,8cbcdd7b48ebe6e0,48488bce] [http-nio-8080-exec-6] com.example.farmer.CardRenderJob - Rendered 62 cards in 638ms
2026-09-22 08:41:38.566 ERROR [farmer-service,c94c27747ad50aa7,ed1c4828] [http-nio-8080-exec-7] com.example.farmer.FarmerSyncService - Sync failed for batch 8162: could not acquire a database connection
java.sql.SQLTransientConnectionException: HikariPool-1 - Connection is not available, request timed out after 30001ms (total=10, active=10, idle=0, waiting=7)
	at com.zaxxer.hikari.pool.HikariPool.createTimeoutException(HikariPool.java:696)
	at com.zaxxer.hikari.pool.HikariPool.getConnection(HikariPool.java:181)
	at com.example.farmer.FarmerSyncService.pushPending(FarmerSyncService.java:36)
	at com.example.farmer.FarmerSyncScheduler.run(FarmerSyncScheduler.java:58)
2026-09-22 08:42:11.915 WARN  [farmer-service,a18e1f704d7b049a,ca89eb2f] [http-nio-8080-exec-3] com.example.farmer.FarmerController - Request from 192.0.2.156 missing X-Request-Id header, generated one
2026-09-22 08:43:00.095 INFO  [farmer-service,db64face264893e9,707f7d4e] [farmer-sync-2] com.example.common.AuditPublisher - Published 13 audit events to nightshift.audit
2026-09-22 08:43:45.270 INFO  [farmer-service,4c63ba3665c60d2e,a2c9878c] [farmer-sync-7] com.example.farmer.CardRenderJob - Rendered 33 cards in 876ms
2026-09-22 08:43:52.850 INFO  [farmer-service,c61cabadd2a8d5f3,cf520de6] [farmer-sync-1] com.example.farmer.FarmerSyncScheduler - Sync batch 8612 queued, 369 pending records
2026-09-22 08:44:09.643 INFO  [farmer-service,fb9db54d2e59e717,97992cb1] [farmer-sync-6] com.example.farmer.FarmerSyncScheduler - Sync batch 8353 queued, 132 pending records
2026-09-22 08:45:49.274 INFO  [farmer-service,8e24402bfefb1471,4b54d2d5] [farmer-sync-2] com.example.farmer.FarmerSyncScheduler - Sync batch 8266 queued, 346 pending records
2026-09-22 08:45:59.133 DEBUG [farmer-service,09d6e53547228c13,f1c9d376] [farmer-sync-3] com.example.farmer.FarmerRepository - select f.* from farmer f where f.region_id = 8
2026-09-22 08:48:38.784 INFO  [farmer-service,a7d63a649c0811cc,57104ebf] [farmer-sync-4] com.example.farmer.CardRenderJob - Rendered 61 cards in 2388ms
2026-09-22 08:48:47.496 DEBUG [farmer-service,13a6fe649b11f235,81a0a09c] [farmer-sync-4] com.example.farmer.FarmerRepository - select f.* from farmer f where f.region_id = 61
2026-09-22 08:48:50.152 INFO  [farmer-service,859365d8a5fde967,97b7ef3d] [farmer-sync-9] com.example.farmer.FarmerSyncScheduler - Sync batch 8370 queued, 96 pending records
2026-09-22 08:49:14.852 INFO  [farmer-service,5675acc2dfdbb27a,cf752cc1] [farmer-sync-4] com.example.farmer.FarmerController - GET /api/v1/farmers?page=2 200 in 51ms
2026-09-22 08:49:18.274 WARN  [farmer-service,5b8c814206d9997f,3cc01b41] [http-nio-8080-exec-7] com.example.farmer.FarmerController - Request from 192.0.2.203 missing X-Request-Id header, generated one
2026-09-22 08:51:15.261 WARN  [farmer-service,b06556089ccda32b,0ef591b7] [http-nio-8080-exec-1] com.example.farmer.FarmerController - Request from 192.0.2.72 missing X-Request-Id header, generated one
2026-09-22 08:51:59.297 INFO  [farmer-service,e56a13d0fa5983fc,ad87618d] [farmer-sync-4] com.example.farmer.FarmerController - GET /api/v1/farmers?page=36 200 in 18ms
2026-09-22 08:52:38.800 DEBUG [farmer-service,f010f65a220944e5,ffe21152] [farmer-sync-8] com.example.farmer.FarmerRepository - select f.* from farmer f where f.region_id = 22
2026-09-22 08:52:54.999 WARN  [farmer-service,b395558bf2ca8c1e,3ff47809] [http-nio-8080-exec-8] com.example.farmer.FarmerController - Request from 192.0.2.98 missing X-Request-Id header, generated one
2026-09-22 08:53:02.069 INFO  [farmer-service,9190f5b2ff1955b7,d4a7bd23] [http-nio-8080-exec-6] com.example.farmer.CardRenderJob - Rendered 88 cards in 1812ms
2026-09-22 08:53:14.628 DEBUG [farmer-service,c1c605b428bd5d81,0c5b8af6] [http-nio-8080-exec-1] com.example.farmer.FarmerRepository - select f.* from farmer f where f.region_id = 23
2026-09-22 08:53:27.164 DEBUG [farmer-service,6e5743e41c50c1c0,90604a9c] [farmer-sync-1] com.example.farmer.FarmerRepository - select f.* from farmer f where f.region_id = 23
2026-09-22 08:54:13.192 INFO  [farmer-service,7a5645beece73e56,487ec4fb] [http-nio-8080-exec-5] com.example.farmer.FarmerSyncScheduler - Sync batch 8700 queued, 353 pending records
2026-09-22 08:55:32.411 INFO  [farmer-service,e2808be8b4f45069,47088ddf] [http-nio-8080-exec-9] com.example.farmer.FarmerController - GET /api/v1/farmers?page=19 200 in 23ms
2026-09-22 08:55:43.524 INFO  [farmer-service,28ccf0b945cca18a,d74f0e15] [http-nio-8080-exec-6] com.example.farmer.FarmerController - GET /api/v1/farmers?page=4 200 in 134ms
2026-09-22 08:56:14.063 INFO  [farmer-service,f1d197e4d4f77aa6,313dbc40] [farmer-sync-7] com.example.farmer.FarmerSyncScheduler - Sync batch 8257 queued, 393 pending records
2026-09-22 08:57:34.144 DEBUG [farmer-service,adf339d6779b2a04,879375df] [farmer-sync-1] com.example.farmer.FarmerRepository - select f.* from farmer f where f.region_id = 12
2026-09-22 08:58:22.325 DEBUG [farmer-service,7009dca730708c94,75b32bc7] [farmer-sync-3] com.example.farmer.FarmerRepository - select f.* from farmer f where f.region_id = 27
2026-09-22 09:01:58.390 DEBUG [farmer-service,f6a87a9bf01f5e4c,8f79e3d5] [http-nio-8080-exec-8] com.example.farmer.FarmerRepository - select f.* from farmer f where f.region_id = 49
2026-09-22 09:03:59.107 INFO  [farmer-service,705100ef55d7e9ae,51c82a66] [http-nio-8080-exec-9] com.example.farmer.FarmerSyncScheduler - Sync batch 8569 queued, 328 pending records
2026-09-22 09:04:28.373 ERROR [farmer-service,44b5be6abc340935,dce67683] [farmer-sync-3] com.example.farmer.CardRenderJob - Failed to render card label for farmer 52375
java.lang.NullPointerException: Cannot invoke "String.charAt(int)" because "middleName" is null
	at com.example.common.NameFormatter.initials(NameFormatter.java:22)
	at com.example.farmer.FarmerSyncService.cardLabel(FarmerSyncService.java:53)
	at com.example.farmer.CardRenderJob.render(CardRenderJob.java:74)
	at java.base/java.util.concurrent.ThreadPoolExecutor.runWorker(ThreadPoolExecutor.java:1144)
	at java.base/java.lang.Thread.run(Thread.java:1583)
2026-09-22 09:04:56.636 WARN  [farmer-service,1e0fdce80cf0c6ed,75add9b4] [http-nio-8080-exec-5] com.example.farmer.FarmerController - Request from 192.0.2.125 missing X-Request-Id header, generated one
2026-09-22 09:06:01.441 INFO  [farmer-service,1b1b9f61a3c19208,b977e68b] [farmer-sync-2] com.example.common.AuditPublisher - Published 27 audit events to nightshift.audit
2026-09-22 09:06:42.190 DEBUG [farmer-service,da5ddb59801adc29,98cfa94c] [http-nio-8080-exec-9] com.example.farmer.FarmerRepository - select f.* from farmer f where f.region_id = 24
2026-09-22 09:07:25.464 WARN  [farmer-service,09fcbac0ca517340,39c3a785] [farmer-sync-6] com.example.farmer.FarmerController - Request from 192.0.2.184 missing X-Request-Id header, generated one
2026-09-22 09:07:47.404 WARN  [farmer-service,40d73d1a77bd05bf,d7a7edfa] [http-nio-8080-exec-8] com.example.farmer.FarmerController - Request from 192.0.2.149 missing X-Request-Id header, generated one
2026-09-22 09:10:44.890 INFO  [farmer-service,e2785cb5bce39a99,d8301203] [http-nio-8080-exec-1] com.example.farmer.FarmerSyncScheduler - Sync batch 8580 queued, 278 pending records
2026-09-22 09:11:44.102 INFO  [farmer-service,248797ca3b009966,7209772b] [http-nio-8080-exec-3] com.example.common.AuditPublisher - Published 10 audit events to nightshift.audit
2026-09-22 09:12:31.844 INFO  [farmer-service,37d3d34fcfc321de,6b510f9a] [http-nio-8080-exec-2] com.example.farmer.CardRenderJob - Rendered 52 cards in 953ms
2026-09-22 09:13:38.521 ERROR [farmer-service,90010173d258b8d0,45af5e27] [http-nio-8080-exec-8] com.example.farmer.FarmerSyncService - Sync failed for batch 8426: could not acquire a database connection
java.sql.SQLTransientConnectionException: HikariPool-1 - Connection is not available, request timed out after 30001ms (total=10, active=10, idle=0, waiting=7)
	at com.zaxxer.hikari.pool.HikariPool.createTimeoutException(HikariPool.java:696)
	at com.zaxxer.hikari.pool.HikariPool.getConnection(HikariPool.java:181)
	at com.example.farmer.FarmerSyncService.pushPending(FarmerSyncService.java:36)
	at com.example.farmer.FarmerSyncScheduler.run(FarmerSyncScheduler.java:58)
2026-09-22 09:14:20.269 INFO  [farmer-service,5af0a34495f25f11,06e4d95e] [http-nio-8080-exec-9] com.example.farmer.CardRenderJob - Rendered 45 cards in 696ms
2026-09-22 09:15:36.845 DEBUG [farmer-service,7e253c262cda867a,448fc9a0] [http-nio-8080-exec-6] com.example.farmer.FarmerRepository - select f.* from farmer f where f.region_id = 34
2026-09-22 09:16:02.018 WARN  [farmer-service,2a71c3bf4520af05,75aebbe5] [farmer-sync-4] com.example.farmer.FarmerController - Request from 192.0.2.53 missing X-Request-Id header, generated one
2026-09-22 09:16:03.423 WARN  [farmer-service,ec67d523d8f11937,4c83483b] [http-nio-8080-exec-5] com.example.farmer.FarmerController - Request from 192.0.2.144 missing X-Request-Id header, generated one
2026-09-22 09:16:09.113 INFO  [farmer-service,f8a8d6e0e3436b39,c943e06b] [http-nio-8080-exec-9] com.example.common.AuditPublisher - Published 27 audit events to nightshift.audit
2026-09-22 09:16:19.013 INFO  [farmer-service,31e0426fe2a3bfa4,0e463a1f] [farmer-sync-2] com.example.common.AuditPublisher - Published 11 audit events to nightshift.audit
2026-09-22 09:16:39.937 ERROR [farmer-service,5ec3506fd062197e,ca686d5b] [farmer-sync-4] com.example.farmer.FarmerSyncService - Sync failed for batch 8375: could not acquire a database connection
java.sql.SQLTransientConnectionException: HikariPool-1 - Connection is not available, request timed out after 30001ms (total=10, active=10, idle=0, waiting=7)
	at com.zaxxer.hikari.pool.HikariPool.createTimeoutException(HikariPool.java:696)
	at com.zaxxer.hikari.pool.HikariPool.getConnection(HikariPool.java:181)
	at com.example.farmer.FarmerSyncService.pushPending(FarmerSyncService.java:36)
	at com.example.farmer.FarmerSyncScheduler.run(FarmerSyncScheduler.java:58)
2026-09-22 09:18:19.266 ERROR [farmer-service,1f3fcafcc144ae5f,afe1f778] [farmer-sync-3] com.example.farmer.FarmerSyncService - Sync failed for batch 8109: could not acquire a database connection
java.sql.SQLTransientConnectionException: HikariPool-1 - Connection is not available, request timed out after 30001ms (total=10, active=10, idle=0, waiting=7)
	at com.zaxxer.hikari.pool.HikariPool.createTimeoutException(HikariPool.java:696)
	at com.zaxxer.hikari.pool.HikariPool.getConnection(HikariPool.java:181)
	at com.example.farmer.FarmerSyncService.pushPending(FarmerSyncService.java:36)
	at com.example.farmer.FarmerSyncScheduler.run(FarmerSyncScheduler.java:58)
2026-09-22 09:19:34.284 INFO  [farmer-service,db510ef2739bfccf,a7ecf5b2] [farmer-sync-8] com.example.common.AuditPublisher - Published 21 audit events to nightshift.audit
2026-09-22 09:19:51.602 DEBUG [farmer-service,f70912659486edea,ff69cce1] [http-nio-8080-exec-8] com.example.farmer.FarmerRepository - select f.* from farmer f where f.region_id = 8
2026-09-22 09:20:51.595 INFO  [farmer-service,8d889a2178cda459,4364dbe5] [http-nio-8080-exec-5] com.example.farmer.FarmerController - GET /api/v1/farmers?page=35 200 in 34ms
2026-09-22 09:21:34.008 ERROR [farmer-service,635f9782b58111c1,4f3a9095] [http-nio-8080-exec-1] com.example.farmer.FarmerSyncService - Sync failed for batch 8370: could not acquire a database connection
java.sql.SQLTransientConnectionException: HikariPool-1 - Connection is not available, request timed out after 30001ms (total=10, active=10, idle=0, waiting=7)
	at com.zaxxer.hikari.pool.HikariPool.createTimeoutException(HikariPool.java:696)
	at com.zaxxer.hikari.pool.HikariPool.getConnection(HikariPool.java:181)
	at com.example.farmer.FarmerSyncService.pushPending(FarmerSyncService.java:36)
	at com.example.farmer.FarmerSyncScheduler.run(FarmerSyncScheduler.java:58)
2026-09-22 09:21:47.839 INFO  [farmer-service,c0811f4a4fa54720,ceed2675] [farmer-sync-8] com.example.common.AuditPublisher - Published 5 audit events to nightshift.audit
2026-09-22 09:22:34.559 WARN  [farmer-service,05dea7244fd81a0a,0c4f3e07] [http-nio-8080-exec-9] com.example.farmer.FarmerController - Request from 192.0.2.102 missing X-Request-Id header, generated one
2026-09-22 09:23:42.109 DEBUG [farmer-service,c0ec3408dd57d833,74611b63] [farmer-sync-2] com.example.farmer.FarmerRepository - select f.* from farmer f where f.region_id = 40
2026-09-22 09:26:09.703 INFO  [farmer-service,c43d09db856dcdba,1fc32b27] [farmer-sync-5] com.example.farmer.FarmerController - GET /api/v1/farmers?page=9 200 in 124ms
2026-09-22 09:26:50.694 INFO  [farmer-service,1afbc7e65956f059,e56ab17a] [farmer-sync-4] com.example.farmer.FarmerSyncScheduler - Sync batch 8472 queued, 133 pending records
2026-09-22 09:28:50.426 WARN  [farmer-service,f4b5be221f7c627d,5d2f3bed] [http-nio-8080-exec-8] com.example.farmer.FarmerController - Request from 192.0.2.207 missing X-Request-Id header, generated one
2026-09-22 09:29:34.424 INFO  [farmer-service,6eb4ec1cfc192eab,f21e93a4] [farmer-sync-3] com.example.farmer.FarmerSyncScheduler - Sync batch 8780 queued, 220 pending records
2026-09-22 09:30:06.941 INFO  [farmer-service,80c69bccdd6c3ad7,9d7c599f] [farmer-sync-3] com.example.farmer.FarmerSyncScheduler - Sync batch 8663 queued, 389 pending records
2026-09-22 09:30:12.778 WARN  [farmer-service,7175c784b30ce8ab,13f56d42] [http-nio-8080-exec-3] com.example.farmer.FarmerController - Request from 192.0.2.78 missing X-Request-Id header, generated one
2026-09-22 09:31:03.482 DEBUG [farmer-service,5f7e8587756163e8,e3ce02c2] [http-nio-8080-exec-4] com.example.farmer.FarmerRepository - select f.* from farmer f where f.region_id = 24
2026-09-22 09:31:10.517 DEBUG [farmer-service,6246cd2b22d6a536,10fb7eff] [http-nio-8080-exec-3] com.example.farmer.FarmerRepository - select f.* from farmer f where f.region_id = 22
2026-09-22 09:33:18.979 INFO  [farmer-service,24685f2e365bf90d,ac86b1f8] [farmer-sync-7] com.example.common.AuditPublisher - Published 4 audit events to nightshift.audit
2026-09-22 09:34:38.455 WARN  [farmer-service,cb328ca38a9d0f9e,e21811a6] [farmer-sync-5] com.example.farmer.FarmerController - Request from 192.0.2.137 missing X-Request-Id header, generated one
2026-09-22 09:34:58.550 INFO  [farmer-service,68924d46364919ec,252116c5] [farmer-sync-8] com.example.farmer.CardRenderJob - Rendered 63 cards in 1211ms
2026-09-22 09:35:31.063 INFO  [farmer-service,404a17b4fc1c14b5,27b3c8b0] [farmer-sync-1] com.example.farmer.FarmerController - GET /api/v1/farmers?page=38 200 in 17ms
2026-09-22 09:35:57.602 INFO  [farmer-service,32d03ed9b254fce2,c2e4500b] [farmer-sync-9] com.example.farmer.CardRenderJob - Rendered 11 cards in 1811ms
2026-09-22 09:36:37.456 INFO  [farmer-service,148300376a2a5aa1,2e01eae5] [http-nio-8080-exec-6] com.example.farmer.CardRenderJob - Rendered 59 cards in 505ms
2026-09-22 09:36:49.227 WARN  [farmer-service,a1ae762ce2281ec8,785fb830] [http-nio-8080-exec-3] com.example.farmer.FarmerController - Request from 192.0.2.96 missing X-Request-Id header, generated one
2026-09-22 09:38:02.589 WARN  [farmer-service,cab4812e84f0c75d,840e4660] [http-nio-8080-exec-3] com.example.farmer.FarmerController - Request from 192.0.2.11 missing X-Request-Id header, generated one
2026-09-22 09:39:07.272 WARN  [farmer-service,b1ba24e433a25b3a,6379e54c] [http-nio-8080-exec-9] com.example.farmer.FarmerController - Request from 192.0.2.172 missing X-Request-Id header, generated one
2026-09-22 09:39:13.619 INFO  [farmer-service,fcca8c9d771ad5bc,b5b6d0d5] [farmer-sync-2] com.example.farmer.CardRenderJob - Rendered 60 cards in 1561ms
2026-09-22 09:39:48.392 INFO  [farmer-service,293036f87482fa42,0e523dfc] [farmer-sync-2] com.example.farmer.FarmerController - GET /api/v1/farmers?page=3 200 in 43ms
2026-09-22 09:41:13.585 WARN  [farmer-service,2d877f62a821b84f,629b70ee] [http-nio-8080-exec-9] com.example.farmer.FarmerProfileService - Concurrent update on farmer 9831, retry 1 of 3
com.example.farmer.FarmerProfileService$OptimisticLockException: Row was updated by another transaction (farmer id=5857)
	at com.example.farmer.FarmerProfileService.rename(FarmerProfileService.java:27)
	at com.example.farmer.FarmerController.rename(FarmerController.java:96)
2026-09-22 09:41:33.367 INFO  [farmer-service,5313290370527e87,384ebb90] [farmer-sync-4] com.example.farmer.FarmerSyncScheduler - Sync batch 8586 queued, 367 pending records
2026-09-22 09:42:13.417 DEBUG [farmer-service,4081a53b6853dee5,17b91dc7] [http-nio-8080-exec-6] com.example.farmer.FarmerRepository - select f.* from farmer f where f.region_id = 45
2026-09-22 09:42:52.494 INFO  [farmer-service,a3a7a070154f7e88,3747e1f0] [http-nio-8080-exec-7] com.example.farmer.CardRenderJob - Rendered 43 cards in 2284ms
2026-09-22 09:45:10.253 INFO  [farmer-service,c71a60ff52f16ef8,416d194c] [farmer-sync-7] com.example.farmer.CardRenderJob - Rendered 57 cards in 1553ms
2026-09-22 09:46:06.866 INFO  [farmer-service,ab068c81ee540481,fea295d6] [http-nio-8080-exec-7] com.example.common.AuditPublisher - Published 14 audit events to nightshift.audit
2026-09-22 09:47:44.779 INFO  [farmer-service,7d1090fd57f36712,3293308d] [farmer-sync-7] com.example.farmer.FarmerSyncScheduler - Sync batch 8173 queued, 241 pending records
2026-09-22 09:48:09.814 WARN  [farmer-service,8a8bfdda3898464c,6d90d932] [farmer-sync-2] com.example.farmer.FarmerController - Request from 192.0.2.151 missing X-Request-Id header, generated one
2026-09-22 09:48:21.853 ERROR [farmer-service,c001853efb7b481b,271d106f] [http-nio-8080-exec-9] com.example.farmer.FarmerSyncService - Sync failed for batch 8559: could not acquire a database connection
java.sql.SQLTransientConnectionException: HikariPool-1 - Connection is not available, request timed out after 30001ms (total=10, active=10, idle=0, waiting=7)
	at com.zaxxer.hikari.pool.HikariPool.createTimeoutException(HikariPool.java:696)
	at com.zaxxer.hikari.pool.HikariPool.getConnection(HikariPool.java:181)
	at com.example.farmer.FarmerSyncService.pushPending(FarmerSyncService.java:36)
	at com.example.farmer.FarmerSyncScheduler.run(FarmerSyncScheduler.java:58)
2026-09-22 09:49:11.266 INFO  [farmer-service,4a6c40a096e00c85,bf6cc7aa] [farmer-sync-5] com.example.farmer.FarmerSyncScheduler - Sync batch 8273 queued, 260 pending records
2026-09-22 09:51:17.384 WARN  [farmer-service,9402b7aa962efdef,c8fc9c2d] [farmer-sync-1] com.example.farmer.FarmerController - Request from 192.0.2.124 missing X-Request-Id header, generated one
2026-09-22 09:51:28.768 ERROR [farmer-service,afe082ec23bb4e13,d4853376] [farmer-sync-2] com.example.farmer.FarmerSyncService - Sync failed for batch 8961: could not acquire a database connection
java.sql.SQLTransientConnectionException: HikariPool-1 - Connection is not available, request timed out after 30001ms (total=10, active=10, idle=0, waiting=7)
	at com.zaxxer.hikari.pool.HikariPool.createTimeoutException(HikariPool.java:696)
	at com.zaxxer.hikari.pool.HikariPool.getConnection(HikariPool.java:181)
	at com.example.farmer.FarmerSyncService.pushPending(FarmerSyncService.java:36)
	at com.example.farmer.FarmerSyncScheduler.run(FarmerSyncScheduler.java:58)
2026-09-22 09:52:51.988 DEBUG [farmer-service,fcec9559f609efd1,a48e89eb] [http-nio-8080-exec-1] com.example.farmer.FarmerRepository - select f.* from farmer f where f.region_id = 57
2026-09-22 09:57:25.238 DEBUG [farmer-service,dc2e2de7b096ea5f,f52e8aac] [farmer-sync-4] com.example.farmer.FarmerRepository - select f.* from farmer f where f.region_id = 58
2026-09-22 09:57:27.461 INFO  [farmer-service,80958850c00ea942,8e233aea] [http-nio-8080-exec-5] com.example.farmer.FarmerController - GET /api/v1/farmers?page=11 200 in 49ms
2026-09-22 09:57:37.147 INFO  [farmer-service,ad1856428f9eb468,7f8d3844] [http-nio-8080-exec-7] com.example.farmer.CardRenderJob - Rendered 69 cards in 997ms
2026-09-22 09:58:34.010 DEBUG [farmer-service,c7b3058534d6d43d,6427bfe0] [farmer-sync-9] com.example.farmer.FarmerRepository - select f.* from farmer f where f.region_id = 34
2026-09-22 09:59:06.376 INFO  [farmer-service,b3ea320d33e48867,4e3a8adf] [farmer-sync-6] com.example.farmer.FarmerSyncScheduler - Sync batch 8404 queued, 138 pending records
2026-09-22 09:59:23.546 DEBUG [farmer-service,4cda5e0035802235,e4e0ff9a] [farmer-sync-3] com.example.farmer.FarmerRepository - select f.* from farmer f where f.region_id = 37
2026-09-22 10:00:32.665 ERROR [farmer-service,27e6b56a04f8f983,93372124] [farmer-sync-8] com.example.farmer.CardRenderJob - Failed to render card label for farmer 8191
java.lang.NullPointerException: Cannot invoke "String.charAt(int)" because "middleName" is null
	at com.example.common.NameFormatter.initials(NameFormatter.java:22)
	at com.example.farmer.FarmerSyncService.cardLabel(FarmerSyncService.java:53)
	at com.example.farmer.CardRenderJob.render(CardRenderJob.java:74)
	at java.base/java.util.concurrent.ThreadPoolExecutor.runWorker(ThreadPoolExecutor.java:1144)
	at java.base/java.lang.Thread.run(Thread.java:1583)
2026-09-22 10:01:42.917 INFO  [farmer-service,0c76c164f50a30a6,4f276af2] [farmer-sync-7] com.example.farmer.CardRenderJob - Rendered 65 cards in 638ms
2026-09-22 10:01:53.046 INFO  [farmer-service,927e7aa60a2a65c5,1796dca5] [http-nio-8080-exec-5] com.example.farmer.FarmerController - GET /api/v1/farmers?page=24 200 in 75ms
2026-09-22 10:01:56.092 WARN  [farmer-service,6d05f0a72ca52055,548f6f3c] [farmer-sync-1] com.example.farmer.FarmerController - Request from 192.0.2.107 missing X-Request-Id header, generated one
2026-09-22 10:02:09.695 WARN  [farmer-service,3023d662486eaefc,2c35309e] [http-nio-8080-exec-1] com.example.farmer.FarmerController - Request from 192.0.2.222 missing X-Request-Id header, generated one
2026-09-22 10:04:09.061 INFO  [farmer-service,9ee86dd2ce41a052,459ab678] [farmer-sync-4] com.example.farmer.CardRenderJob - Rendered 50 cards in 1421ms
2026-09-22 10:04:34.988 INFO  [farmer-service,b65ea1fea26d2d11,4e6d87cd] [farmer-sync-6] com.example.farmer.FarmerSyncScheduler - Sync batch 8896 queued, 375 pending records
2026-09-22 10:07:12.868 INFO  [farmer-service,00bf3d049b431215,d5d8f890] [http-nio-8080-exec-7] com.example.farmer.FarmerController - GET /api/v1/farmers?page=29 200 in 70ms
2026-09-22 10:07:20.125 INFO  [farmer-service,4fb1e4d2768e1af3,be81a977] [http-nio-8080-exec-4] com.example.farmer.CardRenderJob - Rendered 21 cards in 446ms
2026-09-22 10:08:05.396 WARN  [farmer-service,ce9d85f80e9d1214,a972a0f4] [http-nio-8080-exec-8] com.example.farmer.FarmerController - Request from 192.0.2.178 missing X-Request-Id header, generated one
2026-09-22 10:08:10.747 DEBUG [farmer-service,4e70bcc8353347c7,a5ed4b78] [farmer-sync-9] com.example.farmer.FarmerRepository - select f.* from farmer f where f.region_id = 37
2026-09-22 10:09:28.693 DEBUG [farmer-service,291596ca21978b5d,cf96121f] [http-nio-8080-exec-2] com.example.farmer.FarmerRepository - select f.* from farmer f where f.region_id = 54
2026-09-22 10:11:20.690 INFO  [farmer-service,6e8860b956ca2103,d779c37d] [farmer-sync-7] com.example.farmer.FarmerController - GET /api/v1/farmers?page=1 200 in 43ms
2026-09-22 10:11:28.857 INFO  [farmer-service,4ddf9e7093ce97bd,31dc35b4] [http-nio-8080-exec-4] com.example.farmer.FarmerSyncScheduler - Sync batch 8242 queued, 269 pending records
2026-09-22 10:11:41.678 INFO  [farmer-service,c43c391a876fe548,17fc9bb1] [http-nio-8080-exec-3] com.example.farmer.FarmerController - GET /api/v1/farmers?page=12 200 in 93ms
2026-09-22 10:13:59.908 INFO  [farmer-service,830c2bbbc0a703c5,c57c1ef7] [farmer-sync-6] com.example.farmer.CardRenderJob - Rendered 49 cards in 2123ms
2026-09-22 10:14:09.364 INFO  [farmer-service,b0ce61ef4aef3608,b09be535] [http-nio-8080-exec-7] com.example.farmer.FarmerSyncScheduler - Sync batch 8420 queued, 104 pending records
2026-09-22 10:14:34.207 DEBUG [farmer-service,9c81cf7c8886e926,f814e447] [farmer-sync-9] com.example.farmer.FarmerRepository - select f.* from farmer f where f.region_id = 51
2026-09-22 10:15:11.469 WARN  [farmer-service,4cc21ec9b921a21a,70f86f60] [http-nio-8080-exec-6] com.example.farmer.FarmerController - Request from 192.0.2.130 missing X-Request-Id header, generated one
2026-09-22 10:16:05.934 INFO  [farmer-service,ee5c2197926758a8,ac2ce784] [http-nio-8080-exec-1] com.example.farmer.FarmerController - GET /api/v1/farmers?page=21 200 in 127ms
2026-09-22 10:19:14.112 DEBUG [farmer-service,eae8ff72c15c5b7d,dd33977f] [http-nio-8080-exec-3] com.example.farmer.FarmerRepository - select f.* from farmer f where f.region_id = 18
2026-09-22 10:19:14.889 DEBUG [farmer-service,4e93264e3f3a4421,f0381823] [farmer-sync-3] com.example.farmer.FarmerRepository - select f.* from farmer f where f.region_id = 60
2026-09-22 10:20:12.858 INFO  [farmer-service,d028ab6273f02cca,520003bd] [farmer-sync-4] com.example.farmer.CardRenderJob - Rendered 66 cards in 1144ms
2026-09-22 10:20:27.178 INFO  [farmer-service,5fb909f27d86d18f,300f351f] [http-nio-8080-exec-5] com.example.farmer.CardRenderJob - Rendered 86 cards in 1382ms
2026-09-22 10:22:31.015 INFO  [farmer-service,68db52c0f014f969,9cab89f0] [http-nio-8080-exec-4] com.example.common.AuditPublisher - Published 6 audit events to nightshift.audit
2026-09-22 10:22:42.060 INFO  [farmer-service,73da3fdc1e78cfa6,6f677de0] [farmer-sync-4] com.example.common.AuditPublisher - Published 11 audit events to nightshift.audit
2026-09-22 10:23:14.722 INFO  [farmer-service,1e9e0f732423cac9,af79b319] [http-nio-8080-exec-1] com.example.farmer.FarmerSyncScheduler - Sync batch 8647 queued, 126 pending records
2026-09-22 10:23:54.811 INFO  [farmer-service,615721103a3aaa97,7794f99f] [farmer-sync-1] com.example.farmer.FarmerSyncScheduler - Sync batch 8547 queued, 386 pending records
2026-09-22 10:24:53.600 INFO  [farmer-service,561aae30d7dba864,419f9264] [http-nio-8080-exec-1] com.example.farmer.FarmerSyncScheduler - Sync batch 8607 queued, 29 pending records
2026-09-22 10:25:57.829 INFO  [farmer-service,55803a5334d6e0ec,3851c75f] [http-nio-8080-exec-9] com.example.common.AuditPublisher - Published 6 audit events to nightshift.audit
2026-09-22 10:27:40.717 WARN  [farmer-service,de2d6a02abd23788,387827f0] [farmer-sync-9] com.example.farmer.FarmerController - Request from 192.0.2.19 missing X-Request-Id header, generated one
2026-09-22 10:28:52.493 INFO  [farmer-service,0f02651b3406e6d7,3c3e8cf0] [farmer-sync-2] com.example.farmer.FarmerSyncScheduler - Sync batch 8578 queued, 359 pending records
2026-09-22 10:29:52.520 DEBUG [farmer-service,aeead02350a60cc6,051d8eff] [farmer-sync-7] com.example.farmer.FarmerRepository - select f.* from farmer f where f.region_id = 32
2026-09-22 10:30:23.773 DEBUG [farmer-service,a618acd56312b24e,1e01c270] [http-nio-8080-exec-6] com.example.farmer.FarmerRepository - select f.* from farmer f where f.region_id = 50
2026-09-22 10:32:04.560 INFO  [farmer-service,fa4c769a7040c507,c32c8e2a] [farmer-sync-7] com.example.common.AuditPublisher - Published 19 audit events to nightshift.audit
2026-09-22 10:32:15.124 INFO  [farmer-service,d8034ae4a7f8f551,9cc2710a] [http-nio-8080-exec-2] com.example.farmer.FarmerController - GET /api/v1/farmers?page=15 200 in 69ms
2026-09-22 10:32:55.381 DEBUG [farmer-service,8f5d5239ea878427,6293c81e] [farmer-sync-9] com.example.farmer.FarmerRepository - select f.* from farmer f where f.region_id = 1
2026-09-22 10:33:09.539 INFO  [farmer-service,bb32ad1dea6d1975,eddc5a31] [farmer-sync-2] com.example.farmer.FarmerSyncScheduler - Sync batch 8531 queued, 383 pending records
2026-09-22 10:35:06.278 DEBUG [farmer-service,e8adf6ebff77fbb6,dcd5adc5] [farmer-sync-1] com.example.farmer.FarmerRepository - select f.* from farmer f where f.region_id = 28
2026-09-22 10:35:32.346 INFO  [farmer-service,eedfde4cf1fc19f2,a8e23817] [http-nio-8080-exec-9] com.example.farmer.CardRenderJob - Rendered 76 cards in 968ms
2026-09-22 10:36:17.755 DEBUG [farmer-service,56009c48733a46a6,58df094f] [http-nio-8080-exec-9] com.example.farmer.FarmerRepository - select f.* from farmer f where f.region_id = 62
2026-09-22 10:37:53.798 DEBUG [farmer-service,b07ade219b4a3144,121372d4] [farmer-sync-2] com.example.farmer.FarmerRepository - select f.* from farmer f where f.region_id = 13
2026-09-22 10:38:18.784 ERROR [farmer-service,4d2ae4846e909132,a5b2741d] [http-nio-8080-exec-3] com.example.farmer.FarmerSyncService - Sync failed for batch 8791: could not acquire a database connection
java.sql.SQLTransientConnectionException: HikariPool-1 - Connection is not available, request timed out after 30001ms (total=10, active=10, idle=0, waiting=7)
	at com.zaxxer.hikari.pool.HikariPool.createTimeoutException(HikariPool.java:696)
	at com.zaxxer.hikari.pool.HikariPool.getConnection(HikariPool.java:181)
	at com.example.farmer.FarmerSyncService.pushPending(FarmerSyncService.java:36)
	at com.example.farmer.FarmerSyncScheduler.run(FarmerSyncScheduler.java:58)
2026-09-22 10:39:58.544 INFO  [farmer-service,bfdc20759e45a8bc,872e356d] [farmer-sync-5] com.example.farmer.FarmerSyncScheduler - Sync batch 8517 queued, 320 pending records
2026-09-22 10:40:05.568 INFO  [farmer-service,968b5690286602e7,94b5cd75] [http-nio-8080-exec-9] com.example.farmer.CardRenderJob - Rendered 88 cards in 694ms
2026-09-22 10:40:39.112 INFO  [farmer-service,abf3079e1d47d525,820698b7] [farmer-sync-6] com.example.farmer.FarmerController - GET /api/v1/farmers?page=26 200 in 33ms
2026-09-22 10:41:37.931 INFO  [farmer-service,ce6560f3637e17a8,c2fb61d5] [farmer-sync-2] com.example.farmer.FarmerSyncScheduler - Sync batch 8367 queued, 158 pending records
2026-09-22 10:41:51.858 DEBUG [farmer-service,338d7d1935faf601,25312f1d] [farmer-sync-3] com.example.farmer.FarmerRepository - select f.* from farmer f where f.region_id = 30
2026-09-22 10:41:55.093 INFO  [farmer-service,607361bfbf1552ce,244e3643] [http-nio-8080-exec-8] com.example.farmer.FarmerController - GET /api/v1/farmers?page=32 200 in 121ms
2026-09-22 10:42:20.351 DEBUG [farmer-service,74b5f365a392473e,014be061] [http-nio-8080-exec-8] com.example.farmer.FarmerRepository - select f.* from farmer f where f.region_id = 46
2026-09-22 10:43:13.426 INFO  [farmer-service,c7f0872db6a514ca,2cd4a0af] [http-nio-8080-exec-5] com.example.farmer.FarmerController - GET /api/v1/farmers?page=29 200 in 106ms
2026-09-22 10:43:18.787 WARN  [farmer-service,1104f7a9907e4178,0b7a8c4a] [http-nio-8080-exec-7] com.example.farmer.FarmerController - Request from 192.0.2.128 missing X-Request-Id header, generated one
2026-09-22 10:43:26.964 INFO  [farmer-service,d6fc9ea1f0e06e3f,265c7fc4] [farmer-sync-6] com.example.farmer.CardRenderJob - Rendered 32 cards in 227ms
2026-09-22 10:43:41.561 INFO  [farmer-service,532c580976f971bb,74f14902] [farmer-sync-7] com.example.farmer.FarmerSyncScheduler - Sync batch 8083 queued, 298 pending records
2026-09-22 10:45:18.272 INFO  [farmer-service,899147165fe9c514,bcab1649] [farmer-sync-4] com.example.common.AuditPublisher - Published 2 audit events to nightshift.audit
2026-09-22 10:45:32.638 INFO  [farmer-service,a56820b2a3d9cc82,9782f365] [http-nio-8080-exec-9] com.example.farmer.FarmerSyncScheduler - Sync batch 8544 queued, 128 pending records
2026-09-22 10:46:37.271 INFO  [farmer-service,0d3f5406d44a242f,ab95986f] [farmer-sync-2] com.example.farmer.FarmerSyncScheduler - Sync batch 8986 queued, 201 pending records
2026-09-22 10:48:42.677 INFO  [farmer-service,638ffedaa389a0b1,97dd5ce3] [http-nio-8080-exec-4] com.example.farmer.FarmerController - GET /api/v1/farmers?page=24 200 in 124ms
2026-09-22 10:49:45.148 WARN  [farmer-service,791433e63853b21e,479353e9] [farmer-sync-3] com.example.farmer.FarmerController - Request from 192.0.2.53 missing X-Request-Id header, generated one
2026-09-22 10:51:54.918 INFO  [farmer-service,aa54f7bd6b96c95e,bf5169ff] [farmer-sync-6] com.example.common.AuditPublisher - Published 9 audit events to nightshift.audit
2026-09-22 10:52:21.192 INFO  [farmer-service,5bc3c1b6ecf18210,9745513c] [farmer-sync-3] com.example.common.AuditPublisher - Published 22 audit events to nightshift.audit
2026-09-22 10:52:25.980 INFO  [farmer-service,002ffbac31f7aff3,29ffaa43] [http-nio-8080-exec-2] com.example.farmer.FarmerSyncScheduler - Sync batch 8795 queued, 189 pending records
2026-09-22 10:53:43.536 INFO  [farmer-service,72feba74da7f8804,613c8dbc] [http-nio-8080-exec-4] com.example.farmer.FarmerSyncScheduler - Sync batch 8107 queued, 275 pending records
2026-09-22 10:53:47.027 WARN  [farmer-service,25b819abf1663d14,9eda4261] [http-nio-8080-exec-3] com.example.farmer.FarmerController - Request from 192.0.2.233 missing X-Request-Id header, generated one
2026-09-22 10:55:27.864 WARN  [farmer-service,01eca5c9267f25b7,d5901f3c] [farmer-sync-5] com.example.farmer.FarmerController - Request from 192.0.2.222 missing X-Request-Id header, generated one
2026-09-22 10:55:38.364 INFO  [farmer-service,f06d94c00291133a,661f3351] [http-nio-8080-exec-3] com.example.farmer.CardRenderJob - Rendered 76 cards in 948ms
2026-09-22 10:55:56.712 WARN  [farmer-service,dd666a0a9ad9bb8a,22a243c5] [farmer-sync-3] com.example.farmer.FarmerController - Request from 192.0.2.204 missing X-Request-Id header, generated one
2026-09-22 10:56:13.796 INFO  [farmer-service,6774128c60587e3a,de653712] [farmer-sync-5] com.example.farmer.FarmerController - GET /api/v1/farmers?page=11 200 in 66ms
2026-09-22 10:56:49.344 INFO  [farmer-service,e80b99ee4d072dab,4dc8561c] [http-nio-8080-exec-5] com.example.farmer.FarmerController - GET /api/v1/farmers?page=40 200 in 134ms
2026-09-22 10:58:09.752 INFO  [farmer-service,34358243e9215392,d17b980c] [http-nio-8080-exec-8] com.example.farmer.FarmerSyncScheduler - Sync batch 8818 queued, 272 pending records
2026-09-22 10:58:13.194 WARN  [farmer-service,026c25e6b88e5736,b29fa4ab] [http-nio-8080-exec-8] com.example.farmer.FarmerController - Request from 192.0.2.71 missing X-Request-Id header, generated one
2026-09-22 11:00:37.388 INFO  [farmer-service,66e5da6a23c980fd,302393a8] [http-nio-8080-exec-8] com.example.farmer.FarmerSyncScheduler - Sync batch 8431 queued, 267 pending records
2026-09-22 11:01:03.053 WARN  [farmer-service,d82b858bbecf5c8c,e39bd396] [http-nio-8080-exec-5] com.example.farmer.FarmerController - Request from 192.0.2.112 missing X-Request-Id header, generated one
2026-09-22 11:01:38.548 INFO  [farmer-service,468ed07b2cd34fca,3434e02a] [farmer-sync-7] com.example.farmer.CardRenderJob - Rendered 7 cards in 2003ms
2026-09-22 11:01:53.427 INFO  [farmer-service,2f2c19f984a59462,581ee401] [http-nio-8080-exec-3] com.example.farmer.FarmerSyncScheduler - Sync batch 8113 queued, 291 pending records
2026-09-22 11:03:02.985 INFO  [farmer-service,77fb69bdaea63eea,2a84f1ad] [farmer-sync-7] com.example.farmer.FarmerController - GET /api/v1/farmers?page=7 200 in 80ms
2026-09-22 11:04:47.329 DEBUG [farmer-service,6d425ac4bd4f143e,976c7b91] [http-nio-8080-exec-9] com.example.farmer.FarmerRepository - select f.* from farmer f where f.region_id = 1
2026-09-22 11:05:48.255 ERROR [farmer-service,eea55deec86e66dd,8a3884b5] [http-nio-8080-exec-7] com.example.farmer.FarmerSyncService - Sync failed for batch 8300: could not acquire a database connection
java.sql.SQLTransientConnectionException: HikariPool-1 - Connection is not available, request timed out after 30001ms (total=10, active=10, idle=0, waiting=7)
	at com.zaxxer.hikari.pool.HikariPool.createTimeoutException(HikariPool.java:696)
	at com.zaxxer.hikari.pool.HikariPool.getConnection(HikariPool.java:181)
	at com.example.farmer.FarmerSyncService.pushPending(FarmerSyncService.java:36)
	at com.example.farmer.FarmerSyncScheduler.run(FarmerSyncScheduler.java:58)
2026-09-22 11:06:19.856 INFO  [farmer-service,3af83383e33ceec0,e57a9e1c] [farmer-sync-8] com.example.farmer.FarmerSyncScheduler - Sync batch 8147 queued, 363 pending records
2026-09-22 11:07:08.500 INFO  [farmer-service,c140f31bac66522e,c193e6a4] [farmer-sync-9] com.example.common.AuditPublisher - Published 24 audit events to nightshift.audit
2026-09-22 11:07:48.954 INFO  [farmer-service,decb576be89383de,76f68ee0] [farmer-sync-1] com.example.farmer.FarmerSyncScheduler - Sync batch 8958 queued, 334 pending records
2026-09-22 11:08:13.308 INFO  [farmer-service,78246d0da97800e2,2593a642] [http-nio-8080-exec-9] com.example.common.AuditPublisher - Published 22 audit events to nightshift.audit
2026-09-22 11:09:48.047 WARN  [farmer-service,ec5aa18ded019d38,476d0910] [farmer-sync-7] com.example.farmer.FarmerController - Request from 192.0.2.43 missing X-Request-Id header, generated one
2026-09-22 11:10:29.062 INFO  [farmer-service,e0e4d2411c87c217,dee9e78a] [http-nio-8080-exec-6] com.example.farmer.CardRenderJob - Rendered 42 cards in 1676ms
2026-09-22 11:12:23.086 INFO  [farmer-service,035b8d2ff330d860,33b767c4] [http-nio-8080-exec-8] com.example.farmer.CardRenderJob - Rendered 55 cards in 804ms
2026-09-22 11:14:23.928 DEBUG [farmer-service,525a80b168df2d7a,b164b63f] [farmer-sync-9] com.example.farmer.FarmerRepository - select f.* from farmer f where f.region_id = 32
2026-09-22 11:16:50.565 INFO  [farmer-service,b2eecbade748be75,ae749601] [http-nio-8080-exec-9] com.example.farmer.CardRenderJob - Rendered 86 cards in 2152ms
2026-09-22 11:17:28.501 ERROR [farmer-service,a7af5e91a24e3dbe,eb368298] [farmer-sync-7] com.example.farmer.CardRenderJob - Failed to render card label for farmer 10687
java.lang.NullPointerException: Cannot invoke "String.charAt(int)" because "middleName" is null
	at com.example.common.NameFormatter.initials(NameFormatter.java:22)
	at com.example.farmer.FarmerSyncService.cardLabel(FarmerSyncService.java:53)
	at com.example.farmer.CardRenderJob.render(CardRenderJob.java:74)
	at java.base/java.util.concurrent.ThreadPoolExecutor.runWorker(ThreadPoolExecutor.java:1144)
	at java.base/java.lang.Thread.run(Thread.java:1583)
2026-09-22 11:18:01.444 ERROR [farmer-service,a3e1530c39658430,fab5b23d] [farmer-sync-6] com.example.farmer.FarmerSyncService - Sync failed for batch 8789: could not acquire a database connection
java.sql.SQLTransientConnectionException: HikariPool-1 - Connection is not available, request timed out after 30001ms (total=10, active=10, idle=0, waiting=7)
	at com.zaxxer.hikari.pool.HikariPool.createTimeoutException(HikariPool.java:696)
	at com.zaxxer.hikari.pool.HikariPool.getConnection(HikariPool.java:181)
	at com.example.farmer.FarmerSyncService.pushPending(FarmerSyncService.java:36)
	at com.example.farmer.FarmerSyncScheduler.run(FarmerSyncScheduler.java:58)
2026-09-22 11:20:14.508 INFO  [farmer-service,135f63bb220b3226,621f671e] [farmer-sync-2] com.example.farmer.CardRenderJob - Rendered 27 cards in 699ms
2026-09-22 11:22:23.370 INFO  [farmer-service,fcb5892a6a06b4b1,46535ff6] [farmer-sync-9] com.example.farmer.FarmerController - GET /api/v1/farmers?page=2 200 in 105ms
2026-09-22 11:23:19.611 INFO  [farmer-service,3337ce36a6a77056,33c63c34] [farmer-sync-9] com.example.farmer.CardRenderJob - Rendered 71 cards in 1088ms
2026-09-22 11:25:12.005 INFO  [farmer-service,6d8a14c1193ec704,e905855f] [http-nio-8080-exec-4] com.example.farmer.FarmerController - GET /api/v1/farmers?page=31 200 in 50ms
2026-09-22 11:25:48.873 INFO  [farmer-service,01cc20e5d1fe4917,eab6635b] [http-nio-8080-exec-1] com.example.common.AuditPublisher - Published 13 audit events to nightshift.audit
2026-09-22 11:26:28.759 INFO  [farmer-service,5cb0754224b87310,e7089588] [farmer-sync-2] com.example.farmer.FarmerSyncScheduler - Sync batch 8268 queued, 387 pending records
2026-09-22 11:27:06.438 WARN  [farmer-service,958bd954576bf27f,b1b00d3d] [http-nio-8080-exec-9] com.example.farmer.FarmerController - Request from 192.0.2.173 missing X-Request-Id header, generated one
2026-09-22 11:27:14.051 INFO  [farmer-service,c65842d7e8152e0f,b524e940] [farmer-sync-1] com.example.farmer.FarmerController - GET /api/v1/farmers?page=6 200 in 47ms
2026-09-22 11:27:17.395 INFO  [farmer-service,d00f9f2c447cfb55,47359ae9] [farmer-sync-2] com.example.common.AuditPublisher - Published 30 audit events to nightshift.audit
2026-09-22 11:27:50.526 INFO  [farmer-service,bf30dcab0c4d390a,57252288] [farmer-sync-3] com.example.farmer.CardRenderJob - Rendered 70 cards in 325ms
2026-09-22 11:27:50.728 INFO  [farmer-service,711211ad6f13ae67,c334ee46] [http-nio-8080-exec-6] com.example.farmer.FarmerSyncScheduler - Sync batch 8739 queued, 393 pending records
2026-09-22 11:28:24.844 INFO  [farmer-service,ae53f4670cd55f47,c088c982] [farmer-sync-8] com.example.common.AuditPublisher - Published 13 audit events to nightshift.audit
2026-09-22 11:29:12.028 INFO  [farmer-service,977293c9e608c2dd,cbca1b94] [farmer-sync-7] com.example.farmer.FarmerSyncScheduler - Sync batch 8083 queued, 152 pending records
2026-09-22 11:30:15.633 INFO  [farmer-service,df8f21d744c2199f,93794307] [http-nio-8080-exec-8] com.example.farmer.FarmerController - GET /api/v1/farmers?page=6 200 in 86ms
2026-09-22 11:30:24.638 DEBUG [farmer-service,7f2b246fd8037b2a,96cf7cc1] [farmer-sync-7] com.example.farmer.FarmerRepository - select f.* from farmer f where f.region_id = 13
2026-09-22 11:30:45.214 INFO  [farmer-service,999bcb76b336b2b8,829e6d4f] [farmer-sync-8] com.example.farmer.FarmerController - GET /api/v1/farmers?page=33 200 in 124ms
2026-09-22 11:30:59.308 DEBUG [farmer-service,ea99ca44f3ceef41,d4027a1b] [http-nio-8080-exec-4] com.example.farmer.FarmerRepository - select f.* from farmer f where f.region_id = 48
2026-09-22 11:31:07.482 DEBUG [farmer-service,c33b0671a145d937,63dfca31] [farmer-sync-5] com.example.farmer.FarmerRepository - select f.* from farmer f where f.region_id = 46
2026-09-22 11:32:08.783 INFO  [farmer-service,66c78a8a61aa42ac,a5b035de] [farmer-sync-6] com.example.common.AuditPublisher - Published 17 audit events to nightshift.audit
2026-09-22 11:32:18.186 DEBUG [farmer-service,e9799617ad1a615f,c38dce65] [farmer-sync-7] com.example.farmer.FarmerRepository - select f.* from farmer f where f.region_id = 5
2026-09-22 11:33:52.928 INFO  [farmer-service,a7f0d8d5f56d59cb,7413ef00] [http-nio-8080-exec-3] com.example.farmer.FarmerSyncScheduler - Sync batch 8271 queued, 136 pending records
2026-09-22 11:35:08.670 INFO  [farmer-service,f1075d8a8c475f7c,440e49c9] [farmer-sync-9] com.example.farmer.CardRenderJob - Rendered 11 cards in 710ms
2026-09-22 11:35:40.563 INFO  [farmer-service,7395d0738ecae4d3,62581a16] [farmer-sync-6] com.example.common.AuditPublisher - Published 20 audit events to nightshift.audit
2026-09-22 11:36:19.878 INFO  [farmer-service,b1a597ae8641f042,cf7f8e4f] [farmer-sync-1] com.example.farmer.CardRenderJob - Rendered 12 cards in 270ms
2026-09-22 11:36:38.116 INFO  [farmer-service,ba1ce5fd60d4accf,005dc719] [farmer-sync-8] com.example.common.AuditPublisher - Published 2 audit events to nightshift.audit
2026-09-22 11:36:45.816 WARN  [farmer-service,4b7c7fec90f9ef27,78e89ec3] [http-nio-8080-exec-2] com.example.farmer.FarmerController - Request from 192.0.2.41 missing X-Request-Id header, generated one
2026-09-22 11:37:18.218 DEBUG [farmer-service,a51e0beca29b758e,73e88416] [http-nio-8080-exec-6] com.example.farmer.FarmerRepository - select f.* from farmer f where f.region_id = 50
2026-09-22 11:37:24.697 INFO  [farmer-service,8b1f1b7710906544,bacccd79] [farmer-sync-5] com.example.farmer.FarmerSyncScheduler - Sync batch 8390 queued, 78 pending records
2026-09-22 11:37:39.690 WARN  [farmer-service,1eff2ae33119ee67,c41aaed5] [farmer-sync-8] com.example.farmer.FarmerController - Request from 192.0.2.115 missing X-Request-Id header, generated one
2026-09-22 11:37:42.162 WARN  [farmer-service,24ef0fcf579fe636,f36961ee] [http-nio-8080-exec-5] com.example.farmer.FarmerController - Request from 192.0.2.133 missing X-Request-Id header, generated one
2026-09-22 11:37:47.927 INFO  [farmer-service,a3b759cf5ea3ef45,d19f7898] [farmer-sync-1] com.example.farmer.FarmerSyncScheduler - Sync batch 8593 queued, 170 pending records
2026-09-22 11:38:09.571 INFO  [farmer-service,a574c773f794d994,fc597277] [farmer-sync-5] com.example.farmer.FarmerSyncScheduler - Sync batch 8480 queued, 75 pending records
2026-09-22 11:39:19.332 WARN  [farmer-service,1244cfe937574f5f,3c76c445] [http-nio-8080-exec-9] com.example.farmer.FarmerController - Request from 192.0.2.182 missing X-Request-Id header, generated one
2026-09-22 11:39:39.628 INFO  [farmer-service,13768d8a00e510e7,555aae9a] [farmer-sync-4] com.example.farmer.FarmerController - GET /api/v1/farmers?page=9 200 in 45ms
2026-09-22 11:40:18.145 INFO  [farmer-service,cbe99c26d3de424b,58ebd970] [http-nio-8080-exec-1] com.example.farmer.FarmerSyncScheduler - Sync batch 8120 queued, 104 pending records
2026-09-22 11:40:21.208 ERROR [farmer-service,ec1458f75e80dd24,b5ef345a] [farmer-sync-8] com.example.farmer.FarmerSyncService - Sync failed for batch 8859: could not acquire a database connection
java.sql.SQLTransientConnectionException: HikariPool-1 - Connection is not available, request timed out after 30001ms (total=10, active=10, idle=0, waiting=7)
	at com.zaxxer.hikari.pool.HikariPool.createTimeoutException(HikariPool.java:696)
	at com.zaxxer.hikari.pool.HikariPool.getConnection(HikariPool.java:181)
	at com.example.farmer.FarmerSyncService.pushPending(FarmerSyncService.java:36)
	at com.example.farmer.FarmerSyncScheduler.run(FarmerSyncScheduler.java:58)
2026-09-22 11:41:15.180 INFO  [farmer-service,181bea0069ac8640,f6ca9d61] [http-nio-8080-exec-1] com.example.farmer.FarmerController - GET /api/v1/farmers?page=38 200 in 126ms
2026-09-22 11:41:41.692 INFO  [farmer-service,d713c58bddc69047,233f3ca8] [farmer-sync-8] com.example.farmer.CardRenderJob - Rendered 36 cards in 2257ms
2026-09-22 11:41:43.249 INFO  [farmer-service,7f6493cac813c161,c3d738ae] [http-nio-8080-exec-7] com.example.farmer.FarmerController - GET /api/v1/farmers?page=11 200 in 90ms
2026-09-22 11:43:39.330 INFO  [farmer-service,823c50b1683fa077,5b21751d] [farmer-sync-1] com.example.farmer.CardRenderJob - Rendered 10 cards in 837ms
2026-09-22 11:43:53.464 INFO  [farmer-service,8fa8e858f7804ba0,21c374e3] [http-nio-8080-exec-8] com.example.farmer.FarmerSyncScheduler - Sync batch 8809 queued, 53 pending records
2026-09-22 11:44:52.154 INFO  [farmer-service,df2cabd53ec3d234,af8e7238] [farmer-sync-7] com.example.farmer.CardRenderJob - Rendered 46 cards in 1929ms
2026-09-22 11:45:52.278 INFO  [farmer-service,30ad9d09938868d6,19bdf344] [http-nio-8080-exec-8] com.example.farmer.CardRenderJob - Rendered 21 cards in 1616ms
2026-09-22 11:46:50.952 INFO  [farmer-service,086a8f0e8b3dfe5b,d587e301] [farmer-sync-7] com.example.farmer.CardRenderJob - Rendered 31 cards in 2386ms
2026-09-22 11:47:04.216 INFO  [farmer-service,33866a429d0b99f4,48aff3e8] [farmer-sync-4] com.example.common.AuditPublisher - Published 6 audit events to nightshift.audit
2026-09-22 11:48:12.065 WARN  [farmer-service,c38153fda90d54c8,6d421330] [farmer-sync-4] com.example.farmer.FarmerController - Request from 192.0.2.89 missing X-Request-Id header, generated one
2026-09-22 11:48:18.454 INFO  [farmer-service,1ea89290945f8dac,228acdd1] [http-nio-8080-exec-9] com.example.farmer.FarmerController - GET /api/v1/farmers?page=13 200 in 70ms
2026-09-22 11:48:27.832 INFO  [farmer-service,ef21aad539af7d3c,387e2a38] [farmer-sync-6] com.example.farmer.FarmerController - GET /api/v1/farmers?page=29 200 in 92ms
2026-09-22 11:50:48.394 INFO  [farmer-service,26477f7068750c5a,c0062e40] [farmer-sync-9] com.example.common.AuditPublisher - Published 1 audit events to nightshift.audit
2026-09-22 11:51:30.121 WARN  [farmer-service,7882f916a5eab5fc,5dc64015] [farmer-sync-5] com.example.farmer.FarmerController - Request from 192.0.2.114 missing X-Request-Id header, generated one
2026-09-22 11:52:55.363 DEBUG [farmer-service,88396af4bb53b3fa,f2052129] [farmer-sync-5] com.example.farmer.FarmerRepository - select f.* from farmer f where f.region_id = 24
2026-09-22 11:53:32.778 DEBUG [farmer-service,8b85a3c693fac0a9,06d4931c] [http-nio-8080-exec-4] com.example.farmer.FarmerRepository - select f.* from farmer f where f.region_id = 36
2026-09-22 11:54:13.232 INFO  [farmer-service,2f1c8d50985a6221,0709e32e] [http-nio-8080-exec-3] com.example.common.AuditPublisher - Published 30 audit events to nightshift.audit
2026-09-22 11:54:47.034 INFO  [farmer-service,de5ec1e3a6a97663,ebce555d] [farmer-sync-4] com.example.farmer.CardRenderJob - Rendered 39 cards in 470ms
2026-09-22 11:55:12.162 WARN  [farmer-service,afe9c3a1e974b525,dffe6c08] [farmer-sync-7] com.example.farmer.FarmerController - Request from 192.0.2.169 missing X-Request-Id header, generated one
2026-09-22 11:57:23.653 INFO  [farmer-service,22a45029798060de,0de6f355] [farmer-sync-3] com.example.farmer.FarmerController - GET /api/v1/farmers?page=11 200 in 24ms
2026-09-22 11:57:52.374 WARN  [farmer-service,805a855b2772372a,6d368267] [farmer-sync-5] com.example.farmer.FarmerController - Request from 192.0.2.212 missing X-Request-Id header, generated one
2026-09-22 11:58:13.942 INFO  [farmer-service,6459c1215efe8610,8ffe56e8] [farmer-sync-7] com.example.farmer.CardRenderJob - Rendered 52 cards in 482ms
2026-09-22 11:58:22.838 INFO  [farmer-service,31bc54415ba7ec6e,a8a8799c] [http-nio-8080-exec-7] com.example.farmer.FarmerSyncScheduler - Sync batch 8703 queued, 200 pending records
2026-09-22 11:58:37.339 INFO  [farmer-service,3d398764d1c59096,d038e12e] [farmer-sync-8] com.example.common.AuditPublisher - Published 15 audit events to nightshift.audit
2026-09-22 11:59:40.974 INFO  [farmer-service,3688a4db3673b4dc,29b06ec8] [http-nio-8080-exec-7] com.example.farmer.FarmerController - GET /api/v1/farmers?page=40 200 in 100ms
2026-09-22 12:03:33.576 INFO  [farmer-service,7e5ca7cb5357757a,822b915c] [farmer-sync-8] com.example.farmer.FarmerSyncScheduler - Sync batch 8612 queued, 184 pending records
2026-09-22 12:03:50.371 WARN  [farmer-service,5001573265e0d56c,5156ce12] [http-nio-8080-exec-1] com.example.farmer.FarmerController - Request from 192.0.2.92 missing X-Request-Id header, generated one
2026-09-22 12:04:11.734 ERROR [farmer-service,6ee0945819a4844b,d75dd862] [http-nio-8080-exec-7] com.example.farmer.FarmerSyncService - Sync failed for batch 8731: could not acquire a database connection
java.sql.SQLTransientConnectionException: HikariPool-1 - Connection is not available, request timed out after 30001ms (total=10, active=10, idle=0, waiting=7)
	at com.zaxxer.hikari.pool.HikariPool.createTimeoutException(HikariPool.java:696)
	at com.zaxxer.hikari.pool.HikariPool.getConnection(HikariPool.java:181)
	at com.example.farmer.FarmerSyncService.pushPending(FarmerSyncService.java:36)
	at com.example.farmer.FarmerSyncScheduler.run(FarmerSyncScheduler.java:58)
2026-09-22 12:04:29.864 INFO  [farmer-service,ad792e871fa25f93,455acddb] [http-nio-8080-exec-6] com.example.farmer.FarmerController - GET /api/v1/farmers?page=2 200 in 66ms
2026-09-22 12:04:56.600 WARN  [farmer-service,68af8a9c5d4d5431,d71f94c1] [farmer-sync-9] com.example.farmer.FarmerController - Request from 192.0.2.154 missing X-Request-Id header, generated one
2026-09-22 12:05:32.491 INFO  [farmer-service,c703da641f527baf,4db2a0da] [farmer-sync-9] com.example.farmer.FarmerController - GET /api/v1/farmers?page=35 200 in 83ms
2026-09-22 12:05:44.655 INFO  [farmer-service,5319e4a61b558875,9d06da5d] [farmer-sync-6] com.example.farmer.FarmerSyncScheduler - Sync batch 8695 queued, 300 pending records
2026-09-22 12:05:45.984 ERROR [farmer-service,1f1661331ff027d0,5f8ee4fa] [farmer-sync-1] com.example.farmer.FarmerSyncService - Sync failed for batch 8844: could not acquire a database connection
java.sql.SQLTransientConnectionException: HikariPool-1 - Connection is not available, request timed out after 30001ms (total=10, active=10, idle=0, waiting=7)
	at com.zaxxer.hikari.pool.HikariPool.createTimeoutException(HikariPool.java:696)
	at com.zaxxer.hikari.pool.HikariPool.getConnection(HikariPool.java:181)
	at com.example.farmer.FarmerSyncService.pushPending(FarmerSyncService.java:36)
	at com.example.farmer.FarmerSyncScheduler.run(FarmerSyncScheduler.java:58)
2026-09-22 12:07:05.838 INFO  [farmer-service,0a2f630ca2f18609,b1404f65] [farmer-sync-3] com.example.farmer.FarmerController - GET /api/v1/farmers?page=11 200 in 12ms
2026-09-22 12:07:06.352 WARN  [farmer-service,fa135fd247f861a8,27fbaa1e] [http-nio-8080-exec-5] com.example.farmer.FarmerController - Request from 192.0.2.160 missing X-Request-Id header, generated one
2026-09-22 12:08:16.322 WARN  [farmer-service,a2e9db4b60d2cf92,56447f2f] [http-nio-8080-exec-3] com.example.farmer.FarmerController - Request from 192.0.2.71 missing X-Request-Id header, generated one
2026-09-22 12:08:24.631 INFO  [farmer-service,366231395ad543ab,e1008fde] [http-nio-8080-exec-1] com.example.common.AuditPublisher - Published 10 audit events to nightshift.audit
2026-09-22 12:10:00.380 INFO  [farmer-service,983d8ee43c543735,9ccde005] [farmer-sync-6] com.example.common.AuditPublisher - Published 1 audit events to nightshift.audit
2026-09-22 12:11:15.034 WARN  [farmer-service,1deccb942d7b8a3b,833c9e5b] [farmer-sync-6] com.example.farmer.FarmerController - Request from 192.0.2.99 missing X-Request-Id header, generated one
2026-09-22 12:11:29.127 INFO  [farmer-service,434c94526028ca72,b04ef37e] [http-nio-8080-exec-5] com.example.common.AuditPublisher - Published 7 audit events to nightshift.audit
2026-09-22 12:11:46.674 ERROR [farmer-service,644629496f6a37ae,dd636c39] [http-nio-8080-exec-9] com.example.farmer.FarmerSyncService - Sync failed for batch 8725: could not acquire a database connection
java.sql.SQLTransientConnectionException: HikariPool-1 - Connection is not available, request timed out after 30001ms (total=10, active=10, idle=0, waiting=7)
	at com.zaxxer.hikari.pool.HikariPool.createTimeoutException(HikariPool.java:696)
	at com.zaxxer.hikari.pool.HikariPool.getConnection(HikariPool.java:181)
	at com.example.farmer.FarmerSyncService.pushPending(FarmerSyncService.java:36)
	at com.example.farmer.FarmerSyncScheduler.run(FarmerSyncScheduler.java:58)
2026-09-22 12:12:52.653 INFO  [farmer-service,159dab1697234b4f,1165e136] [farmer-sync-1] com.example.farmer.FarmerSyncScheduler - Sync batch 8958 queued, 60 pending records
2026-09-22 12:13:35.791 INFO  [farmer-service,ec6b5138e99204ab,88dbf9d9] [http-nio-8080-exec-5] com.example.farmer.FarmerController - GET /api/v1/farmers?page=35 200 in 97ms
2026-09-22 12:13:49.161 WARN  [farmer-service,ef81cd814186405a,b9e31f6e] [farmer-sync-5] com.example.farmer.FarmerController - Request from 192.0.2.134 missing X-Request-Id header, generated one
2026-09-22 12:15:57.409 INFO  [farmer-service,535fa8ea543351d8,8fb1d7ce] [http-nio-8080-exec-6] com.example.farmer.FarmerSyncScheduler - Sync batch 8997 queued, 340 pending records
2026-09-22 12:16:00.619 ERROR [farmer-service,1ecf6a704edfa880,b924fbeb] [farmer-sync-9] com.example.farmer.FarmerSyncService - Sync failed for batch 8213: could not acquire a database connection
java.sql.SQLTransientConnectionException: HikariPool-1 - Connection is not available, request timed out after 30001ms (total=10, active=10, idle=0, waiting=7)
	at com.zaxxer.hikari.pool.HikariPool.createTimeoutException(HikariPool.java:696)
	at com.zaxxer.hikari.pool.HikariPool.getConnection(HikariPool.java:181)
	at com.example.farmer.FarmerSyncService.pushPending(FarmerSyncService.java:36)
	at com.example.farmer.FarmerSyncScheduler.run(FarmerSyncScheduler.java:58)
2026-09-22 12:18:11.777 INFO  [farmer-service,9fc90de66a119a5e,bb8e2fbd] [http-nio-8080-exec-2] com.example.farmer.CardRenderJob - Rendered 66 cards in 2303ms
2026-09-22 12:18:37.904 ERROR [farmer-service,8a8efedaeec512e9,1f3528b2] [http-nio-8080-exec-2] com.example.farmer.FarmerSyncService - Sync failed for batch 8517: could not acquire a database connection
java.sql.SQLTransientConnectionException: HikariPool-1 - Connection is not available, request timed out after 30001ms (total=10, active=10, idle=0, waiting=7)
	at com.zaxxer.hikari.pool.HikariPool.createTimeoutException(HikariPool.java:696)
	at com.zaxxer.hikari.pool.HikariPool.getConnection(HikariPool.java:181)
	at com.example.farmer.FarmerSyncService.pushPending(FarmerSyncService.java:36)
	at com.example.farmer.FarmerSyncScheduler.run(FarmerSyncScheduler.java:58)
2026-09-22 12:18:42.722 INFO  [farmer-service,5cafeb1875a4a4f0,1cda705e] [farmer-sync-5] com.example.farmer.CardRenderJob - Rendered 77 cards in 1312ms
2026-09-22 12:21:10.915 INFO  [farmer-service,5381ba43368a6d61,90208fe2] [http-nio-8080-exec-1] com.example.farmer.CardRenderJob - Rendered 72 cards in 1831ms
2026-09-22 12:23:13.761 INFO  [farmer-service,77116f12abe8ff2c,a47b6a0d] [farmer-sync-5] com.example.farmer.CardRenderJob - Rendered 83 cards in 2261ms
2026-09-22 12:23:43.141 INFO  [farmer-service,b06823f8ee82a4c6,32c44588] [farmer-sync-5] com.example.common.AuditPublisher - Published 5 audit events to nightshift.audit
2026-09-22 12:24:22.502 INFO  [farmer-service,b8a6fc616407feec,dffddcca] [http-nio-8080-exec-9] com.example.farmer.FarmerSyncScheduler - Sync batch 8580 queued, 235 pending records
2026-09-22 12:24:49.400 WARN  [farmer-service,1cee1dd6151682fc,01580594] [farmer-sync-7] com.example.farmer.FarmerController - Request from 192.0.2.253 missing X-Request-Id header, generated one
2026-09-22 12:25:13.382 DEBUG [farmer-service,df3024f11089f837,8c8322b0] [http-nio-8080-exec-5] com.example.farmer.FarmerRepository - select f.* from farmer f where f.region_id = 10
2026-09-22 12:27:55.517 INFO  [farmer-service,66320905d85b7eaa,1ec039ae] [farmer-sync-2] com.example.farmer.CardRenderJob - Rendered 79 cards in 397ms
2026-09-22 12:29:05.329 INFO  [farmer-service,57e7f35be832f7c5,f6a5027b] [http-nio-8080-exec-5] com.example.farmer.FarmerController - GET /api/v1/farmers?page=8 200 in 106ms
2026-09-22 12:29:28.853 INFO  [farmer-service,617fb5a1398453dd,02a0f5db] [farmer-sync-1] com.example.common.AuditPublisher - Published 11 audit events to nightshift.audit
2026-09-22 12:30:13.375 ERROR [farmer-service,72816c7266016239,85b787ad] [http-nio-8080-exec-2] com.example.farmer.FarmerSyncService - Sync failed for batch 8470: could not acquire a database connection
java.sql.SQLTransientConnectionException: HikariPool-1 - Connection is not available, request timed out after 30001ms (total=10, active=10, idle=0, waiting=7)
	at com.zaxxer.hikari.pool.HikariPool.createTimeoutException(HikariPool.java:696)
	at com.zaxxer.hikari.pool.HikariPool.getConnection(HikariPool.java:181)
	at com.example.farmer.FarmerSyncService.pushPending(FarmerSyncService.java:36)
	at com.example.farmer.FarmerSyncScheduler.run(FarmerSyncScheduler.java:58)
2026-09-22 12:30:21.789 DEBUG [farmer-service,fe2adfe15f8c853f,5621bf72] [farmer-sync-7] com.example.farmer.FarmerRepository - select f.* from farmer f where f.region_id = 18
2026-09-22 12:31:19.164 WARN  [farmer-service,e7cd6e029d3c086b,cd85f74d] [farmer-sync-5] com.example.farmer.FarmerProfileService - Concurrent update on farmer 6069, retry 2 of 3
com.example.farmer.FarmerProfileService$OptimisticLockException: Row was updated by another transaction (farmer id=8026)
	at com.example.farmer.FarmerProfileService.rename(FarmerProfileService.java:27)
	at com.example.farmer.FarmerController.rename(FarmerController.java:96)
2026-09-22 12:37:07.729 INFO  [farmer-service,e758ce35f19366e5,e9de86b3] [http-nio-8080-exec-1] com.example.farmer.CardRenderJob - Rendered 11 cards in 2301ms
2026-09-22 12:37:19.030 INFO  [farmer-service,130c5b23efa7e736,62aabe60] [farmer-sync-4] com.example.farmer.FarmerController - GET /api/v1/farmers?page=5 200 in 79ms
2026-09-22 12:41:09.973 DEBUG [farmer-service,065892311ecafd9f,f31d8fa8] [http-nio-8080-exec-2] com.example.farmer.FarmerRepository - select f.* from farmer f where f.region_id = 37
2026-09-22 12:41:35.743 DEBUG [farmer-service,95232b701c0f9ae9,0a768c29] [http-nio-8080-exec-6] com.example.farmer.FarmerRepository - select f.* from farmer f where f.region_id = 43
2026-09-22 12:43:07.657 WARN  [farmer-service,d32f91481e01478b,4271915e] [http-nio-8080-exec-7] com.example.farmer.FarmerController - Request from 192.0.2.95 missing X-Request-Id header, generated one
2026-09-22 12:43:51.163 DEBUG [farmer-service,0fedb4999aba20e9,50ec0518] [farmer-sync-9] com.example.farmer.FarmerRepository - select f.* from farmer f where f.region_id = 33
2026-09-22 12:43:59.501 INFO  [farmer-service,219f4dfb2f9c79c8,f1f1796b] [http-nio-8080-exec-4] com.example.farmer.FarmerSyncScheduler - Sync batch 8226 queued, 266 pending records
2026-09-22 12:44:16.680 DEBUG [farmer-service,aa2773aef31c1b79,cda20419] [http-nio-8080-exec-8] com.example.farmer.FarmerRepository - select f.* from farmer f where f.region_id = 24
2026-09-22 12:45:08.268 INFO  [farmer-service,2088af8a4ebf3803,071e9ef1] [farmer-sync-7] com.example.common.AuditPublisher - Published 24 audit events to nightshift.audit
2026-09-22 12:45:30.050 INFO  [farmer-service,f4cf52bb6c0da05f,30754856] [http-nio-8080-exec-2] com.example.farmer.CardRenderJob - Rendered 62 cards in 947ms
2026-09-22 12:46:29.830 INFO  [farmer-service,4f8d16f1232f12b2,b29fb4ba] [http-nio-8080-exec-3] com.example.common.AuditPublisher - Published 3 audit events to nightshift.audit
2026-09-22 12:46:46.761 INFO  [farmer-service,204619ccfced31db,d94cd561] [http-nio-8080-exec-1] com.example.farmer.CardRenderJob - Rendered 46 cards in 536ms
2026-09-22 12:46:53.981 DEBUG [farmer-service,5fa5729e973818a8,810daffe] [http-nio-8080-exec-1] com.example.farmer.FarmerRepository - select f.* from farmer f where f.region_id = 48
2026-09-22 12:47:18.968 WARN  [farmer-service,39ae039c7da93def,c9f167ac] [farmer-sync-2] com.example.farmer.FarmerController - Request from 192.0.2.76 missing X-Request-Id header, generated one
2026-09-22 12:47:35.016 WARN  [farmer-service,b54b17b7b611e765,bace6510] [http-nio-8080-exec-9] com.example.farmer.FarmerController - Request from 192.0.2.243 missing X-Request-Id header, generated one
2026-09-22 12:48:29.420 WARN  [farmer-service,68157611749375a4,995203b1] [farmer-sync-8] com.example.farmer.FarmerController - Request from 192.0.2.52 missing X-Request-Id header, generated one
2026-09-22 12:48:34.531 INFO  [farmer-service,f6a8ca9a112a2334,428f3000] [http-nio-8080-exec-1] com.example.farmer.CardRenderJob - Rendered 16 cards in 697ms
2026-09-22 12:49:33.727 WARN  [farmer-service,14525a92e824e1ee,33a7a671] [farmer-sync-8] com.example.farmer.FarmerController - Request from 192.0.2.237 missing X-Request-Id header, generated one
2026-09-22 12:50:02.558 INFO  [farmer-service,4b6d72e62c0093d4,31b2903c] [http-nio-8080-exec-4] com.example.farmer.FarmerSyncScheduler - Sync batch 8634 queued, 37 pending records
2026-09-22 12:50:48.339 INFO  [farmer-service,9c34a3ede946192f,c65ab3e7] [farmer-sync-2] com.example.farmer.FarmerSyncScheduler - Sync batch 8907 queued, 47 pending records
2026-09-22 12:52:15.207 INFO  [farmer-service,59df92e3512d1f1f,040b7c9a] [farmer-sync-7] com.example.farmer.FarmerSyncScheduler - Sync batch 8447 queued, 255 pending records
2026-09-22 12:52:30.900 INFO  [farmer-service,6f712beb0869ebd9,bd3d92dc] [http-nio-8080-exec-9] com.example.farmer.FarmerSyncScheduler - Sync batch 8694 queued, 385 pending records
2026-09-22 12:53:04.933 DEBUG [farmer-service,1feae18b288bf328,459179fa] [farmer-sync-9] com.example.farmer.FarmerRepository - select f.* from farmer f where f.region_id = 36
2026-09-22 12:55:40.647 INFO  [farmer-service,96e8e124285e38f2,6a09007c] [farmer-sync-3] com.example.farmer.FarmerSyncScheduler - Sync batch 8938 queued, 394 pending records
2026-09-22 12:57:15.821 INFO  [farmer-service,ac88e8c28048406b,038c9d09] [http-nio-8080-exec-2] com.example.common.AuditPublisher - Published 20 audit events to nightshift.audit
2026-09-22 12:57:30.598 INFO  [farmer-service,c54031d357d9e075,05ae3219] [http-nio-8080-exec-9] com.example.farmer.FarmerSyncScheduler - Sync batch 8940 queued, 323 pending records
2026-09-22 12:58:46.355 WARN  [farmer-service,6d7764ee252ddccc,951525cd] [farmer-sync-8] com.example.farmer.FarmerController - Request from 192.0.2.219 missing X-Request-Id header, generated one
2026-09-22 12:59:01.285 INFO  [farmer-service,2e650c9a5b6e7e66,1f99cc51] [http-nio-8080-exec-8] com.example.farmer.FarmerSyncScheduler - Sync batch 8479 queued, 167 pending records
2026-09-22 13:00:46.104 INFO  [farmer-service,9b2ef638a9c64936,50d2259f] [farmer-sync-9] com.example.farmer.FarmerSyncScheduler - Sync batch 8319 queued, 182 pending records
2026-09-22 13:01:14.942 INFO  [farmer-service,0d86688fc2049af8,2890a5b7] [http-nio-8080-exec-5] com.example.farmer.CardRenderJob - Rendered 5 cards in 1075ms
2026-09-22 13:01:19.476 ERROR [farmer-service,fc21a301e2628467,90678e8d] [farmer-sync-3] com.example.farmer.FarmerSyncService - Sync failed for batch 8452: could not acquire a database connection
java.sql.SQLTransientConnectionException: HikariPool-1 - Connection is not available, request timed out after 30001ms (total=10, active=10, idle=0, waiting=7)
	at com.zaxxer.hikari.pool.HikariPool.createTimeoutException(HikariPool.java:696)
	at com.zaxxer.hikari.pool.HikariPool.getConnection(HikariPool.java:181)
	at com.example.farmer.FarmerSyncService.pushPending(FarmerSyncService.java:36)
	at com.example.farmer.FarmerSyncScheduler.run(FarmerSyncScheduler.java:58)
2026-09-22 13:01:30.720 INFO  [farmer-service,243e35008f1beb2d,fdd63cf7] [farmer-sync-5] com.example.farmer.FarmerSyncScheduler - Sync batch 8076 queued, 68 pending records
2026-09-22 13:01:42.796 INFO  [farmer-service,02678513ec1a529a,3c149bc1] [http-nio-8080-exec-5] com.example.common.AuditPublisher - Published 10 audit events to nightshift.audit
2026-09-22 13:02:06.277 INFO  [farmer-service,f9969d0966b6c3ae,ee151c9d] [http-nio-8080-exec-8] com.example.farmer.FarmerController - GET /api/v1/farmers?page=9 200 in 118ms
2026-09-22 13:02:47.328 INFO  [farmer-service,2dfe8ab2112832fb,2706d27f] [http-nio-8080-exec-6] com.example.farmer.CardRenderJob - Rendered 29 cards in 1332ms
2026-09-22 13:06:13.629 WARN  [farmer-service,ebfb5e4ad58379f5,510b2984] [farmer-sync-3] com.example.farmer.FarmerController - Request from 192.0.2.200 missing X-Request-Id header, generated one
2026-09-22 13:06:19.077 WARN  [farmer-service,b5abe8a6844598ef,24dfaeb7] [http-nio-8080-exec-7] com.example.farmer.FarmerProfileService - Concurrent update on farmer 6404, retry 2 of 3
com.example.farmer.FarmerProfileService$OptimisticLockException: Row was updated by another transaction (farmer id=5414)
	at com.example.farmer.FarmerProfileService.rename(FarmerProfileService.java:27)
	at com.example.farmer.FarmerController.rename(FarmerController.java:96)
2026-09-22 13:08:07.588 INFO  [farmer-service,66ef67e9f997bf84,1a6ba159] [http-nio-8080-exec-8] com.example.common.AuditPublisher - Published 27 audit events to nightshift.audit
2026-09-22 13:08:44.618 DEBUG [farmer-service,78808330ec1f142c,20efbfa8] [farmer-sync-8] com.example.farmer.FarmerRepository - select f.* from farmer f where f.region_id = 59
2026-09-22 13:11:27.265 INFO  [farmer-service,38002bfa29671b7c,545064ac] [http-nio-8080-exec-7] com.example.farmer.FarmerSyncScheduler - Sync batch 8103 queued, 147 pending records
2026-09-22 13:11:56.082 INFO  [farmer-service,59ee83be6f4cbc7b,8f4cf26b] [farmer-sync-9] com.example.common.AuditPublisher - Published 5 audit events to nightshift.audit
2026-09-22 13:12:15.412 WARN  [farmer-service,eafc6c4a96556013,84960aab] [http-nio-8080-exec-4] com.example.farmer.FarmerController - Request from 192.0.2.124 missing X-Request-Id header, generated one
2026-09-22 13:13:09.113 INFO  [farmer-service,d2e0c99b713b710a,08f510ee] [farmer-sync-9] com.example.farmer.FarmerSyncScheduler - Sync batch 8363 queued, 60 pending records
2026-09-22 13:14:51.019 INFO  [farmer-service,af3405d1836e2f35,9137af14] [http-nio-8080-exec-3] com.example.farmer.FarmerController - GET /api/v1/farmers?page=23 200 in 108ms
2026-09-22 13:16:33.856 INFO  [farmer-service,e07e729f370df551,f57c2e7d] [http-nio-8080-exec-9] com.example.common.AuditPublisher - Published 15 audit events to nightshift.audit
2026-09-22 13:16:49.189 WARN  [farmer-service,16679669f91c6ad3,3e01e5af] [farmer-sync-9] com.example.farmer.FarmerController - Request from 192.0.2.115 missing X-Request-Id header, generated one
2026-09-22 13:17:47.664 DEBUG [farmer-service,c2e336ebdf375d86,4fd89743] [farmer-sync-7] com.example.farmer.FarmerRepository - select f.* from farmer f where f.region_id = 50
2026-09-22 13:18:38.131 WARN  [farmer-service,a2212da09979cadb,77fdece3] [http-nio-8080-exec-3] com.example.farmer.FarmerController - Request from 192.0.2.18 missing X-Request-Id header, generated one
2026-09-22 13:18:52.418 INFO  [farmer-service,377a7e845e4be1f7,ea688b68] [farmer-sync-3] com.example.farmer.FarmerController - GET /api/v1/farmers?page=11 200 in 139ms
2026-09-22 13:20:13.368 INFO  [farmer-service,0b83d315bdf311cb,c3d85eeb] [farmer-sync-3] com.example.farmer.FarmerController - GET /api/v1/farmers?page=0 200 in 56ms
2026-09-22 13:20:34.065 DEBUG [farmer-service,5eaef8fe04c243fc,ecfc4131] [http-nio-8080-exec-6] com.example.farmer.FarmerRepository - select f.* from farmer f where f.region_id = 64
2026-09-22 13:20:38.732 WARN  [farmer-service,af204a7e4942de73,424b0042] [http-nio-8080-exec-8] com.example.farmer.FarmerController - Request from 192.0.2.139 missing X-Request-Id header, generated one
2026-09-22 13:21:22.916 INFO  [farmer-service,6523520b569d7292,edf59ed0] [farmer-sync-8] com.example.farmer.FarmerController - GET /api/v1/farmers?page=30 200 in 22ms
2026-09-22 13:24:12.753 WARN  [farmer-service,751827e6cbdabd69,c722df75] [farmer-sync-2] org.springframework.boot.context.config.ConfigDataEnvironment - Property 'spring.datasource.initialization-mode' is deprecated and will be removed in a future release
2026-09-22 13:24:20.744 INFO  [farmer-service,01a9a7180735ba1b,a8eb699c] [http-nio-8080-exec-6] com.example.farmer.CardRenderJob - Rendered 83 cards in 1796ms
2026-09-22 13:24:32.778 DEBUG [farmer-service,549ec341059f44e7,84005fc1] [farmer-sync-4] com.example.farmer.FarmerRepository - select f.* from farmer f where f.region_id = 5
2026-09-22 13:26:56.681 INFO  [farmer-service,4305df00344284dc,e97b746d] [http-nio-8080-exec-1] com.example.common.AuditPublisher - Published 4 audit events to nightshift.audit
2026-09-22 13:29:04.893 DEBUG [farmer-service,c8d715cf8a15b011,a458b122] [farmer-sync-2] com.example.farmer.FarmerRepository - select f.* from farmer f where f.region_id = 13
2026-09-22 13:30:39.035 INFO  [farmer-service,c8031dfb129ce673,9660e8ab] [http-nio-8080-exec-5] com.example.common.AuditPublisher - Published 21 audit events to nightshift.audit
2026-09-22 13:32:10.675 DEBUG [farmer-service,8fb927d113663eb8,60a4eea5] [farmer-sync-1] com.example.farmer.FarmerRepository - select f.* from farmer f where f.region_id = 8
2026-09-22 13:32:22.723 INFO  [farmer-service,9653a6c918d36279,368da2a2] [http-nio-8080-exec-5] com.example.farmer.FarmerController - GET /api/v1/farmers?page=10 200 in 43ms
2026-09-22 13:32:23.671 INFO  [farmer-service,405cf6095cc04f9d,48ab6f25] [farmer-sync-3] com.example.farmer.FarmerController - GET /api/v1/farmers?page=2 200 in 19ms
2026-09-22 13:33:00.291 INFO  [farmer-service,658a9f8f60e1c4fb,84eda08b] [http-nio-8080-exec-9] com.example.farmer.FarmerSyncScheduler - Sync batch 8220 queued, 204 pending records
2026-09-22 13:33:47.351 WARN  [farmer-service,b94514afbd2fafda,ae70e749] [http-nio-8080-exec-1] com.example.farmer.FarmerController - Request from 192.0.2.43 missing X-Request-Id header, generated one
2026-09-22 13:34:39.283 INFO  [farmer-service,3dedc7de6024e5b4,51c383e1] [farmer-sync-2] com.example.farmer.CardRenderJob - Rendered 82 cards in 2092ms
2026-09-22 13:36:36.061 INFO  [farmer-service,f3327bf97abd7aba,d0df079b] [farmer-sync-7] com.example.farmer.FarmerSyncScheduler - Sync batch 8019 queued, 132 pending records
2026-09-22 13:37:06.350 INFO  [farmer-service,0b4c7d77aeb0766d,3d2f1f17] [farmer-sync-1] com.example.farmer.FarmerController - GET /api/v1/farmers?page=17 200 in 40ms
2026-09-22 13:37:07.646 INFO  [farmer-service,ad14a11499462409,ca6e7680] [http-nio-8080-exec-8] com.example.common.AuditPublisher - Published 16 audit events to nightshift.audit
2026-09-22 13:37:18.569 DEBUG [farmer-service,f937634199db266a,e19568e3] [farmer-sync-1] com.example.farmer.FarmerRepository - select f.* from farmer f where f.region_id = 48
2026-09-22 13:38:01.538 INFO  [farmer-service,e9dbc2e95fb49c80,3f41c79a] [http-nio-8080-exec-2] com.example.farmer.CardRenderJob - Rendered 26 cards in 999ms
2026-09-22 13:39:05.286 WARN  [farmer-service,693ff45c82917533,2c1826b1] [http-nio-8080-exec-1] com.example.farmer.FarmerController - Request from 192.0.2.202 missing X-Request-Id header, generated one
2026-09-22 13:39:07.007 INFO  [farmer-service,799fb1af9bed745a,067d8a81] [farmer-sync-1] com.example.common.AuditPublisher - Published 21 audit events to nightshift.audit
2026-09-22 13:39:40.195 INFO  [farmer-service,26b31edce34815a5,e654c1f1] [http-nio-8080-exec-6] com.example.farmer.FarmerController - GET /api/v1/farmers?page=15 200 in 109ms
2026-09-22 13:40:21.040 INFO  [farmer-service,42cfb2248b80c66f,aeed4689] [farmer-sync-2] com.example.farmer.FarmerSyncScheduler - Sync batch 8871 queued, 334 pending records
2026-09-22 13:40:49.781 INFO  [farmer-service,4e4712139bdd0d5c,3cf3e694] [farmer-sync-3] com.example.farmer.CardRenderJob - Rendered 6 cards in 1154ms
2026-09-22 13:41:31.290 DEBUG [farmer-service,790a62c7550dcdcf,8209f361] [http-nio-8080-exec-7] com.example.farmer.FarmerRepository - select f.* from farmer f where f.region_id = 15
2026-09-22 13:41:37.373 DEBUG [farmer-service,d674674018f24690,9c85a660] [http-nio-8080-exec-7] com.example.farmer.FarmerRepository - select f.* from farmer f where f.region_id = 58
2026-09-22 13:41:40.690 INFO  [farmer-service,6c9d3d1ff2c3cb8a,494314fb] [http-nio-8080-exec-2] com.example.common.AuditPublisher - Published 4 audit events to nightshift.audit
2026-09-22 13:43:31.792 INFO  [farmer-service,a04e4151369431f1,3a0bc483] [http-nio-8080-exec-5] com.example.farmer.CardRenderJob - Rendered 86 cards in 2024ms
2026-09-22 13:44:31.796 DEBUG [farmer-service,5e25468eb2dc8be4,479e4d92] [http-nio-8080-exec-5] com.example.farmer.FarmerRepository - select f.* from farmer f where f.region_id = 26
2026-09-22 13:44:40.677 INFO  [farmer-service,51d2ed94d5e6c89a,7a8360a7] [farmer-sync-9] com.example.farmer.FarmerSyncScheduler - Sync batch 8695 queued, 177 pending records
2026-09-22 13:45:00.610 ERROR [farmer-service,4843eb942628df31,70c8b060] [farmer-sync-8] com.example.farmer.FarmerSyncService - Sync failed for batch 8494: could not acquire a database connection
java.sql.SQLTransientConnectionException: HikariPool-1 - Connection is not available, request timed out after 30001ms (total=10, active=10, idle=0, waiting=7)
	at com.zaxxer.hikari.pool.HikariPool.createTimeoutException(HikariPool.java:696)
	at com.zaxxer.hikari.pool.HikariPool.getConnection(HikariPool.java:181)
	at com.example.farmer.FarmerSyncService.pushPending(FarmerSyncService.java:36)
	at com.example.farmer.FarmerSyncScheduler.run(FarmerSyncScheduler.java:58)
2026-09-22 13:46:07.914 WARN  [farmer-service,2b832a325c69f496,6c4ad876] [http-nio-8080-exec-7] com.example.farmer.FarmerController - Request from 192.0.2.251 missing X-Request-Id header, generated one
2026-09-22 13:51:27.699 INFO  [farmer-service,1d1443113fbb68c1,050aa82b] [farmer-sync-5] com.example.farmer.CardRenderJob - Rendered 46 cards in 575ms
2026-09-22 13:51:28.529 INFO  [farmer-service,27f8c67dfd0bfbd9,0f760be3] [http-nio-8080-exec-9] com.example.common.AuditPublisher - Published 19 audit events to nightshift.audit
2026-09-22 13:51:50.078 WARN  [farmer-service,644a79aab7d3bc88,fe758700] [http-nio-8080-exec-6] com.example.farmer.FarmerController - Request from 192.0.2.189 missing X-Request-Id header, generated one
2026-09-22 13:51:52.685 INFO  [farmer-service,16c140876f4dceda,70230863] [farmer-sync-4] com.example.farmer.FarmerController - GET /api/v1/farmers?page=11 200 in 91ms
2026-09-22 13:52:18.387 INFO  [farmer-service,8a7e04b361564526,c5cdbfcb] [http-nio-8080-exec-1] com.example.farmer.FarmerSyncScheduler - Sync batch 8121 queued, 151 pending records
2026-09-22 13:52:20.657 INFO  [farmer-service,7409d1d042e24c1a,92ca6b3c] [http-nio-8080-exec-4] com.example.farmer.FarmerController - GET /api/v1/farmers?page=35 200 in 119ms
2026-09-22 13:52:39.414 INFO  [farmer-service,e44b8fb313d17665,6cf59147] [http-nio-8080-exec-3] com.example.common.AuditPublisher - Published 2 audit events to nightshift.audit
2026-09-22 13:53:24.890 DEBUG [farmer-service,0eb1b40d91a30462,e2e2f065] [http-nio-8080-exec-8] com.example.farmer.FarmerRepository - select f.* from farmer f where f.region_id = 6
2026-09-22 13:54:31.786 INFO  [farmer-service,985e7e6e26442de4,ee2fd0fc] [farmer-sync-1] com.example.farmer.FarmerController - GET /api/v1/farmers?page=14 200 in 22ms
2026-09-22 13:54:53.622 INFO  [farmer-service,585e1792af5cf922,a234179b] [http-nio-8080-exec-5] com.example.farmer.FarmerSyncScheduler - Sync batch 8851 queued, 23 pending records
2026-09-22 13:55:15.486 DEBUG [farmer-service,7f99edb0330be42a,4efa82de] [http-nio-8080-exec-2] com.example.farmer.FarmerRepository - select f.* from farmer f where f.region_id = 15
2026-09-22 13:56:01.653 DEBUG [farmer-service,c4e29ebfe7725fd1,49a23277] [http-nio-8080-exec-1] com.example.farmer.FarmerRepository - select f.* from farmer f where f.region_id = 59
2026-09-22 13:56:57.922 WARN  [farmer-service,dce34d72472c07b5,b924eafa] [farmer-sync-3] com.example.farmer.FarmerController - Request from 192.0.2.4 missing X-Request-Id header, generated one
2026-09-22 13:57:06.843 INFO  [farmer-service,d6ced7195eae0656,222ce130] [http-nio-8080-exec-4] com.example.farmer.FarmerController - GET /api/v1/farmers?page=10 200 in 87ms
2026-09-22 14:00:01.931 INFO  [farmer-service,1f4f334a7fcf4494,6dcf43bc] [http-nio-8080-exec-8] com.example.farmer.FarmerSyncScheduler - Sync batch 8386 queued, 236 pending records
2026-09-22 14:00:12.996 INFO  [farmer-service,8ef2de844ac45695,e2a4ad3d] [farmer-sync-6] com.example.farmer.FarmerSyncScheduler - Sync batch 8648 queued, 236 pending records
2026-09-22 14:00:16.992 INFO  [farmer-service,7c2a5ac7fae441d0,21d44e1c] [farmer-sync-4] com.example.common.AuditPublisher - Published 8 audit events to nightshift.audit
2026-09-22 14:01:02.713 DEBUG [farmer-service,3aca38afcebb5dec,ff4c2621] [farmer-sync-6] com.example.farmer.FarmerRepository - select f.* from farmer f where f.region_id = 14
2026-09-22 14:02:35.738 INFO  [farmer-service,9dbbec08b0de4420,23f27a03] [http-nio-8080-exec-1] com.example.farmer.FarmerSyncScheduler - Sync batch 8883 queued, 234 pending records
2026-09-22 14:02:47.188 INFO  [farmer-service,6f6196d9b6a6c620,951d9ac6] [farmer-sync-5] com.example.farmer.FarmerSyncScheduler - Sync batch 8718 queued, 175 pending records
2026-09-22 14:05:08.555 INFO  [farmer-service,87c448c95582a2a7,17802e4d] [http-nio-8080-exec-1] com.example.common.AuditPublisher - Published 27 audit events to nightshift.audit
2026-09-22 14:05:31.698 WARN  [farmer-service,5753ed57a6734678,7bb282a8] [http-nio-8080-exec-2] com.example.farmer.FarmerController - Request from 192.0.2.30 missing X-Request-Id header, generated one
2026-09-22 14:05:34.577 INFO  [farmer-service,17c82a6846be06a3,1eb218ea] [http-nio-8080-exec-3] com.example.farmer.FarmerSyncScheduler - Sync batch 8256 queued, 158 pending records
2026-09-22 14:05:35.571 WARN  [farmer-service,4cbb8aceb5a2625c,5e389a1c] [http-nio-8080-exec-9] com.example.farmer.FarmerController - Request from 192.0.2.96 missing X-Request-Id header, generated one
2026-09-22 14:06:00.414 INFO  [farmer-service,958dd3c70fc1c533,b0fe3a80] [farmer-sync-1] com.example.farmer.FarmerController - GET /api/v1/farmers?page=25 200 in 122ms
2026-09-22 14:07:40.614 WARN  [farmer-service,4bb5cfc62a438713,c30ef739] [farmer-sync-3] com.example.farmer.FarmerController - Request from 192.0.2.215 missing X-Request-Id header, generated one
2026-09-22 14:07:45.455 DEBUG [farmer-service,88b325a606ac59be,7dca6a74] [http-nio-8080-exec-4] com.example.farmer.FarmerRepository - select f.* from farmer f where f.region_id = 7
2026-09-22 14:07:56.673 DEBUG [farmer-service,f6bed0c01d07221b,7b15a78a] [http-nio-8080-exec-1] com.example.farmer.FarmerRepository - select f.* from farmer f where f.region_id = 42
2026-09-22 14:08:39.581 INFO  [farmer-service,3bee824cdd7a73a3,e3c8628e] [http-nio-8080-exec-6] com.example.farmer.FarmerController - GET /api/v1/farmers?page=28 200 in 123ms
2026-09-22 14:08:42.031 DEBUG [farmer-service,6ad2ffb68dd6b792,df66380e] [farmer-sync-5] com.example.farmer.FarmerRepository - select f.* from farmer f where f.region_id = 55
2026-09-22 14:09:06.705 INFO  [farmer-service,1b91f85df509383f,f62c6401] [http-nio-8080-exec-8] com.example.farmer.FarmerSyncScheduler - Sync batch 8607 queued, 278 pending records
2026-09-22 14:09:34.730 INFO  [farmer-service,d13021a366890401,f7cf6651] [farmer-sync-9] com.example.common.AuditPublisher - Published 2 audit events to nightshift.audit
2026-09-22 14:10:55.457 WARN  [farmer-service,40109a9898241df3,d7eda7d9] [http-nio-8080-exec-4] com.example.farmer.FarmerController - Request from 192.0.2.37 missing X-Request-Id header, generated one
2026-09-22 14:11:55.506 INFO  [farmer-service,a5ed8a0fd55f42bf,219d3bea] [farmer-sync-6] com.example.farmer.FarmerSyncScheduler - Sync batch 8954 queued, 270 pending records
2026-09-22 14:12:35.649 WARN  [farmer-service,06dbdcabd346c934,087f39ac] [http-nio-8080-exec-9] com.example.farmer.FarmerController - Request from 192.0.2.74 missing X-Request-Id header, generated one
2026-09-22 14:14:34.297 WARN  [farmer-service,c72691447f07ea58,fd42ddbd] [http-nio-8080-exec-3] com.example.farmer.FarmerController - Request from 192.0.2.9 missing X-Request-Id header, generated one
2026-09-22 14:14:41.466 INFO  [farmer-service,e66266ab52886575,c2ee2d78] [http-nio-8080-exec-2] com.example.farmer.CardRenderJob - Rendered 8 cards in 1097ms
2026-09-22 14:15:52.553 WARN  [farmer-service,07d19ec754d59edd,8290177b] [http-nio-8080-exec-5] com.example.farmer.FarmerController - Request from 192.0.2.147 missing X-Request-Id header, generated one
2026-09-22 14:18:27.560 INFO  [farmer-service,eb2f8dfa61a10851,04839998] [farmer-sync-5] com.example.farmer.FarmerController - GET /api/v1/farmers?page=4 200 in 43ms
2026-09-22 14:19:21.760 DEBUG [farmer-service,4aca1c62276bd2c0,7fc035d3] [farmer-sync-1] com.example.farmer.FarmerRepository - select f.* from farmer f where f.region_id = 62
2026-09-22 14:19:40.326 INFO  [farmer-service,9b69014e9c4b0931,80e5af2c] [http-nio-8080-exec-5] com.example.farmer.FarmerSyncScheduler - Sync batch 8937 queued, 360 pending records
2026-09-22 14:20:25.808 INFO  [farmer-service,84529d3327aff694,4a9f4771] [http-nio-8080-exec-2] com.example.farmer.CardRenderJob - Rendered 32 cards in 1074ms
2026-09-22 14:23:07.891 INFO  [farmer-service,407ccb64fd4cb42e,9ac0f6c5] [farmer-sync-8] com.example.common.AuditPublisher - Published 11 audit events to nightshift.audit
2026-09-22 14:23:37.451 INFO  [farmer-service,9f185ccae80036f6,6a7071fe] [farmer-sync-9] com.example.farmer.FarmerSyncScheduler - Sync batch 8769 queued, 140 pending records
2026-09-22 14:23:43.010 INFO  [farmer-service,16b4eaeac8f2ca8f,fca2268a] [http-nio-8080-exec-7] com.example.farmer.FarmerSyncScheduler - Sync batch 8356 queued, 341 pending records
2026-09-22 14:24:09.810 INFO  [farmer-service,b954ae6197717291,15f2e4f5] [http-nio-8080-exec-1] com.example.farmer.FarmerSyncScheduler - Sync batch 8209 queued, 261 pending records
2026-09-22 14:25:09.316 DEBUG [farmer-service,5094cd6ab0d4f8c6,ca23ec58] [http-nio-8080-exec-4] com.example.farmer.FarmerRepository - select f.* from farmer f where f.region_id = 34
2026-09-22 14:26:13.097 INFO  [farmer-service,3df4ef99342d76fa,6af2e86c] [farmer-sync-5] com.example.common.AuditPublisher - Published 5 audit events to nightshift.audit
2026-09-22 14:26:23.312 WARN  [farmer-service,22826c1177d01b8d,d3f6d1e1] [http-nio-8080-exec-1] com.example.farmer.FarmerController - Request from 192.0.2.28 missing X-Request-Id header, generated one
2026-09-22 14:27:29.681 INFO  [farmer-service,e12410c0fc345852,383fb39f] [http-nio-8080-exec-9] com.example.farmer.FarmerSyncScheduler - Sync batch 8491 queued, 260 pending records
2026-09-22 14:27:54.628 INFO  [farmer-service,b6829facf40204bb,518ba8f4] [farmer-sync-6] com.example.farmer.FarmerController - GET /api/v1/farmers?page=9 200 in 103ms
2026-09-22 14:28:52.888 INFO  [farmer-service,cf1f0a92885769b1,2c5b554b] [http-nio-8080-exec-6] com.example.farmer.FarmerController - GET /api/v1/farmers?page=31 200 in 128ms
2026-09-22 14:30:03.811 INFO  [farmer-service,4792c0964ea3ec00,73095338] [http-nio-8080-exec-4] com.example.farmer.FarmerController - GET /api/v1/farmers?page=6 200 in 24ms
2026-09-22 14:30:21.691 INFO  [farmer-service,9a0e4e11d4e83a11,c941ea6e] [http-nio-8080-exec-3] com.example.farmer.FarmerController - GET /api/v1/farmers?page=3 200 in 102ms
2026-09-22 14:30:53.461 INFO  [farmer-service,77cd217988bbdab8,2378963b] [http-nio-8080-exec-9] com.example.common.AuditPublisher - Published 9 audit events to nightshift.audit
2026-09-22 14:34:33.239 ERROR [farmer-service,d648ea1b114dd957,92ff05b3] [http-nio-8080-exec-1] com.example.farmer.FarmerSyncService - Sync failed for batch 8259: could not acquire a database connection
java.sql.SQLTransientConnectionException: HikariPool-1 - Connection is not available, request timed out after 30001ms (total=10, active=10, idle=0, waiting=7)
	at com.zaxxer.hikari.pool.HikariPool.createTimeoutException(HikariPool.java:696)
	at com.zaxxer.hikari.pool.HikariPool.getConnection(HikariPool.java:181)
	at com.example.farmer.FarmerSyncService.pushPending(FarmerSyncService.java:36)
	at com.example.farmer.FarmerSyncScheduler.run(FarmerSyncScheduler.java:58)
2026-09-22 14:35:54.556 INFO  [farmer-service,796fce73dc586ade,8781c7f2] [farmer-sync-7] com.example.common.AuditPublisher - Published 24 audit events to nightshift.audit
2026-09-22 14:36:16.583 INFO  [farmer-service,18a68d4b83e3b46c,53263dfc] [http-nio-8080-exec-1] com.example.common.AuditPublisher - Published 6 audit events to nightshift.audit
2026-09-22 14:36:47.608 INFO  [farmer-service,f4ff265f5aff4a10,850c0e46] [http-nio-8080-exec-7] com.example.common.AuditPublisher - Published 21 audit events to nightshift.audit
2026-09-22 14:37:00.872 INFO  [farmer-service,946915216457f027,4f4563d8] [http-nio-8080-exec-7] com.example.common.AuditPublisher - Published 25 audit events to nightshift.audit
2026-09-22 14:39:35.119 INFO  [farmer-service,24d9f875325370b7,5d2f9a46] [farmer-sync-4] com.example.farmer.FarmerSyncScheduler - Sync batch 8977 queued, 129 pending records
2026-09-22 14:39:46.543 INFO  [farmer-service,93db2f446d71f4ac,487251f6] [http-nio-8080-exec-5] com.example.farmer.FarmerSyncScheduler - Sync batch 8792 queued, 397 pending records
2026-09-22 14:39:54.601 INFO  [farmer-service,bf16eebf786befb2,8457b118] [farmer-sync-5] com.example.farmer.CardRenderJob - Rendered 86 cards in 1280ms
2026-09-22 14:40:22.422 WARN  [farmer-service,70479bf9d47d3712,4d63fb4e] [http-nio-8080-exec-4] com.example.farmer.FarmerController - Request from 192.0.2.39 missing X-Request-Id header, generated one
2026-09-22 14:40:25.868 INFO  [farmer-service,4481948522f2c74d,265bee7f] [http-nio-8080-exec-5] com.example.farmer.CardRenderJob - Rendered 56 cards in 1453ms
2026-09-22 14:40:37.315 INFO  [farmer-service,cb10b314214c6bff,e289fdd6] [farmer-sync-8] com.example.farmer.FarmerController - GET /api/v1/farmers?page=28 200 in 71ms
2026-09-22 14:40:52.960 DEBUG [farmer-service,4e6eb7e38279fc96,a1475d4c] [http-nio-8080-exec-8] com.example.farmer.FarmerRepository - select f.* from farmer f where f.region_id = 34
2026-09-22 14:41:04.950 INFO  [farmer-service,e75f4c24feea6547,ac2833a9] [farmer-sync-8] com.example.farmer.CardRenderJob - Rendered 26 cards in 1855ms
2026-09-22 14:42:10.039 WARN  [farmer-service,e92fc7b9a1d7eb61,5d14cfa5] [http-nio-8080-exec-8] com.example.farmer.FarmerController - Request from 192.0.2.212 missing X-Request-Id header, generated one
2026-09-22 14:42:34.617 INFO  [farmer-service,5e64603290f0bd81,3e6c4a98] [farmer-sync-5] com.example.common.AuditPublisher - Published 3 audit events to nightshift.audit
2026-09-22 14:42:55.671 INFO  [farmer-service,d0f5d57aaf19518c,58515226] [farmer-sync-8] com.example.farmer.FarmerSyncScheduler - Sync batch 8077 queued, 102 pending records
2026-09-22 14:43:14.822 INFO  [farmer-service,88609b6b7a0dbbde,6846ee98] [farmer-sync-4] com.example.farmer.FarmerController - GET /api/v1/farmers?page=6 200 in 60ms
2026-09-22 14:44:02.580 INFO  [farmer-service,74b4ce54abf951f3,b1de8787] [http-nio-8080-exec-2] com.example.farmer.CardRenderJob - Rendered 39 cards in 1753ms
2026-09-22 14:44:02.600 INFO  [farmer-service,2dd9abbeb9d24a34,74d41002] [http-nio-8080-exec-2] com.example.common.AuditPublisher - Published 8 audit events to nightshift.audit
2026-09-22 14:44:05.707 INFO  [farmer-service,b556d54f7cb7f3a3,5005264d] [http-nio-8080-exec-7] com.example.farmer.FarmerSyncScheduler - Sync batch 8438 queued, 125 pending records
2026-09-22 14:44:23.772 INFO  [farmer-service,d1b4fab3df633670,5e67a609] [http-nio-8080-exec-1] com.example.common.AuditPublisher - Published 27 audit events to nightshift.audit
2026-09-22 14:45:06.053 INFO  [farmer-service,a22c94ea0661a600,95ca2fcc] [http-nio-8080-exec-6] com.example.common.AuditPublisher - Published 1 audit events to nightshift.audit
2026-09-22 14:45:36.838 INFO  [farmer-service,d27f3166ef629ad3,4e101a70] [farmer-sync-7] com.example.farmer.FarmerController - GET /api/v1/farmers?page=25 200 in 90ms
2026-09-22 14:46:37.540 WARN  [farmer-service,3b2d16371ef34cc6,78994528] [http-nio-8080-exec-2] com.example.farmer.FarmerProfileService - Concurrent update on farmer 4734, retry 1 of 3
com.example.farmer.FarmerProfileService$OptimisticLockException: Row was updated by another transaction (farmer id=4901)
	at com.example.farmer.FarmerProfileService.rename(FarmerProfileService.java:27)
	at com.example.farmer.FarmerController.rename(FarmerController.java:96)
2026-09-22 14:46:44.409 INFO  [farmer-service,1286010c3a8f410e,20f24c42] [farmer-sync-4] com.example.common.AuditPublisher - Published 12 audit events to nightshift.audit
2026-09-22 14:47:05.248 INFO  [farmer-service,fbf9d27c68184310,f6f1c1ae] [farmer-sync-8] com.example.common.AuditPublisher - Published 14 audit events to nightshift.audit
2026-09-22 14:47:46.975 INFO  [farmer-service,1fcb0debb840e69f,16088108] [farmer-sync-8] com.example.farmer.FarmerController - GET /api/v1/farmers?page=4 200 in 139ms
2026-09-22 14:50:23.663 INFO  [farmer-service,0a97f38e99a475b1,9023fc4f] [farmer-sync-3] com.example.farmer.CardRenderJob - Rendered 67 cards in 1180ms
2026-09-22 14:52:53.228 ERROR [farmer-service,93457d12583e3764,accb6f12] [farmer-sync-5] com.example.farmer.FarmerSyncService - Sync failed for batch 8126: could not acquire a database connection
java.sql.SQLTransientConnectionException: HikariPool-1 - Connection is not available, request timed out after 30001ms (total=10, active=10, idle=0, waiting=7)
	at com.zaxxer.hikari.pool.HikariPool.createTimeoutException(HikariPool.java:696)
	at com.zaxxer.hikari.pool.HikariPool.getConnection(HikariPool.java:181)
	at com.example.farmer.FarmerSyncService.pushPending(FarmerSyncService.java:36)
	at com.example.farmer.FarmerSyncScheduler.run(FarmerSyncScheduler.java:58)
2026-09-22 14:53:08.277 DEBUG [farmer-service,bee4ac5740fdec51,ae2bd209] [farmer-sync-6] com.example.farmer.FarmerRepository - select f.* from farmer f where f.region_id = 62
2026-09-22 14:53:51.811 DEBUG [farmer-service,a866b22493cf8864,dfbbb7b4] [http-nio-8080-exec-7] com.example.farmer.FarmerRepository - select f.* from farmer f where f.region_id = 52
2026-09-22 14:54:45.745 WARN  [farmer-service,b50e945411c98e6b,7c695b09] [farmer-sync-8] com.example.farmer.FarmerController - Request from 192.0.2.83 missing X-Request-Id header, generated one
2026-09-22 14:55:24.674 INFO  [farmer-service,1124a183bcc4beac,435d959c] [http-nio-8080-exec-6] com.example.farmer.FarmerSyncScheduler - Sync batch 8025 queued, 49 pending records
2026-09-22 14:57:12.933 INFO  [farmer-service,2019bfc65741aa8b,4cb55a48] [farmer-sync-2] com.example.farmer.CardRenderJob - Rendered 27 cards in 845ms
2026-09-22 14:57:48.602 DEBUG [farmer-service,f92d6689a19dce75,d9183f63] [farmer-sync-8] com.example.farmer.FarmerRepository - select f.* from farmer f where f.region_id = 27
2026-09-22 14:58:37.409 INFO  [farmer-service,b2f8aeb713ff74fc,160f9b30] [http-nio-8080-exec-2] com.example.farmer.FarmerSyncScheduler - Sync batch 8379 queued, 296 pending records
2026-09-22 14:58:56.076 INFO  [farmer-service,14ea246f99d9b5df,7f8a1acc] [farmer-sync-8] com.example.common.AuditPublisher - Published 19 audit events to nightshift.audit
2026-09-22 15:00:56.345 DEBUG [farmer-service,02e316521bad727f,87b11e99] [http-nio-8080-exec-1] com.example.farmer.FarmerRepository - select f.* from farmer f where f.region_id = 10
2026-09-22 15:01:23.875 INFO  [farmer-service,37c199171b10c967,566d082a] [http-nio-8080-exec-3] com.example.farmer.FarmerSyncScheduler - Sync batch 8687 queued, 283 pending records
2026-09-22 15:01:38.342 INFO  [farmer-service,4a6adc15c1152a1f,e14f0878] [http-nio-8080-exec-9] com.example.common.AuditPublisher - Published 13 audit events to nightshift.audit
2026-09-22 15:01:59.930 INFO  [farmer-service,230ef44c5f84dcda,df51366a] [http-nio-8080-exec-3] com.example.farmer.FarmerSyncScheduler - Sync batch 8391 queued, 58 pending records
2026-09-22 15:02:37.098 INFO  [farmer-service,b23a882e11331f57,269246c5] [http-nio-8080-exec-1] com.example.farmer.CardRenderJob - Rendered 71 cards in 984ms
2026-09-22 15:02:52.894 WARN  [farmer-service,e68607da6f8ab3a1,0d65f09f] [farmer-sync-3] com.example.farmer.FarmerController - Request from 192.0.2.155 missing X-Request-Id header, generated one
2026-09-22 15:03:00.431 INFO  [farmer-service,8b876c86e15e325c,53ec1586] [http-nio-8080-exec-2] com.example.farmer.FarmerSyncScheduler - Sync batch 8229 queued, 89 pending records
2026-09-22 15:03:53.532 INFO  [farmer-service,aad8e5903ed537a8,7be2d1a9] [farmer-sync-8] com.example.common.AuditPublisher - Published 26 audit events to nightshift.audit
2026-09-22 15:05:21.501 WARN  [farmer-service,00663fef4c97fcaa,09fb6aa6] [farmer-sync-7] com.example.farmer.FarmerController - Request from 192.0.2.202 missing X-Request-Id header, generated one
2026-09-22 15:07:14.377 WARN  [farmer-service,31bc5c3d5708bbf0,5edef2f8] [http-nio-8080-exec-8] com.example.farmer.FarmerController - Request from 192.0.2.250 missing X-Request-Id header, generated one
2026-09-22 15:07:22.539 INFO  [farmer-service,e98e1e493ece4e3b,76453770] [http-nio-8080-exec-2] com.example.farmer.CardRenderJob - Rendered 76 cards in 905ms
2026-09-22 15:08:10.777 WARN  [farmer-service,a5cb2e6a4f9b9815,e1542826] [farmer-sync-1] com.example.farmer.FarmerController - Request from 192.0.2.229 missing X-Request-Id header, generated one
2026-09-22 15:08:26.770 WARN  [farmer-service,90a49168ca2b86a5,eac0f2e0] [http-nio-8080-exec-8] com.example.farmer.FarmerController - Request from 192.0.2.46 missing X-Request-Id header, generated one
2026-09-22 15:08:51.664 INFO  [farmer-service,08d4d1284911df62,4bcad85c] [http-nio-8080-exec-1] com.example.farmer.FarmerSyncScheduler - Sync batch 8137 queued, 297 pending records
2026-09-22 15:08:56.874 INFO  [farmer-service,b2e157d2fe3ed59e,481a36f3] [farmer-sync-2] com.example.farmer.FarmerController - GET /api/v1/farmers?page=18 200 in 21ms
2026-09-22 15:10:59.599 WARN  [farmer-service,e4b54b5bfd5fc939,1952afea] [farmer-sync-5] com.example.farmer.FarmerController - Request from 192.0.2.159 missing X-Request-Id header, generated one
2026-09-22 15:11:24.292 INFO  [farmer-service,f44149e2dded438c,e78b514f] [http-nio-8080-exec-8] com.example.farmer.FarmerController - GET /api/v1/farmers?page=7 200 in 83ms
2026-09-22 15:11:56.397 INFO  [farmer-service,b038e5146df85cfe,3104bcb4] [http-nio-8080-exec-5] com.example.farmer.FarmerController - GET /api/v1/farmers?page=13 200 in 43ms
2026-09-22 15:15:44.260 WARN  [farmer-service,0ee61d2f80627fc0,6fb1e740] [http-nio-8080-exec-1] com.example.farmer.FarmerController - Request from 192.0.2.249 missing X-Request-Id header, generated one
2026-09-22 15:16:47.530 INFO  [farmer-service,6f335126e4a230a3,3d1b478a] [farmer-sync-8] com.example.farmer.FarmerSyncScheduler - Sync batch 8199 queued, 114 pending records
2026-09-22 15:16:49.522 INFO  [farmer-service,0d18f380fa4e28bc,82d79cb1] [farmer-sync-9] com.example.farmer.FarmerController - GET /api/v1/farmers?page=11 200 in 17ms
2026-09-22 15:18:04.855 WARN  [farmer-service,43bbb17dd53ea7fb,78f8330f] [http-nio-8080-exec-6] com.example.farmer.FarmerController - Request from 192.0.2.166 missing X-Request-Id header, generated one
2026-09-22 15:18:21.344 DEBUG [farmer-service,50e8abd631e20466,b4f27a17] [farmer-sync-8] com.example.farmer.FarmerRepository - select f.* from farmer f where f.region_id = 40
2026-09-22 15:19:18.106 INFO  [farmer-service,1b13fef8f5015bb4,95a5c064] [farmer-sync-8] com.example.farmer.CardRenderJob - Rendered 47 cards in 313ms
2026-09-22 15:19:52.177 WARN  [farmer-service,c2736de51c1abbfe,9f94092e] [farmer-sync-9] com.example.farmer.FarmerController - Request from 192.0.2.26 missing X-Request-Id header, generated one
2026-09-22 15:20:06.727 INFO  [farmer-service,45ecca1687dfcf63,fd8c4fd0] [http-nio-8080-exec-5] com.example.farmer.CardRenderJob - Rendered 13 cards in 1929ms
2026-09-22 15:20:16.750 INFO  [farmer-service,636cec92a744ef19,81db9d50] [farmer-sync-7] com.example.farmer.FarmerController - GET /api/v1/farmers?page=30 200 in 112ms
2026-09-22 15:20:47.004 WARN  [farmer-service,5c8f01cc7b89b2c1,49f6d91a] [http-nio-8080-exec-5] com.example.farmer.FarmerController - Request from 192.0.2.109 missing X-Request-Id header, generated one
2026-09-22 15:20:53.650 INFO  [farmer-service,fc683dd5f75249be,2d003f5f] [http-nio-8080-exec-6] com.example.farmer.FarmerController - GET /api/v1/farmers?page=9 200 in 50ms
2026-09-22 15:21:08.961 INFO  [farmer-service,e1b3905964eef110,fccd701f] [http-nio-8080-exec-7] com.example.common.AuditPublisher - Published 18 audit events to nightshift.audit
2026-09-22 15:23:53.657 INFO  [farmer-service,f164d26ecf76d1f8,550ab393] [http-nio-8080-exec-2] com.example.farmer.FarmerSyncScheduler - Sync batch 8406 queued, 176 pending records
2026-09-22 15:24:03.632 INFO  [farmer-service,fdd5ef9da69e7bf8,0936b64e] [http-nio-8080-exec-1] com.example.common.AuditPublisher - Published 21 audit events to nightshift.audit
2026-09-22 15:25:01.746 INFO  [farmer-service,bed192fd6c4dab72,9abeb7f2] [http-nio-8080-exec-2] com.example.common.AuditPublisher - Published 17 audit events to nightshift.audit
2026-09-22 15:25:25.372 INFO  [farmer-service,e08d4b07f381a93d,be31a60f] [farmer-sync-2] com.example.farmer.CardRenderJob - Rendered 58 cards in 2005ms
2026-09-22 15:25:44.894 INFO  [farmer-service,254a788a2451046e,9742de51] [farmer-sync-6] com.example.farmer.FarmerController - GET /api/v1/farmers?page=0 200 in 100ms
2026-09-22 15:26:52.051 INFO  [farmer-service,3ff28fce7f2cf743,3baca092] [farmer-sync-1] com.example.farmer.FarmerSyncScheduler - Sync batch 8030 queued, 90 pending records
2026-09-22 15:27:26.696 INFO  [farmer-service,9cc637815fa28d81,845c5025] [farmer-sync-1] com.example.farmer.FarmerController - GET /api/v1/farmers?page=7 200 in 109ms
2026-09-22 15:29:29.465 INFO  [farmer-service,84aa1305e1642d14,e93e73d1] [http-nio-8080-exec-2] com.example.common.AuditPublisher - Published 29 audit events to nightshift.audit
2026-09-22 15:30:32.673 INFO  [farmer-service,876632ccc8cfedd3,8da940d7] [http-nio-8080-exec-1] com.example.farmer.FarmerController - GET /api/v1/farmers?page=20 200 in 86ms
2026-09-22 15:31:21.827 INFO  [farmer-service,4c355e897cbd24a8,a0c36055] [http-nio-8080-exec-4] com.example.farmer.CardRenderJob - Rendered 10 cards in 1873ms
2026-09-22 15:32:28.144 INFO  [farmer-service,68897c49b30b47b1,853587bc] [http-nio-8080-exec-4] com.example.farmer.FarmerSyncScheduler - Sync batch 8006 queued, 109 pending records
2026-09-22 15:32:41.605 INFO  [farmer-service,2180661e40bb9766,797b8701] [farmer-sync-3] com.example.farmer.FarmerController - GET /api/v1/farmers?page=0 200 in 66ms
2026-09-22 15:33:40.808 INFO  [farmer-service,23c0c695c47601fb,18897586] [farmer-sync-7] com.example.farmer.CardRenderJob - Rendered 29 cards in 2116ms
2026-09-22 15:34:28.872 INFO  [farmer-service,376c548e11c633f0,9713cdeb] [farmer-sync-2] com.example.farmer.FarmerController - GET /api/v1/farmers?page=0 200 in 87ms
2026-09-22 15:34:52.772 WARN  [farmer-service,460ba81ecb871ae0,77eb11ea] [farmer-sync-1] com.example.farmer.FarmerController - Request from 192.0.2.77 missing X-Request-Id header, generated one
2026-09-22 15:35:19.373 DEBUG [farmer-service,3eac85f824fbe3a6,ef8ef6ad] [farmer-sync-7] com.example.farmer.FarmerRepository - select f.* from farmer f where f.region_id = 10
2026-09-22 15:35:52.888 INFO  [farmer-service,a8192a7e1856d607,f0af04e5] [http-nio-8080-exec-5] com.example.farmer.FarmerController - GET /api/v1/farmers?page=22 200 in 25ms
2026-09-22 15:36:41.422 INFO  [farmer-service,59b2fe634819ca97,0b2ecfe8] [farmer-sync-4] com.example.farmer.CardRenderJob - Rendered 55 cards in 991ms
2026-09-22 15:39:01.204 INFO  [farmer-service,dfa6db0302dab05b,17720065] [http-nio-8080-exec-7] com.example.farmer.CardRenderJob - Rendered 24 cards in 817ms
2026-09-22 15:40:28.397 DEBUG [farmer-service,f718be5164503966,947ce819] [http-nio-8080-exec-7] com.example.farmer.FarmerRepository - select f.* from farmer f where f.region_id = 5
2026-09-22 15:40:56.918 WARN  [farmer-service,33708c8668591f71,1bc33b23] [http-nio-8080-exec-9] com.example.farmer.FarmerController - Request from 192.0.2.198 missing X-Request-Id header, generated one
2026-09-22 15:43:23.261 INFO  [farmer-service,23d4e26178ca2d98,a382960f] [http-nio-8080-exec-1] com.example.farmer.CardRenderJob - Rendered 69 cards in 254ms
2026-09-22 15:44:08.457 INFO  [farmer-service,ea4b5524480e0bd8,7be5a6a6] [http-nio-8080-exec-6] com.example.farmer.FarmerController - GET /api/v1/farmers?page=25 200 in 44ms
2026-09-22 15:44:34.005 INFO  [farmer-service,69bc1c48ac7d8f3e,7333ce54] [farmer-sync-2] com.example.farmer.FarmerController - GET /api/v1/farmers?page=1 200 in 134ms
2026-09-22 15:45:33.094 WARN  [farmer-service,97f01c94eef98c54,523a1820] [farmer-sync-1] com.example.farmer.FarmerController - Request from 192.0.2.246 missing X-Request-Id header, generated one
2026-09-22 15:46:00.437 DEBUG [farmer-service,f06669b0ba31dd83,736b978a] [farmer-sync-7] com.example.farmer.FarmerRepository - select f.* from farmer f where f.region_id = 64
2026-09-22 15:46:01.482 INFO  [farmer-service,1a5d056d51f7f08b,e1ab297c] [farmer-sync-8] com.example.farmer.CardRenderJob - Rendered 52 cards in 1795ms
2026-09-22 15:46:37.056 INFO  [farmer-service,2e0b82ffaa3738f6,1699c142] [http-nio-8080-exec-6] com.example.farmer.FarmerController - GET /api/v1/farmers?page=27 200 in 98ms
2026-09-22 15:47:04.844 WARN  [farmer-service,44b48e7c71f55861,91d25bd5] [http-nio-8080-exec-8] com.example.farmer.FarmerController - Request from 192.0.2.141 missing X-Request-Id header, generated one
2026-09-22 15:47:36.173 INFO  [farmer-service,212054b8de452f47,77edd59a] [farmer-sync-7] com.example.farmer.CardRenderJob - Rendered 83 cards in 713ms
2026-09-22 15:48:01.767 INFO  [farmer-service,d4d228278dce5861,29cf64c5] [farmer-sync-1] com.example.common.AuditPublisher - Published 4 audit events to nightshift.audit
2026-09-22 15:48:19.250 INFO  [farmer-service,c4868b02d0fdabc1,d4c4d051] [http-nio-8080-exec-3] com.example.farmer.FarmerSyncScheduler - Sync batch 8593 queued, 57 pending records
2026-09-22 15:48:34.919 WARN  [farmer-service,9fdfc72ad7dada4e,c4065d2a] [http-nio-8080-exec-7] com.example.farmer.FarmerController - Request from 192.0.2.193 missing X-Request-Id header, generated one
2026-09-22 15:48:42.990 WARN  [farmer-service,0eedc1da210e9348,e9c89525] [http-nio-8080-exec-9] com.example.farmer.FarmerController - Request from 192.0.2.72 missing X-Request-Id header, generated one
2026-09-22 15:49:56.166 INFO  [farmer-service,c6c0fc5d6dff1e3c,79bff11b] [http-nio-8080-exec-1] com.example.farmer.FarmerSyncScheduler - Sync batch 8891 queued, 199 pending records
2026-09-22 15:51:05.035 INFO  [farmer-service,eb1359ab0f760ae5,11a3f919] [farmer-sync-1] com.example.farmer.FarmerController - GET /api/v1/farmers?page=2 200 in 113ms
2026-09-22 15:52:53.319 INFO  [farmer-service,f107d53fd222298d,3a4614dd] [http-nio-8080-exec-9] com.example.farmer.FarmerSyncScheduler - Sync batch 8875 queued, 108 pending records
2026-09-22 15:53:00.853 INFO  [farmer-service,f58e29e2d284f5fa,467a0e85] [http-nio-8080-exec-5] com.example.farmer.FarmerController - GET /api/v1/farmers?page=34 200 in 114ms
2026-09-22 15:53:33.707 INFO  [farmer-service,eda1815be2526ca5,0a9d6372] [http-nio-8080-exec-3] com.example.farmer.FarmerController - GET /api/v1/farmers?page=2 200 in 17ms
2026-09-22 15:57:11.506 INFO  [farmer-service,04ca4f5677ea9697,0d9d5d37] [farmer-sync-6] com.example.farmer.CardRenderJob - Rendered 89 cards in 1457ms
2026-09-22 15:57:22.461 WARN  [farmer-service,30c1bb77b30853d4,a2172a75] [farmer-sync-4] com.example.farmer.FarmerController - Request from 192.0.2.2 missing X-Request-Id header, generated one
2026-09-22 15:57:32.256 INFO  [farmer-service,cbd4b0eaa0aa38f1,090469bb] [http-nio-8080-exec-2] com.example.common.AuditPublisher - Published 12 audit events to nightshift.audit
2026-09-22 15:59:48.102 DEBUG [farmer-service,ebc29425ee53907d,d7d3606d] [farmer-sync-6] com.example.farmer.FarmerRepository - select f.* from farmer f where f.region_id = 38
2026-09-22 16:00:16.940 DEBUG [farmer-service,e71269c4c26e1684,d7f20ac2] [http-nio-8080-exec-3] com.example.farmer.FarmerRepository - select f.* from farmer f where f.region_id = 59
2026-09-22 16:00:42.191 INFO  [farmer-service,95f7342e14b6065b,dd29f9a1] [farmer-sync-2] com.example.farmer.FarmerSyncScheduler - Sync batch 8274 queued, 144 pending records
2026-09-22 16:01:49.701 WARN  [farmer-service,4a1eba74574d195f,6870bbc0] [farmer-sync-6] com.example.farmer.FarmerController - Request from 192.0.2.30 missing X-Request-Id header, generated one
2026-09-22 16:01:52.432 DEBUG [farmer-service,ca89e5a92f0949d5,527dbb01] [http-nio-8080-exec-5] com.example.farmer.FarmerRepository - select f.* from farmer f where f.region_id = 6
2026-09-22 16:04:09.377 INFO  [farmer-service,290f7fc69ac9e510,cc4634cf] [farmer-sync-5] com.example.farmer.FarmerController - GET /api/v1/farmers?page=17 200 in 18ms
2026-09-22 16:04:32.832 WARN  [farmer-service,af94dc41d70f8e5d,abffe3ad] [http-nio-8080-exec-7] com.example.farmer.FarmerController - Request from 192.0.2.95 missing X-Request-Id header, generated one
2026-09-22 16:05:10.321 INFO  [farmer-service,3e3e5bc12b504b8b,a72aad91] [farmer-sync-7] com.example.farmer.FarmerSyncScheduler - Sync batch 8659 queued, 154 pending records
2026-09-22 16:06:12.252 INFO  [farmer-service,779243db056d0b19,4b74d1b2] [http-nio-8080-exec-1] com.example.farmer.FarmerSyncScheduler - Sync batch 8297 queued, 128 pending records
2026-09-22 16:07:27.940 WARN  [farmer-service,bda68db009f7c437,87559206] [farmer-sync-5] com.example.farmer.FarmerController - Request from 192.0.2.111 missing X-Request-Id header, generated one
2026-09-22 16:07:30.991 INFO  [farmer-service,ddb8bd9b5a066ba2,64687201] [farmer-sync-2] com.example.farmer.FarmerSyncScheduler - Sync batch 8312 queued, 395 pending records
2026-09-22 16:07:39.895 INFO  [farmer-service,372161b17409f764,a4c552c8] [farmer-sync-4] com.example.farmer.FarmerController - GET /api/v1/farmers?page=29 200 in 133ms
2026-09-22 16:08:29.433 WARN  [farmer-service,ff6f2b28c53574e3,99ff123c] [farmer-sync-2] com.example.farmer.FarmerController - Request from 192.0.2.52 missing X-Request-Id header, generated one
2026-09-22 16:10:11.308 INFO  [farmer-service,4fc99ed44fecc49c,7c7e6a9c] [farmer-sync-2] com.example.farmer.CardRenderJob - Rendered 10 cards in 1118ms
2026-09-22 16:10:22.858 INFO  [farmer-service,afb110d97c2d954d,30debe52] [farmer-sync-7] com.example.farmer.FarmerSyncScheduler - Sync batch 8786 queued, 341 pending records
2026-09-22 16:11:08.231 WARN  [farmer-service,cf9a07080b254ebd,fb7a4f49] [farmer-sync-5] com.example.farmer.FarmerController - Request from 192.0.2.209 missing X-Request-Id header, generated one
2026-09-22 16:11:25.947 INFO  [farmer-service,06b711a8c33c654b,eb604686] [http-nio-8080-exec-1] com.example.farmer.FarmerSyncScheduler - Sync batch 8588 queued, 242 pending records
2026-09-22 16:12:14.959 INFO  [farmer-service,bfd2966dca689838,b5bd055b] [farmer-sync-7] com.example.common.AuditPublisher - Published 20 audit events to nightshift.audit
2026-09-22 16:13:43.629 ERROR [farmer-service,2ba9981653518859,eec2295d] [http-nio-8080-exec-8] com.example.farmer.CardRenderJob - Failed to render card label for farmer 93088
java.lang.NullPointerException: Cannot invoke "String.charAt(int)" because "middleName" is null
	at com.example.common.NameFormatter.initials(NameFormatter.java:22)
	at com.example.farmer.FarmerSyncService.cardLabel(FarmerSyncService.java:53)
	at com.example.farmer.CardRenderJob.render(CardRenderJob.java:74)
	at java.base/java.util.concurrent.ThreadPoolExecutor.runWorker(ThreadPoolExecutor.java:1144)
	at java.base/java.lang.Thread.run(Thread.java:1583)
2026-09-22 16:14:28.000 INFO  [farmer-service,b4f80d7e31e1b57f,e16640ff] [farmer-sync-6] com.example.common.AuditPublisher - Published 2 audit events to nightshift.audit
2026-09-22 16:14:39.880 WARN  [farmer-service,831fe5caabb29a33,f0a69585] [http-nio-8080-exec-5] com.example.farmer.FarmerController - Request from 192.0.2.69 missing X-Request-Id header, generated one
2026-09-22 16:15:33.604 INFO  [farmer-service,f5f1ae192b565b47,5276bced] [farmer-sync-3] com.example.common.AuditPublisher - Published 25 audit events to nightshift.audit
2026-09-22 16:18:25.463 INFO  [farmer-service,672acca62279fe39,11f913bd] [farmer-sync-2] com.example.common.AuditPublisher - Published 6 audit events to nightshift.audit
2026-09-22 16:20:25.235 INFO  [farmer-service,735cdc6d02c1ef51,d0fbe141] [farmer-sync-5] com.example.common.AuditPublisher - Published 17 audit events to nightshift.audit
2026-09-22 16:21:56.094 WARN  [farmer-service,841977780cfe4d0e,ff875891] [http-nio-8080-exec-7] com.example.farmer.FarmerController - Request from 192.0.2.155 missing X-Request-Id header, generated one
2026-09-22 16:22:56.964 INFO  [farmer-service,867540da10c6f25f,db08d115] [http-nio-8080-exec-5] com.example.farmer.CardRenderJob - Rendered 68 cards in 1286ms
2026-09-22 16:23:04.634 INFO  [farmer-service,5ea4adbdf043db62,381fcd38] [http-nio-8080-exec-1] com.example.common.AuditPublisher - Published 21 audit events to nightshift.audit
2026-09-22 16:23:47.964 INFO  [farmer-service,138259568246d46f,e485a130] [http-nio-8080-exec-3] com.example.farmer.CardRenderJob - Rendered 46 cards in 587ms
2026-09-22 16:24:17.088 INFO  [farmer-service,1e4a5fd3a518ac08,53727d77] [farmer-sync-2] com.example.farmer.FarmerController - GET /api/v1/farmers?page=27 200 in 92ms
2026-09-22 16:24:57.630 INFO  [farmer-service,59c304f76fbf1bda,13c38395] [http-nio-8080-exec-4] com.example.farmer.CardRenderJob - Rendered 33 cards in 2266ms
2026-09-22 16:26:00.875 DEBUG [farmer-service,8ffe7f90b4e5afc0,4ff8e297] [farmer-sync-7] com.example.farmer.FarmerRepository - select f.* from farmer f where f.region_id = 38
2026-09-22 16:27:13.982 DEBUG [farmer-service,54e77cfc31151b24,f7cf7815] [farmer-sync-7] com.example.farmer.FarmerRepository - select f.* from farmer f where f.region_id = 24
2026-09-22 16:27:14.071 DEBUG [farmer-service,5748ec20dcf82033,19f9acac] [http-nio-8080-exec-6] com.example.farmer.FarmerRepository - select f.* from farmer f where f.region_id = 57
2026-09-22 16:27:35.760 WARN  [farmer-service,4c97abe77549e7c3,0ba9a41f] [farmer-sync-8] com.example.farmer.FarmerController - Request from 192.0.2.174 missing X-Request-Id header, generated one
2026-09-22 16:27:43.344 INFO  [farmer-service,6620ef9c8706b6ed,83dd5938] [farmer-sync-1] com.example.farmer.FarmerController - GET /api/v1/farmers?page=35 200 in 53ms
2026-09-22 16:27:47.293 WARN  [farmer-service,0b171715136a0eb3,b57d5158] [farmer-sync-9] com.example.farmer.FarmerController - Request from 192.0.2.47 missing X-Request-Id header, generated one
2026-09-22 16:28:16.155 INFO  [farmer-service,da44c568f17fc389,6a2c86a5] [farmer-sync-7] com.example.farmer.FarmerController - GET /api/v1/farmers?page=22 200 in 81ms
2026-09-22 16:28:23.886 INFO  [farmer-service,d39413535afd124d,75dc27c4] [http-nio-8080-exec-6] com.example.farmer.FarmerSyncScheduler - Sync batch 8971 queued, 136 pending records
2026-09-22 16:28:41.022 WARN  [farmer-service,ce1f43d5af5924d0,a28e3d3a] [farmer-sync-7] com.example.farmer.FarmerController - Request from 192.0.2.45 missing X-Request-Id header, generated one
2026-09-22 16:30:36.565 WARN  [farmer-service,74868eab414d36a6,420a048c] [http-nio-8080-exec-3] com.example.farmer.FarmerController - Request from 192.0.2.6 missing X-Request-Id header, generated one
2026-09-22 16:32:54.556 INFO  [farmer-service,ec54fb6ae6faa006,7e9b665c] [farmer-sync-8] com.example.common.AuditPublisher - Published 23 audit events to nightshift.audit
2026-09-22 16:33:39.500 DEBUG [farmer-service,d2f4c80c1434a232,120822ca] [http-nio-8080-exec-4] com.example.farmer.FarmerRepository - select f.* from farmer f where f.region_id = 55
2026-09-22 16:34:59.294 INFO  [farmer-service,a62cd1e35b3d4db4,1c3bfb56] [http-nio-8080-exec-3] com.example.farmer.CardRenderJob - Rendered 48 cards in 1466ms
2026-09-22 16:37:05.027 INFO  [farmer-service,6d717aca6039b070,f08488fd] [http-nio-8080-exec-7] com.example.farmer.CardRenderJob - Rendered 52 cards in 1626ms
2026-09-22 16:37:49.857 INFO  [farmer-service,3f4efd676adc356e,0027e80f] [farmer-sync-1] com.example.farmer.FarmerSyncScheduler - Sync batch 8926 queued, 115 pending records
2026-09-22 16:39:14.894 WARN  [farmer-service,7bca942f875a881c,8b4854a7] [http-nio-8080-exec-3] com.example.farmer.FarmerController - Request from 192.0.2.52 missing X-Request-Id header, generated one
2026-09-22 16:39:21.852 INFO  [farmer-service,08a2a204e83ddf0d,d65fa87b] [farmer-sync-9] com.example.farmer.FarmerController - GET /api/v1/farmers?page=23 200 in 63ms
2026-09-22 16:40:29.171 INFO  [farmer-service,18186cdf776162c6,37c851a5] [http-nio-8080-exec-6] com.example.farmer.CardRenderJob - Rendered 48 cards in 542ms
2026-09-22 16:40:59.701 WARN  [farmer-service,bffa5a2c87cad261,f7960c44] [http-nio-8080-exec-5] com.example.farmer.FarmerController - Request from 192.0.2.31 missing X-Request-Id header, generated one
2026-09-22 16:41:11.574 INFO  [farmer-service,0b0559de609ab271,3e6e2ff0] [farmer-sync-6] com.example.farmer.CardRenderJob - Rendered 30 cards in 367ms
2026-09-22 16:41:53.671 INFO  [farmer-service,439221bebc622ea6,d3efb11c] [http-nio-8080-exec-5] com.example.common.AuditPublisher - Published 30 audit events to nightshift.audit
2026-09-22 16:42:24.999 INFO  [farmer-service,a42ccdf969c83281,d0d1458a] [farmer-sync-6] com.example.farmer.FarmerController - GET /api/v1/farmers?page=11 200 in 58ms
2026-09-22 16:42:30.016 INFO  [farmer-service,60428623c02d45f9,0b6e6523] [http-nio-8080-exec-8] com.example.farmer.CardRenderJob - Rendered 13 cards in 747ms
2026-09-22 16:42:38.869 INFO  [farmer-service,a9c1e9246783600f,0be45459] [farmer-sync-9] com.example.farmer.CardRenderJob - Rendered 30 cards in 1202ms
2026-09-22 16:43:16.123 INFO  [farmer-service,59b37bbf779492a3,98194cc5] [farmer-sync-7] com.example.farmer.FarmerController - GET /api/v1/farmers?page=0 200 in 140ms
2026-09-22 16:43:34.386 INFO  [farmer-service,d6fba2a1b12f60b9,019a3832] [http-nio-8080-exec-7] com.example.farmer.FarmerController - GET /api/v1/farmers?page=34 200 in 117ms
2026-09-22 16:43:56.250 WARN  [farmer-service,bf713de34c293c63,f73ce54e] [farmer-sync-7] com.example.farmer.FarmerController - Request from 192.0.2.62 missing X-Request-Id header, generated one
2026-09-22 16:44:00.078 DEBUG [farmer-service,ad23da294d5f19bd,fdd99e44] [farmer-sync-4] com.example.farmer.FarmerRepository - select f.* from farmer f where f.region_id = 24
2026-09-22 16:45:42.538 DEBUG [farmer-service,c12b9a58c571ca93,4fcb8dd2] [http-nio-8080-exec-4] com.example.farmer.FarmerRepository - select f.* from farmer f where f.region_id = 14
2026-09-22 16:46:06.735 INFO  [farmer-service,1dbe3d8ad91f0e2c,e9b160e3] [http-nio-8080-exec-4] com.example.farmer.CardRenderJob - Rendered 19 cards in 1479ms
2026-09-22 16:46:48.253 INFO  [farmer-service,abbe96505e16a5eb,103b503e] [farmer-sync-9] com.example.farmer.CardRenderJob - Rendered 56 cards in 228ms
2026-09-22 16:47:12.620 ERROR [farmer-service,9c654eea5f2741f4,52bf85b0] [http-nio-8080-exec-8] com.example.farmer.CardRenderJob - Failed to render card label for farmer 74308
java.lang.NullPointerException: Cannot invoke "String.charAt(int)" because "middleName" is null
	at com.example.common.NameFormatter.initials(NameFormatter.java:22)
	at com.example.farmer.FarmerSyncService.cardLabel(FarmerSyncService.java:53)
	at com.example.farmer.CardRenderJob.render(CardRenderJob.java:74)
	at java.base/java.util.concurrent.ThreadPoolExecutor.runWorker(ThreadPoolExecutor.java:1144)
	at java.base/java.lang.Thread.run(Thread.java:1583)
2026-09-22 16:47:14.888 DEBUG [farmer-service,08ba32028664aabb,32902cde] [farmer-sync-6] com.example.farmer.FarmerRepository - select f.* from farmer f where f.region_id = 12
2026-09-22 16:50:53.090 INFO  [farmer-service,ebadf7aab2163495,060f6189] [farmer-sync-7] com.example.common.AuditPublisher - Published 17 audit events to nightshift.audit
2026-09-22 16:50:58.772 INFO  [farmer-service,a2d09d0567c683d7,723581b2] [farmer-sync-1] com.example.farmer.FarmerController - GET /api/v1/farmers?page=15 200 in 39ms
2026-09-22 16:51:56.664 WARN  [farmer-service,781f067f8de962e4,700b54bf] [farmer-sync-8] com.example.farmer.FarmerController - Request from 192.0.2.48 missing X-Request-Id header, generated one
2026-09-22 16:52:18.903 INFO  [farmer-service,125acf0ff61d96b1,fb70ec7e] [farmer-sync-9] com.example.farmer.FarmerController - GET /api/v1/farmers?page=1 200 in 50ms
2026-09-22 16:52:38.619 WARN  [farmer-service,0cc2063c1c4dbb38,d70172d7] [farmer-sync-2] com.example.farmer.FarmerController - Request from 192.0.2.46 missing X-Request-Id header, generated one
2026-09-22 16:56:27.884 INFO  [farmer-service,1e72642737efe85e,5d8b1488] [http-nio-8080-exec-5] com.example.farmer.FarmerSyncScheduler - Sync batch 8000 queued, 313 pending records
2026-09-22 16:56:28.141 DEBUG [farmer-service,b37a411cedf98358,ef2e4e9b] [http-nio-8080-exec-3] com.example.farmer.FarmerRepository - select f.* from farmer f where f.region_id = 42
2026-09-22 16:58:19.275 INFO  [farmer-service,821f5b6a365f9c04,77eb3790] [http-nio-8080-exec-6] com.example.farmer.FarmerSyncScheduler - Sync batch 8422 queued, 168 pending records
2026-09-22 16:59:24.423 INFO  [farmer-service,1784ac1e85992180,93b3c7fc] [http-nio-8080-exec-1] com.example.common.AuditPublisher - Published 7 audit events to nightshift.audit
2026-09-22 17:00:04.038 INFO  [farmer-service,30672d52623c0993,2f53af4f] [farmer-sync-9] com.example.farmer.FarmerSyncScheduler - Sync batch 8086 queued, 187 pending records
2026-09-22 17:00:59.403 INFO  [farmer-service,5a2a1e35fa3fcfee,705de500] [farmer-sync-5] com.example.farmer.CardRenderJob - Rendered 90 cards in 1768ms
2026-09-22 17:01:09.631 INFO  [farmer-service,9065bbb36ecd01ca,92ca0f80] [farmer-sync-6] com.example.common.AuditPublisher - Published 10 audit events to nightshift.audit
2026-09-22 17:06:15.027 INFO  [farmer-service,8153d0fa74be7f67,49a20d45] [http-nio-8080-exec-9] com.example.farmer.FarmerSyncScheduler - Sync batch 8271 queued, 223 pending records
2026-09-22 17:08:35.840 INFO  [farmer-service,f3702ae59b61bce3,b80b607d] [http-nio-8080-exec-9] com.example.farmer.FarmerSyncScheduler - Sync batch 8066 queued, 43 pending records
2026-09-22 17:08:38.099 INFO  [farmer-service,ea0fb0ea45a8a44f,2fdd7564] [farmer-sync-9] com.example.farmer.FarmerController - GET /api/v1/farmers?page=10 200 in 95ms
2026-09-22 17:09:51.038 INFO  [farmer-service,18057075c6445768,25616b38] [http-nio-8080-exec-6] com.example.farmer.FarmerSyncScheduler - Sync batch 8170 queued, 258 pending records
2026-09-22 17:11:05.645 WARN  [farmer-service,84c04a00e644ccd3,98b63b1c] [http-nio-8080-exec-3] com.example.farmer.FarmerController - Request from 192.0.2.79 missing X-Request-Id header, generated one
2026-09-22 17:11:59.555 INFO  [farmer-service,2510b48aeaf3bf67,d8d95953] [farmer-sync-7] com.example.farmer.FarmerSyncScheduler - Sync batch 8129 queued, 274 pending records
2026-09-22 17:12:10.450 WARN  [farmer-service,3c4bddfeb4f0c6e0,5d69de74] [farmer-sync-7] com.example.farmer.FarmerController - Request from 192.0.2.75 missing X-Request-Id header, generated one
2026-09-22 17:13:06.536 INFO  [farmer-service,7b755672f86e2143,392f4b07] [http-nio-8080-exec-1] com.example.farmer.FarmerSyncScheduler - Sync batch 8010 queued, 301 pending records
2026-09-22 17:15:35.495 INFO  [farmer-service,f11a43ae4331220b,9c574410] [farmer-sync-7] com.example.farmer.FarmerSyncScheduler - Sync batch 8578 queued, 131 pending records
2026-09-22 17:17:04.461 INFO  [farmer-service,db0a36d0ab3e6d9c,ccede067] [farmer-sync-1] com.example.farmer.FarmerSyncScheduler - Sync batch 8440 queued, 137 pending records
2026-09-22 17:17:15.825 INFO  [farmer-service,bef8bbb3cb6018e4,12af812a] [farmer-sync-8] com.example.farmer.FarmerController - GET /api/v1/farmers?page=15 200 in 22ms
2026-09-22 17:17:24.451 INFO  [farmer-service,c71ac8c131436910,ecb540bb] [http-nio-8080-exec-9] com.example.farmer.FarmerController - GET /api/v1/farmers?page=17 200 in 66ms
2026-09-22 17:19:12.274 INFO  [farmer-service,232b7c421da156db,6b355f2b] [farmer-sync-2] com.example.farmer.FarmerController - GET /api/v1/farmers?page=38 200 in 60ms
2026-09-22 17:20:04.854 INFO  [farmer-service,cbe4e7ef92e48c2e,eabfe07b] [http-nio-8080-exec-6] com.example.farmer.FarmerSyncScheduler - Sync batch 8591 queued, 394 pending records
2026-09-22 17:20:15.629 DEBUG [farmer-service,4e7b154a05f8f871,2c67adc4] [farmer-sync-3] com.example.farmer.FarmerRepository - select f.* from farmer f where f.region_id = 47
2026-09-22 17:22:10.453 INFO  [farmer-service,5a5293f2fe7b0c81,59870052] [http-nio-8080-exec-2] com.example.farmer.FarmerController - GET /api/v1/farmers?page=15 200 in 85ms
2026-09-22 17:23:19.747 INFO  [farmer-service,5236c91c39658504,9aaa2de1] [http-nio-8080-exec-4] com.example.farmer.FarmerSyncScheduler - Sync batch 8173 queued, 364 pending records
2026-09-22 17:24:05.349 INFO  [farmer-service,99e28cb482e92bac,b0b5c83e] [farmer-sync-6] com.example.common.AuditPublisher - Published 1 audit events to nightshift.audit
2026-09-22 17:24:12.317 WARN  [farmer-service,1f0cfbcb85fd9359,f636a4a5] [http-nio-8080-exec-4] com.example.farmer.FarmerController - Request from 192.0.2.72 missing X-Request-Id header, generated one
2026-09-22 17:25:06.040 INFO  [farmer-service,40e1edb146168690,78f0ce2f] [http-nio-8080-exec-3] com.example.farmer.FarmerSyncScheduler - Sync batch 8988 queued, 373 pending records
2026-09-22 17:26:19.838 INFO  [farmer-service,ebbc89d3ba33ef2e,e0b10ada] [http-nio-8080-exec-4] com.example.common.AuditPublisher - Published 24 audit events to nightshift.audit
2026-09-22 17:26:50.179 INFO  [farmer-service,70bb5dc5285cd35c,440a0a3d] [http-nio-8080-exec-4] com.example.farmer.CardRenderJob - Rendered 26 cards in 2360ms
2026-09-22 17:27:12.422 INFO  [farmer-service,83790513b44a49c3,8b7d6834] [http-nio-8080-exec-6] com.example.farmer.FarmerController - GET /api/v1/farmers?page=3 200 in 76ms
2026-09-22 17:29:01.783 INFO  [farmer-service,0b8cf731d307bd00,aced2a14] [farmer-sync-3] com.example.farmer.FarmerSyncScheduler - Sync batch 8170 queued, 325 pending records
2026-09-22 17:29:42.058 INFO  [farmer-service,1830adbc4febb0df,1deb451c] [farmer-sync-9] com.example.farmer.FarmerSyncScheduler - Sync batch 8435 queued, 63 pending records
2026-09-22 17:30:15.046 INFO  [farmer-service,743daa511142484e,0200d641] [farmer-sync-5] com.example.farmer.FarmerController - GET /api/v1/farmers?page=11 200 in 66ms
2026-09-22 17:31:00.048 WARN  [farmer-service,dbe3662167ff6180,dbbf7382] [farmer-sync-1] com.example.farmer.FarmerController - Request from 192.0.2.186 missing X-Request-Id header, generated one
2026-09-22 17:31:28.384 WARN  [farmer-service,c43f7b9d274e750d,8db55f9f] [http-nio-8080-exec-5] com.example.farmer.FarmerController - Request from 192.0.2.117 missing X-Request-Id header, generated one
2026-09-22 17:31:36.053 INFO  [farmer-service,26900c80eb14753f,80efe4e0] [farmer-sync-6] com.example.farmer.CardRenderJob - Rendered 6 cards in 289ms
2026-09-22 17:32:03.066 INFO  [farmer-service,6bb12f7452d404f5,677ae015] [http-nio-8080-exec-2] com.example.farmer.CardRenderJob - Rendered 47 cards in 1056ms
2026-09-22 17:33:52.135 INFO  [farmer-service,62554000dc9a578c,119a5303] [http-nio-8080-exec-5] com.example.farmer.FarmerSyncScheduler - Sync batch 8019 queued, 116 pending records
2026-09-22 17:34:46.834 INFO  [farmer-service,f06f774cf11163ac,255eb530] [http-nio-8080-exec-2] com.example.farmer.CardRenderJob - Rendered 72 cards in 813ms
2026-09-22 17:37:22.617 DEBUG [farmer-service,f501fc4c9751ab7e,1af170ee] [http-nio-8080-exec-7] com.example.farmer.FarmerRepository - select f.* from farmer f where f.region_id = 17
2026-09-22 17:38:13.934 WARN  [farmer-service,f55600a91fcfc696,55df292b] [farmer-sync-9] com.example.farmer.FarmerController - Request from 192.0.2.126 missing X-Request-Id header, generated one
2026-09-22 17:38:16.534 ERROR [farmer-service,c5113c2d24cc647f,92b1af4a] [farmer-sync-7] com.example.farmer.FarmerSyncService - Sync failed for batch 8641: could not acquire a database connection
java.sql.SQLTransientConnectionException: HikariPool-1 - Connection is not available, request timed out after 30001ms (total=10, active=10, idle=0, waiting=7)
	at com.zaxxer.hikari.pool.HikariPool.createTimeoutException(HikariPool.java:696)
	at com.zaxxer.hikari.pool.HikariPool.getConnection(HikariPool.java:181)
	at com.example.farmer.FarmerSyncService.pushPending(FarmerSyncService.java:36)
	at com.example.farmer.FarmerSyncScheduler.run(FarmerSyncScheduler.java:58)
2026-09-22 17:38:17.379 INFO  [farmer-service,214a017e766e20c5,f6fc62e9] [farmer-sync-7] com.example.common.AuditPublisher - Published 12 audit events to nightshift.audit
2026-09-22 17:38:18.739 DEBUG [farmer-service,ed0138de56f62de4,b83bf782] [farmer-sync-3] com.example.farmer.FarmerRepository - select f.* from farmer f where f.region_id = 44
2026-09-22 17:39:13.284 INFO  [farmer-service,31a1ae1e9ce41191,22c24ce7] [http-nio-8080-exec-3] com.example.farmer.FarmerSyncScheduler - Sync batch 8419 queued, 115 pending records
2026-09-22 17:40:17.870 WARN  [farmer-service,01e67e29c56df314,7a5af62e] [http-nio-8080-exec-4] com.example.farmer.FarmerController - Request from 192.0.2.165 missing X-Request-Id header, generated one
2026-09-22 17:41:11.229 INFO  [farmer-service,36b90275395ee37d,5442c449] [farmer-sync-6] com.example.farmer.FarmerSyncScheduler - Sync batch 8663 queued, 378 pending records
2026-09-22 17:41:16.297 INFO  [farmer-service,3215f94d38615c73,6d0eec7e] [farmer-sync-5] com.example.farmer.FarmerController - GET /api/v1/farmers?page=17 200 in 129ms
2026-09-22 17:43:38.730 INFO  [farmer-service,c5da0b8ad1b3e64c,4f905533] [http-nio-8080-exec-4] com.example.farmer.FarmerController - GET /api/v1/farmers?page=32 200 in 52ms
2026-09-22 17:44:06.412 DEBUG [farmer-service,d2bf8529e909674f,1ce3db4c] [http-nio-8080-exec-3] com.example.farmer.FarmerRepository - select f.* from farmer f where f.region_id = 55
2026-09-22 17:44:26.616 DEBUG [farmer-service,cf68e7be1e212fb0,686c110d] [http-nio-8080-exec-9] com.example.farmer.FarmerRepository - select f.* from farmer f where f.region_id = 51
2026-09-22 17:45:05.786 INFO  [farmer-service,3853cdebe26c28a8,d3201904] [farmer-sync-6] com.example.farmer.FarmerSyncScheduler - Sync batch 8717 queued, 222 pending records
2026-09-22 17:46:56.973 DEBUG [farmer-service,ae10c0536522d7f8,b4233a09] [http-nio-8080-exec-7] com.example.farmer.FarmerRepository - select f.* from farmer f where f.region_id = 50
2026-09-22 17:48:09.841 DEBUG [farmer-service,429db772ce8355ea,9fe0b592] [farmer-sync-5] com.example.farmer.FarmerRepository - select f.* from farmer f where f.region_id = 63
2026-09-22 17:50:07.287 INFO  [farmer-service,4f9395b2a64e8502,1b6d8f19] [http-nio-8080-exec-3] com.example.farmer.CardRenderJob - Rendered 79 cards in 614ms
2026-09-22 17:50:46.929 INFO  [farmer-service,877ddf3b2c80181b,8a09cc06] [farmer-sync-7] com.example.farmer.CardRenderJob - Rendered 67 cards in 1559ms
2026-09-22 17:51:28.408 INFO  [farmer-service,128c3bbc175d8ddc,5b4ce433] [http-nio-8080-exec-3] com.example.farmer.FarmerSyncScheduler - Sync batch 8280 queued, 251 pending records
2026-09-22 17:52:05.231 INFO  [farmer-service,bdb52edec37a188b,c6d2c9c8] [farmer-sync-3] com.example.common.AuditPublisher - Published 28 audit events to nightshift.audit
2026-09-22 17:52:13.914 INFO  [farmer-service,b1e4155ba54c148f,4cf6f95c] [http-nio-8080-exec-9] com.example.common.AuditPublisher - Published 23 audit events to nightshift.audit
2026-09-22 17:54:17.526 INFO  [farmer-service,0b8be683845284d3,23df47ed] [farmer-sync-7] com.example.farmer.FarmerController - GET /api/v1/farmers?page=6 200 in 42ms
2026-09-22 17:54:58.793 INFO  [farmer-service,adc1ce1035c53aea,29a6bcea] [http-nio-8080-exec-8] com.example.farmer.CardRenderJob - Rendered 40 cards in 2248ms
2026-09-22 17:55:06.539 INFO  [farmer-service,57d3c69a0f38b9d9,e1ff0355] [farmer-sync-7] com.example.farmer.CardRenderJob - Rendered 51 cards in 1666ms
2026-09-22 17:56:15.206 WARN  [farmer-service,af32d3fdeba4948a,a6e6d53e] [farmer-sync-9] com.example.farmer.FarmerController - Request from 192.0.2.118 missing X-Request-Id header, generated one
2026-09-22 17:56:58.660 INFO  [farmer-service,033ad14bee2c1b74,3b24a708] [http-nio-8080-exec-1] com.example.farmer.FarmerSyncScheduler - Sync batch 8122 queued, 395 pending records
2026-09-22 17:57:17.786 WARN  [farmer-service,03536f92dfdabd56,110356b1] [http-nio-8080-exec-4] com.example.farmer.FarmerController - Request from 192.0.2.94 missing X-Request-Id header, generated one
2026-09-22 17:58:25.324 INFO  [farmer-service,f82973981c052107,f0e9fd65] [farmer-sync-5] com.example.farmer.CardRenderJob - Rendered 49 cards in 593ms
2026-09-22 17:58:30.787 INFO  [farmer-service,73281a5a2cbac381,43d21003] [farmer-sync-4] com.example.farmer.FarmerController - GET /api/v1/farmers?page=28 200 in 63ms
2026-09-22 17:59:08.352 INFO  [farmer-service,a8976dae98ebc587,375522e7] [farmer-sync-2] com.example.farmer.FarmerSyncScheduler - Sync batch 8462 queued, 284 pending records
2026-09-22 18:00:01.989 DEBUG [farmer-service,160f64d0cd829f4c,7ff7e15f] [http-nio-8080-exec-7] com.example.farmer.FarmerRepository - select f.* from farmer f where f.region_id = 44
2026-09-22 18:00:13.300 INFO  [farmer-service,f4759989e87b4183,90569fd5] [http-nio-8080-exec-8] com.example.farmer.FarmerSyncScheduler - Sync batch 8269 queued, 66 pending records
2026-09-22 18:00:47.031 INFO  [farmer-service,90c6d905b1c19f54,3d365b86] [farmer-sync-8] com.example.farmer.FarmerSyncScheduler - Sync batch 8580 queued, 230 pending records
2026-09-22 18:01:04.393 WARN  [farmer-service,1bc6c30d60054cd5,93ff828e] [http-nio-8080-exec-8] com.example.farmer.FarmerController - Request from 192.0.2.143 missing X-Request-Id header, generated one
2026-09-22 18:02:19.362 DEBUG [farmer-service,dd3c755e6391ac1e,df27f389] [farmer-sync-3] com.example.farmer.FarmerRepository - select f.* from farmer f where f.region_id = 52
2026-09-22 18:05:09.495 INFO  [farmer-service,92db29f249a00e70,49c99ccf] [http-nio-8080-exec-4] com.example.common.AuditPublisher - Published 21 audit events to nightshift.audit
2026-09-22 18:05:39.701 INFO  [farmer-service,a3d1eb46564f5fc9,cb30c8bf] [http-nio-8080-exec-6] com.example.farmer.CardRenderJob - Rendered 72 cards in 552ms
2026-09-22 18:08:31.722 DEBUG [farmer-service,9a56b389404bc851,a91f4cf6] [http-nio-8080-exec-2] com.example.farmer.FarmerRepository - select f.* from farmer f where f.region_id = 43
2026-09-22 18:09:40.040 INFO  [farmer-service,8c905b73db0035e8,8e6e7f4f] [farmer-sync-1] com.example.common.AuditPublisher - Published 8 audit events to nightshift.audit
2026-09-22 18:09:50.063 INFO  [farmer-service,dde55545ab6933f4,be6214ac] [farmer-sync-9] com.example.farmer.FarmerSyncScheduler - Sync batch 8066 queued, 359 pending records
2026-09-22 18:10:20.753 INFO  [farmer-service,63dc395c3fb0304b,68a76b42] [http-nio-8080-exec-3] com.example.common.AuditPublisher - Published 18 audit events to nightshift.audit
2026-09-22 18:10:30.349 INFO  [farmer-service,7481e96ed2b107d6,8b4ce00a] [http-nio-8080-exec-1] com.example.common.AuditPublisher - Published 7 audit events to nightshift.audit
2026-09-22 18:10:46.094 INFO  [farmer-service,4af30c256058e4ee,686b3409] [farmer-sync-3] com.example.farmer.FarmerController - GET /api/v1/farmers?page=10 200 in 128ms
2026-09-22 18:13:14.038 INFO  [farmer-service,4f3e08f853ef02a6,47943242] [farmer-sync-3] com.example.farmer.CardRenderJob - Rendered 33 cards in 828ms
2026-09-22 18:13:14.474 WARN  [farmer-service,113a29b1979d4473,400dd3ed] [http-nio-8080-exec-9] com.example.farmer.FarmerProfileService - Concurrent update on farmer 5166, retry 1 of 3
com.example.farmer.FarmerProfileService$OptimisticLockException: Row was updated by another transaction (farmer id=5617)
	at com.example.farmer.FarmerProfileService.rename(FarmerProfileService.java:27)
	at com.example.farmer.FarmerController.rename(FarmerController.java:96)
2026-09-22 18:14:03.169 INFO  [farmer-service,b7982b08d00e98d6,6c6381f0] [farmer-sync-8] com.example.farmer.FarmerSyncScheduler - Sync batch 8851 queued, 89 pending records
2026-09-22 18:14:15.614 INFO  [farmer-service,4fb786a96acae770,4435937d] [http-nio-8080-exec-7] com.example.farmer.FarmerSyncScheduler - Sync batch 8895 queued, 303 pending records
2026-09-22 18:14:18.106 DEBUG [farmer-service,64b96def7159ebda,43270b2c] [http-nio-8080-exec-4] com.example.farmer.FarmerRepository - select f.* from farmer f where f.region_id = 20
2026-09-22 18:14:45.271 WARN  [farmer-service,a8235d5a086cbec5,f878df1c] [http-nio-8080-exec-9] com.example.farmer.FarmerProfileService - Concurrent update on farmer 4972, retry 1 of 3
com.example.farmer.FarmerProfileService$OptimisticLockException: Row was updated by another transaction (farmer id=5327)
	at com.example.farmer.FarmerProfileService.rename(FarmerProfileService.java:27)
	at com.example.farmer.FarmerController.rename(FarmerController.java:96)
2026-09-22 18:17:10.248 WARN  [farmer-service,c3ee355df904aea0,d18e283a] [farmer-sync-5] com.example.farmer.FarmerController - Request from 192.0.2.221 missing X-Request-Id header, generated one
2026-09-22 18:17:11.783 INFO  [farmer-service,2dfb80d93bf5d2e5,aadc5767] [farmer-sync-4] com.example.farmer.FarmerController - GET /api/v1/farmers?page=0 200 in 105ms
2026-09-22 18:17:50.963 INFO  [farmer-service,50968db0a32352e1,de172e16] [http-nio-8080-exec-4] com.example.farmer.CardRenderJob - Rendered 43 cards in 384ms
2026-09-22 18:18:57.545 INFO  [farmer-service,d7f3af02ab33f97e,6e33027f] [http-nio-8080-exec-5] com.example.farmer.FarmerSyncScheduler - Sync batch 8046 queued, 396 pending records
2026-09-22 18:20:27.911 INFO  [farmer-service,b4a3f42ebf2d87a9,84d6c5fe] [farmer-sync-6] com.example.common.AuditPublisher - Published 17 audit events to nightshift.audit
2026-09-22 18:21:17.783 INFO  [farmer-service,b9551332089027f6,8e4cd37d] [farmer-sync-6] com.example.farmer.FarmerController - GET /api/v1/farmers?page=9 200 in 132ms
2026-09-22 18:21:51.846 INFO  [farmer-service,38ab6db045d945fb,f949f948] [farmer-sync-2] com.example.farmer.FarmerSyncScheduler - Sync batch 8491 queued, 77 pending records
2026-09-22 18:22:52.234 INFO  [farmer-service,5b39ce8173741566,c1394d5c] [http-nio-8080-exec-9] com.example.farmer.FarmerController - GET /api/v1/farmers?page=9 200 in 92ms
2026-09-22 18:22:56.980 INFO  [farmer-service,c384d469d22ada38,38f5fcd9] [farmer-sync-3] com.example.farmer.FarmerSyncScheduler - Sync batch 8229 queued, 100 pending records
2026-09-22 18:23:00.456 INFO  [farmer-service,e40a40a442839450,94571e30] [http-nio-8080-exec-8] com.example.farmer.FarmerController - GET /api/v1/farmers?page=10 200 in 60ms
2026-09-22 18:25:04.524 INFO  [farmer-service,4b8a7489a4b363c2,95f3e379] [farmer-sync-6] com.example.farmer.FarmerSyncScheduler - Sync batch 8409 queued, 50 pending records
2026-09-22 18:26:15.181 INFO  [farmer-service,06009507252abe86,9b99bc95] [http-nio-8080-exec-8] com.example.common.AuditPublisher - Published 11 audit events to nightshift.audit
2026-09-22 18:26:25.128 WARN  [farmer-service,e613e8fce7ee18a6,055e99aa] [http-nio-8080-exec-3] com.example.farmer.FarmerController - Request from 192.0.2.139 missing X-Request-Id header, generated one
2026-09-22 18:26:35.390 INFO  [farmer-service,ebe1093f9551d7c6,07e69959] [http-nio-8080-exec-7] com.example.common.AuditPublisher - Published 7 audit events to nightshift.audit
2026-09-22 18:26:43.009 ERROR [farmer-service,65508d1b35a0213a,922f4435] [farmer-sync-4] com.example.farmer.FarmerSyncService - Sync failed for batch 8849: could not acquire a database connection
java.sql.SQLTransientConnectionException: HikariPool-1 - Connection is not available, request timed out after 30001ms (total=10, active=10, idle=0, waiting=7)
	at com.zaxxer.hikari.pool.HikariPool.createTimeoutException(HikariPool.java:696)
	at com.zaxxer.hikari.pool.HikariPool.getConnection(HikariPool.java:181)
	at com.example.farmer.FarmerSyncService.pushPending(FarmerSyncService.java:36)
	at com.example.farmer.FarmerSyncScheduler.run(FarmerSyncScheduler.java:58)
2026-09-22 18:27:27.832 WARN  [farmer-service,5b63ee0de3d325e7,ba247b68] [http-nio-8080-exec-8] com.example.farmer.FarmerController - Request from 192.0.2.50 missing X-Request-Id header, generated one
2026-09-22 18:27:42.653 INFO  [farmer-service,104010dad1ceb1dc,76100313] [farmer-sync-6] com.example.common.AuditPublisher - Published 14 audit events to nightshift.audit
2026-09-22 18:28:08.556 INFO  [farmer-service,29db5515ca4df92a,3343f16c] [farmer-sync-9] com.example.farmer.FarmerController - GET /api/v1/farmers?page=17 200 in 22ms
2026-09-22 18:29:32.062 DEBUG [farmer-service,c5c38ae4b6e4ccd1,75de8e6b] [http-nio-8080-exec-2] com.example.farmer.FarmerRepository - select f.* from farmer f where f.region_id = 34
2026-09-22 18:31:17.913 INFO  [farmer-service,3053914b00784c45,3cbaa74b] [http-nio-8080-exec-7] com.example.farmer.FarmerController - GET /api/v1/farmers?page=20 200 in 124ms
2026-09-22 18:32:27.801 INFO  [farmer-service,c567c66dd7c9c0d5,64172195] [http-nio-8080-exec-3] com.example.common.AuditPublisher - Published 28 audit events to nightshift.audit
2026-09-22 18:32:49.690 DEBUG [farmer-service,782387e6a1519edf,bccc5116] [farmer-sync-5] com.example.farmer.FarmerRepository - select f.* from farmer f where f.region_id = 29
2026-09-22 18:34:31.975 INFO  [farmer-service,733c79d736b5d6a3,cbd3983c] [http-nio-8080-exec-1] com.example.common.AuditPublisher - Published 24 audit events to nightshift.audit
2026-09-22 18:35:49.149 WARN  [farmer-service,f3997e02ace66908,460c432f] [farmer-sync-6] com.example.farmer.FarmerController - Request from 192.0.2.186 missing X-Request-Id header, generated one
2026-09-22 18:36:56.517 INFO  [farmer-service,cc37101115ce565c,9ae83814] [http-nio-8080-exec-3] com.example.farmer.CardRenderJob - Rendered 65 cards in 2116ms
2026-09-22 18:38:27.300 INFO  [farmer-service,74417a5ce15af2f8,73125c4a] [farmer-sync-8] com.example.farmer.FarmerController - GET /api/v1/farmers?page=13 200 in 82ms
2026-09-22 18:39:28.579 INFO  [farmer-service,1c9a31f3358e9e43,ec73a678] [http-nio-8080-exec-9] com.example.farmer.FarmerController - GET /api/v1/farmers?page=39 200 in 131ms
2026-09-22 18:39:57.101 INFO  [farmer-service,a8e6524e5e3e6e15,57f2345f] [farmer-sync-6] com.example.farmer.FarmerSyncScheduler - Sync batch 8848 queued, 141 pending records
2026-09-22 18:40:09.918 INFO  [farmer-service,32626f2eff1c84f1,2531d9a7] [farmer-sync-2] com.example.farmer.FarmerController - GET /api/v1/farmers?page=7 200 in 119ms
2026-09-22 18:42:18.716 INFO  [farmer-service,c45e7d7d6fb37f89,7ee23cd5] [http-nio-8080-exec-6] com.example.farmer.FarmerController - GET /api/v1/farmers?page=40 200 in 137ms
2026-09-22 18:43:55.111 ERROR [farmer-service,ea581c28cb1373b0,8afd981f] [http-nio-8080-exec-2] com.example.farmer.FarmerSyncService - Sync failed for batch 8925: could not acquire a database connection
java.sql.SQLTransientConnectionException: HikariPool-1 - Connection is not available, request timed out after 30001ms (total=10, active=10, idle=0, waiting=7)
	at com.zaxxer.hikari.pool.HikariPool.createTimeoutException(HikariPool.java:696)
	at com.zaxxer.hikari.pool.HikariPool.getConnection(HikariPool.java:181)
	at com.example.farmer.FarmerSyncService.pushPending(FarmerSyncService.java:36)
	at com.example.farmer.FarmerSyncScheduler.run(FarmerSyncScheduler.java:58)
2026-09-22 18:44:21.399 INFO  [farmer-service,46672964fc8c89ca,74133136] [farmer-sync-8] com.example.farmer.FarmerController - GET /api/v1/farmers?page=40 200 in 140ms
2026-09-22 18:45:32.371 INFO  [farmer-service,1e5d1a62b51ae593,85920fc0] [http-nio-8080-exec-3] com.example.farmer.FarmerController - GET /api/v1/farmers?page=32 200 in 79ms
2026-09-22 18:45:34.088 DEBUG [farmer-service,4441473895d0376f,6a178a97] [farmer-sync-7] com.example.farmer.FarmerRepository - select f.* from farmer f where f.region_id = 14
2026-09-22 18:46:26.039 WARN  [farmer-service,ad4b1d394923942d,03616774] [farmer-sync-5] com.example.farmer.FarmerController - Request from 192.0.2.17 missing X-Request-Id header, generated one
2026-09-22 18:47:07.427 WARN  [farmer-service,43481577a9e3cd64,1cee6887] [http-nio-8080-exec-1] com.example.farmer.FarmerController - Request from 192.0.2.186 missing X-Request-Id header, generated one
2026-09-22 18:48:20.435 DEBUG [farmer-service,00134d15135aae69,cbdfb43a] [farmer-sync-5] com.example.farmer.FarmerRepository - select f.* from farmer f where f.region_id = 42
2026-09-22 18:51:57.308 INFO  [farmer-service,5d2a18f2b2c6d757,fad8e79c] [http-nio-8080-exec-2] com.example.farmer.CardRenderJob - Rendered 47 cards in 695ms
2026-09-22 18:52:48.669 INFO  [farmer-service,2fdb5fdea9d11ccd,cd31146e] [farmer-sync-5] com.example.farmer.FarmerSyncScheduler - Sync batch 8079 queued, 61 pending records
2026-09-22 18:53:07.724 WARN  [farmer-service,776611d72cb1dde4,1564fff5] [farmer-sync-6] com.example.farmer.FarmerController - Request from 192.0.2.217 missing X-Request-Id header, generated one
2026-09-22 18:53:59.125 INFO  [farmer-service,f8bc4f26c98aae4c,affe5f6d] [farmer-sync-6] com.example.farmer.FarmerController - GET /api/v1/farmers?page=32 200 in 124ms
2026-09-22 18:54:43.984 WARN  [farmer-service,2835e14750171c75,fc90e6da] [farmer-sync-6] com.example.farmer.FarmerController - Request from 192.0.2.181 missing X-Request-Id header, generated one
2026-09-22 18:55:12.110 DEBUG [farmer-service,e1280c6ad1ee9c32,4c816eb2] [http-nio-8080-exec-3] com.example.farmer.FarmerRepository - select f.* from farmer f where f.region_id = 32
2026-09-22 18:55:51.374 WARN  [farmer-service,cf3e530b8cfa005c,22e03237] [farmer-sync-5] com.example.farmer.FarmerController - Request from 192.0.2.153 missing X-Request-Id header, generated one
2026-09-22 18:56:41.663 INFO  [farmer-service,834d00b101482f74,426bf656] [farmer-sync-5] com.example.common.AuditPublisher - Published 16 audit events to nightshift.audit
2026-09-22 18:56:52.117 WARN  [farmer-service,88fb648b60e5df2a,c5d9daf0] [http-nio-8080-exec-2] com.example.farmer.FarmerController - Request from 192.0.2.230 missing X-Request-Id header, generated one
2026-09-22 18:58:23.677 WARN  [farmer-service,22a8914f8970ad67,d66bea04] [http-nio-8080-exec-1] com.example.farmer.FarmerProfileService - Concurrent update on farmer 3379, retry 2 of 3
com.example.farmer.FarmerProfileService$OptimisticLockException: Row was updated by another transaction (farmer id=7639)
	at com.example.farmer.FarmerProfileService.rename(FarmerProfileService.java:27)
	at com.example.farmer.FarmerController.rename(FarmerController.java:96)
2026-09-22 19:00:07.536 DEBUG [farmer-service,d5f1a46e8314215a,9442e4bc] [http-nio-8080-exec-6] com.example.farmer.FarmerRepository - select f.* from farmer f where f.region_id = 7
2026-09-22 19:00:28.063 INFO  [farmer-service,b516e26904c97f69,cfd35174] [http-nio-8080-exec-7] com.example.common.AuditPublisher - Published 26 audit events to nightshift.audit
2026-09-22 19:00:34.366 DEBUG [farmer-service,d59d5c7f04f76366,c2f34b79] [http-nio-8080-exec-2] com.example.farmer.FarmerRepository - select f.* from farmer f where f.region_id = 30
2026-09-22 19:01:12.898 INFO  [farmer-service,b665b712cabe156b,1644336a] [http-nio-8080-exec-2] com.example.farmer.CardRenderJob - Rendered 52 cards in 318ms
2026-09-22 19:02:52.817 WARN  [farmer-service,008cf2bd665f09ee,7b9a55d8] [http-nio-8080-exec-8] com.example.farmer.FarmerController - Request from 192.0.2.202 missing X-Request-Id header, generated one
2026-09-22 19:03:20.113 INFO  [farmer-service,747d276f8566d155,19760ac5] [farmer-sync-5] com.example.farmer.FarmerController - GET /api/v1/farmers?page=3 200 in 20ms
2026-09-22 19:03:36.091 INFO  [farmer-service,703699db3681f13a,2663abe9] [farmer-sync-1] com.example.farmer.FarmerController - GET /api/v1/farmers?page=11 200 in 91ms
2026-09-22 19:03:48.170 INFO  [farmer-service,b6d6c1a84debec2b,9cc138f3] [http-nio-8080-exec-2] com.example.farmer.CardRenderJob - Rendered 22 cards in 1684ms
2026-09-22 19:04:29.964 INFO  [farmer-service,a154be30f7fe23cc,20e5a02d] [farmer-sync-8] com.example.farmer.FarmerController - GET /api/v1/farmers?page=37 200 in 105ms
2026-09-22 19:05:30.726 WARN  [farmer-service,90fa6e5a1c3a5cae,6a6e9b38] [http-nio-8080-exec-1] com.example.farmer.FarmerController - Request from 192.0.2.58 missing X-Request-Id header, generated one
2026-09-22 19:05:50.319 DEBUG [farmer-service,596b9086345eb302,86857ee0] [http-nio-8080-exec-7] com.example.farmer.FarmerRepository - select f.* from farmer f where f.region_id = 34
2026-09-22 19:06:04.271 INFO  [farmer-service,626f4ce1403944b8,611874ae] [farmer-sync-5] com.example.farmer.CardRenderJob - Rendered 16 cards in 1016ms
2026-09-22 19:07:18.381 INFO  [farmer-service,bcfcf73668569ecd,30e68476] [http-nio-8080-exec-6] com.example.farmer.FarmerController - GET /api/v1/farmers?page=39 200 in 131ms
2026-09-22 19:07:43.365 WARN  [farmer-service,3660fd76ba2ac2df,26bc86ab] [farmer-sync-9] com.example.farmer.FarmerController - Request from 192.0.2.232 missing X-Request-Id header, generated one
2026-09-22 19:08:18.678 WARN  [farmer-service,5b120eb6a9eb3115,7cc3ab1a] [http-nio-8080-exec-4] com.example.farmer.FarmerController - Request from 192.0.2.5 missing X-Request-Id header, generated one
2026-09-22 19:08:39.539 INFO  [farmer-service,8035e37c957d7b11,67c2ed6c] [farmer-sync-7] com.example.common.AuditPublisher - Published 14 audit events to nightshift.audit
2026-09-22 19:08:59.808 INFO  [farmer-service,503496987bc23e7c,310d641c] [http-nio-8080-exec-1] com.example.farmer.FarmerController - GET /api/v1/farmers?page=36 200 in 48ms
2026-09-22 19:09:12.681 INFO  [farmer-service,f3181330a4c0a9ae,55169263] [http-nio-8080-exec-7] com.example.common.AuditPublisher - Published 22 audit events to nightshift.audit
2026-09-22 19:10:23.107 WARN  [farmer-service,a6f5ec310562d0ad,bd798637] [farmer-sync-7] com.example.farmer.FarmerController - Request from 192.0.2.75 missing X-Request-Id header, generated one
2026-09-22 19:11:52.855 INFO  [farmer-service,8fab017b41ddfe4a,4c13de15] [farmer-sync-3] com.example.farmer.FarmerSyncScheduler - Sync batch 8737 queued, 42 pending records
2026-09-22 19:12:00.184 WARN  [farmer-service,1dd1c390cd955184,663f8e41] [http-nio-8080-exec-7] com.example.farmer.FarmerController - Request from 192.0.2.24 missing X-Request-Id header, generated one
2026-09-22 19:12:07.193 INFO  [farmer-service,eeef9ed4e8b7bb69,c5b83e10] [http-nio-8080-exec-7] com.example.farmer.FarmerSyncScheduler - Sync batch 8943 queued, 137 pending records
2026-09-22 19:12:51.125 WARN  [farmer-service,8327e4053197c1fc,80ed7737] [farmer-sync-4] com.example.farmer.FarmerController - Request from 192.0.2.67 missing X-Request-Id header, generated one
2026-09-22 19:13:31.202 INFO  [farmer-service,ea557550d4a7e5c3,f57fa63c] [farmer-sync-8] com.example.common.AuditPublisher - Published 14 audit events to nightshift.audit
2026-09-22 19:14:17.953 INFO  [farmer-service,a3fbf195c8f44773,bc73188f] [farmer-sync-6] com.example.common.AuditPublisher - Published 3 audit events to nightshift.audit
2026-09-22 19:14:44.607 INFO  [farmer-service,69694c4c0504950e,77d4c006] [http-nio-8080-exec-2] com.example.common.AuditPublisher - Published 24 audit events to nightshift.audit
2026-09-22 19:16:32.702 WARN  [farmer-service,874ea8b16e611bde,93dbe7b6] [farmer-sync-4] com.example.farmer.FarmerController - Request from 192.0.2.253 missing X-Request-Id header, generated one
2026-09-22 19:17:22.926 DEBUG [farmer-service,6725d74c325d0263,c75fa984] [farmer-sync-7] com.example.farmer.FarmerRepository - select f.* from farmer f where f.region_id = 15
2026-09-22 19:17:27.848 INFO  [farmer-service,4a9f008d9f583aba,1eec1aea] [farmer-sync-2] com.example.farmer.FarmerController - GET /api/v1/farmers?page=3 200 in 118ms
2026-09-22 19:17:31.318 INFO  [farmer-service,7ee597ab0561f6d7,5ae4bc0a] [http-nio-8080-exec-2] com.example.farmer.FarmerSyncScheduler - Sync batch 8692 queued, 396 pending records
2026-09-22 19:20:53.553 INFO  [farmer-service,ff6b1630a3058d7a,d24237a4] [farmer-sync-6] com.example.common.AuditPublisher - Published 9 audit events to nightshift.audit
2026-09-22 19:23:18.047 INFO  [farmer-service,6ad7898dba1c08d5,64c22862] [farmer-sync-8] com.example.farmer.CardRenderJob - Rendered 74 cards in 792ms
2026-09-22 19:24:04.754 INFO  [farmer-service,6af5e9d575c9ceaf,bb9466cc] [farmer-sync-7] com.example.farmer.CardRenderJob - Rendered 83 cards in 794ms
2026-09-22 19:25:29.012 DEBUG [farmer-service,ee222f9f5ab87692,31526cf1] [farmer-sync-5] com.example.farmer.FarmerRepository - select f.* from farmer f where f.region_id = 17
2026-09-22 19:25:52.388 WARN  [farmer-service,2988eec5bb87e90c,4b4045c7] [http-nio-8080-exec-5] com.example.farmer.FarmerController - Request from 192.0.2.60 missing X-Request-Id header, generated one
2026-09-22 19:27:32.976 INFO  [farmer-service,7d39f4684adcf9a1,30515340] [farmer-sync-1] com.example.farmer.FarmerController - GET /api/v1/farmers?page=1 200 in 77ms
2026-09-22 19:27:45.882 DEBUG [farmer-service,9dc050aecf5c9de2,f6c51bc3] [farmer-sync-3] com.example.farmer.FarmerRepository - select f.* from farmer f where f.region_id = 16
2026-09-22 19:28:49.275 INFO  [farmer-service,56c5ea804d8e9698,261675cf] [farmer-sync-9] com.example.farmer.FarmerController - GET /api/v1/farmers?page=37 200 in 20ms
2026-09-22 19:28:49.508 WARN  [farmer-service,5602bade4d9cf4ee,ad92627c] [http-nio-8080-exec-9] com.example.farmer.FarmerController - Request from 192.0.2.199 missing X-Request-Id header, generated one
2026-09-22 19:30:05.520 WARN  [farmer-service,b0a21ae63a76a249,edb22db5] [http-nio-8080-exec-1] com.example.farmer.FarmerController - Request from 192.0.2.8 missing X-Request-Id header, generated one
2026-09-22 19:30:48.858 DEBUG [farmer-service,e8ee417c01fc2075,23bb9645] [http-nio-8080-exec-5] com.example.farmer.FarmerRepository - select f.* from farmer f where f.region_id = 60
2026-09-22 19:31:37.164 INFO  [farmer-service,f77923201f17ac7f,30232233] [farmer-sync-6] com.example.farmer.FarmerController - GET /api/v1/farmers?page=32 200 in 84ms
2026-09-22 19:32:17.635 WARN  [farmer-service,3b32e2e2c5933020,740a9963] [http-nio-8080-exec-8] com.example.farmer.FarmerController - Request from 192.0.2.190 missing X-Request-Id header, generated one
2026-09-22 19:33:40.292 INFO  [farmer-service,fce919edcac14b52,7b4cfb15] [http-nio-8080-exec-2] com.example.common.AuditPublisher - Published 4 audit events to nightshift.audit
2026-09-22 19:34:32.363 INFO  [farmer-service,4b3ec5ae8673e78b,a6081ec6] [http-nio-8080-exec-9] com.example.farmer.FarmerSyncScheduler - Sync batch 8909 queued, 184 pending records
2026-09-22 19:35:06.271 INFO  [farmer-service,b0934c4cc4e343f5,e1c4c3f8] [http-nio-8080-exec-8] com.example.common.AuditPublisher - Published 13 audit events to nightshift.audit
2026-09-22 19:37:44.741 DEBUG [farmer-service,1a1d06c64084d615,3ed81f97] [http-nio-8080-exec-4] com.example.farmer.FarmerRepository - select f.* from farmer f where f.region_id = 10
2026-09-22 19:38:37.395 INFO  [farmer-service,90494fa7450336d8,9d311e35] [farmer-sync-9] com.example.common.AuditPublisher - Published 4 audit events to nightshift.audit
2026-09-22 19:38:45.503 WARN  [farmer-service,3d2f0ba28b22e3a0,7b829c26] [farmer-sync-4] com.example.farmer.FarmerController - Request from 192.0.2.18 missing X-Request-Id header, generated one
2026-09-22 19:40:13.737 INFO  [farmer-service,412d24128554712f,1b799501] [http-nio-8080-exec-8] com.example.farmer.CardRenderJob - Rendered 35 cards in 2386ms
2026-09-22 19:40:57.618 DEBUG [farmer-service,91bd732c41f61cd7,a625c5b2] [farmer-sync-3] com.example.farmer.FarmerRepository - select f.* from farmer f where f.region_id = 36
2026-09-22 19:41:16.318 INFO  [farmer-service,eaf2cbb10d81bbdb,9e000b79] [farmer-sync-5] com.example.farmer.FarmerSyncScheduler - Sync batch 8456 queued, 85 pending records
2026-09-22 19:41:26.151 INFO  [farmer-service,e51746c592195d9d,ee487dcb] [http-nio-8080-exec-9] com.example.farmer.FarmerSyncScheduler - Sync batch 8054 queued, 318 pending records
2026-09-22 19:41:27.618 INFO  [farmer-service,cbe049cea17d7eab,54702d27] [farmer-sync-1] com.example.farmer.CardRenderJob - Rendered 19 cards in 1035ms
2026-09-22 19:42:36.339 INFO  [farmer-service,85344fdf04727d77,a9cf0c5d] [farmer-sync-3] com.example.farmer.CardRenderJob - Rendered 61 cards in 1264ms
2026-09-22 19:43:53.662 DEBUG [farmer-service,14d3b238a78c4f0f,c1ecb17d] [farmer-sync-2] com.example.farmer.FarmerRepository - select f.* from farmer f where f.region_id = 33
2026-09-22 19:44:19.581 WARN  [farmer-service,d24f806637607649,cc214cc7] [farmer-sync-5] com.example.farmer.FarmerController - Request from 192.0.2.111 missing X-Request-Id header, generated one
2026-09-22 19:46:23.919 WARN  [farmer-service,931ea0060aef7a1f,fc2030d1] [farmer-sync-4] com.example.farmer.FarmerController - Request from 192.0.2.164 missing X-Request-Id header, generated one
2026-09-22 19:47:09.097 DEBUG [farmer-service,c71642d75730be5e,e76bd57f] [farmer-sync-3] com.example.farmer.FarmerRepository - select f.* from farmer f where f.region_id = 55
2026-09-22 19:48:41.998 DEBUG [farmer-service,a8da81ecdeef8dbb,34ef0a0f] [farmer-sync-4] com.example.farmer.FarmerRepository - select f.* from farmer f where f.region_id = 59
2026-09-22 19:53:50.717 WARN  [farmer-service,0c308864a56af0e4,6966a15c] [farmer-sync-2] com.example.farmer.FarmerController - Request from 192.0.2.153 missing X-Request-Id header, generated one
2026-09-22 19:55:20.774 DEBUG [farmer-service,8dec94e1f2140094,8c8049c8] [farmer-sync-5] com.example.farmer.FarmerRepository - select f.* from farmer f where f.region_id = 21
2026-09-22 19:57:15.374 INFO  [farmer-service,6cce085b264f7ba5,0031a7d1] [farmer-sync-5] com.example.common.AuditPublisher - Published 21 audit events to nightshift.audit
2026-09-22 20:01:21.553 WARN  [farmer-service,ebd087326bef9309,1def8e61] [http-nio-8080-exec-4] com.example.farmer.FarmerProfileService - Concurrent update on farmer 8427, retry 1 of 3
com.example.farmer.FarmerProfileService$OptimisticLockException: Row was updated by another transaction (farmer id=8747)
	at com.example.farmer.FarmerProfileService.rename(FarmerProfileService.java:27)
	at com.example.farmer.FarmerController.rename(FarmerController.java:96)
2026-09-22 20:07:56.547 INFO  [farmer-service,c3c75717a0764db8,1baa4543] [http-nio-8080-exec-2] com.example.farmer.FarmerController - GET /api/v1/farmers?page=21 200 in 79ms
2026-09-22 20:12:00.394 ERROR [farmer-service,99dae5e8e6c680ec,cd68294b] [farmer-sync-1] com.example.farmer.FarmerSyncService - Sync failed for batch 8713: could not acquire a database connection
java.sql.SQLTransientConnectionException: HikariPool-1 - Connection is not available, request timed out after 30001ms (total=10, active=10, idle=0, waiting=7)
	at com.zaxxer.hikari.pool.HikariPool.createTimeoutException(HikariPool.java:696)
	at com.zaxxer.hikari.pool.HikariPool.getConnection(HikariPool.java:181)
	at com.example.farmer.FarmerSyncService.pushPending(FarmerSyncService.java:36)
	at com.example.farmer.FarmerSyncScheduler.run(FarmerSyncScheduler.java:58)
2026-09-22 20:18:46.767 INFO  [farmer-service,6b39597b2d3fada4,f72d4bda] [farmer-sync-9] com.example.common.AuditPublisher - Published 13 audit events to nightshift.audit
2026-09-22 20:20:37.391 INFO  [farmer-service,0bf09bb3c43971a8,53689338] [http-nio-8080-exec-5] com.example.common.AuditPublisher - Published 24 audit events to nightshift.audit
2026-09-22 20:21:32.671 INFO  [farmer-service,1ccf5cc42071c831,9b4c9844] [http-nio-8080-exec-3] com.example.farmer.FarmerController - GET /api/v1/farmers?page=12 200 in 41ms
2026-09-22 20:30:47.442 ERROR [farmer-service,1582d60b9c947084,39f6335d] [http-nio-8080-exec-4] com.example.farmer.FarmerSyncService - Sync failed for batch 8923: could not acquire a database connection
java.sql.SQLTransientConnectionException: HikariPool-1 - Connection is not available, request timed out after 30001ms (total=10, active=10, idle=0, waiting=7)
	at com.zaxxer.hikari.pool.HikariPool.createTimeoutException(HikariPool.java:696)
	at com.zaxxer.hikari.pool.HikariPool.getConnection(HikariPool.java:181)
	at com.example.farmer.FarmerSyncService.pushPending(FarmerSyncService.java:36)
	at com.example.farmer.FarmerSyncScheduler.run(FarmerSyncScheduler.java:58)
2026-09-22 20:50:08.608 ERROR [farmer-service,2ec69458a13cf974,f537b8c1] [http-nio-8080-exec-7] com.example.farmer.FarmerSyncService - Sync failed for batch 8219: could not acquire a database connection
java.sql.SQLTransientConnectionException: HikariPool-1 - Connection is not available, request timed out after 30001ms (total=10, active=10, idle=0, waiting=7)
	at com.zaxxer.hikari.pool.HikariPool.createTimeoutException(HikariPool.java:696)
	at com.zaxxer.hikari.pool.HikariPool.getConnection(HikariPool.java:181)
	at com.example.farmer.FarmerSyncService.pushPending(FarmerSyncService.java:36)
	at com.example.farmer.FarmerSyncScheduler.run(FarmerSyncScheduler.java:58)
2026-09-22 20:55:20.845 INFO  [farmer-service,ab26496fe60f0c87,7dedde67] [farmer-sync-5] com.example.farmer.FarmerSyncScheduler - Sync batch 8052 queued, 49 pending records
2026-09-22 20:56:36.555 INFO  [farmer-service,bd2a1e1e4effa3eb,2d5ec66e] [farmer-sync-1] com.example.farmer.CardRenderJob - Rendered 75 cards in 204ms
2026-09-22 20:57:44.413 INFO  [farmer-service,8fadf8488b059294,2c85bd0d] [farmer-sync-3] com.example.farmer.CardRenderJob - Rendered 8 cards in 2087ms
2026-09-22 21:03:25.307 INFO  [farmer-service,c635b4b9c11c42fe,ba11fab4] [http-nio-8080-exec-6] com.example.farmer.CardRenderJob - Rendered 73 cards in 1347ms
2026-09-22 21:09:50.752 DEBUG [farmer-service,4b5a6de263e3ca8c,e256ec09] [http-nio-8080-exec-3] com.example.farmer.FarmerRepository - select f.* from farmer f where f.region_id = 42
2026-09-22 21:13:25.558 INFO  [farmer-service,4e23eb8f9cedcba2,8a05ec21] [farmer-sync-9] com.example.common.AuditPublisher - Published 25 audit events to nightshift.audit
2026-09-22 21:21:57.964 INFO  [farmer-service,e941d4d03477ae87,6f732905] [http-nio-8080-exec-8] com.example.common.AuditPublisher - Published 18 audit events to nightshift.audit
2026-09-22 21:30:29.456 INFO  [farmer-service,bba50b4e304bc3ff,ee193a35] [http-nio-8080-exec-4] com.example.farmer.FarmerController - GET /api/v1/farmers?page=34 200 in 61ms
2026-09-22 21:35:25.292 ERROR [farmer-service,b27a9e6b5ddd0a23,4ca46bb8] [http-nio-8080-exec-9] com.example.farmer.FarmerSyncService - Sync failed for batch 8820: could not acquire a database connection
java.sql.SQLTransientConnectionException: HikariPool-1 - Connection is not available, request timed out after 30001ms (total=10, active=10, idle=0, waiting=7)
	at com.zaxxer.hikari.pool.HikariPool.createTimeoutException(HikariPool.java:696)
	at com.zaxxer.hikari.pool.HikariPool.getConnection(HikariPool.java:181)
	at com.example.farmer.FarmerSyncService.pushPending(FarmerSyncService.java:36)
	at com.example.farmer.FarmerSyncScheduler.run(FarmerSyncScheduler.java:58)
2026-09-22 21:39:37.854 ERROR [farmer-service,5fd7034a0f126a17,f222e4ea] [http-nio-8080-exec-1] com.example.farmer.FarmerSyncService - Sync failed for batch 8362: could not acquire a database connection
java.sql.SQLTransientConnectionException: HikariPool-1 - Connection is not available, request timed out after 30001ms (total=10, active=10, idle=0, waiting=7)
	at com.zaxxer.hikari.pool.HikariPool.createTimeoutException(HikariPool.java:696)
	at com.zaxxer.hikari.pool.HikariPool.getConnection(HikariPool.java:181)
	at com.example.farmer.FarmerSyncService.pushPending(FarmerSyncService.java:36)
	at com.example.farmer.FarmerSyncScheduler.run(FarmerSyncScheduler.java:58)
2026-09-22 21:42:40.564 ERROR [farmer-service,e19008135100b6ce,98a98cf8] [http-nio-8080-exec-5] com.example.farmer.FarmerSyncService - Sync failed for batch 8805: could not acquire a database connection
java.sql.SQLTransientConnectionException: HikariPool-1 - Connection is not available, request timed out after 30001ms (total=10, active=10, idle=0, waiting=7)
	at com.zaxxer.hikari.pool.HikariPool.createTimeoutException(HikariPool.java:696)
	at com.zaxxer.hikari.pool.HikariPool.getConnection(HikariPool.java:181)
	at com.example.farmer.FarmerSyncService.pushPending(FarmerSyncService.java:36)
	at com.example.farmer.FarmerSyncScheduler.run(FarmerSyncScheduler.java:58)
2026-09-22 21:53:50.457 INFO  [farmer-service,bbf29571e7e158fa,9d20b784] [farmer-sync-5] com.example.common.AuditPublisher - Published 5 audit events to nightshift.audit
2026-09-22 21:55:32.155 INFO  [farmer-service,5f931057cc137607,47f3e246] [farmer-sync-9] com.example.farmer.FarmerController - GET /api/v1/farmers?page=15 200 in 124ms
2026-09-22 22:01:24.774 INFO  [farmer-service,96ce912a69b877ef,c29a5f36] [http-nio-8080-exec-7] com.example.common.AuditPublisher - Published 22 audit events to nightshift.audit
2026-09-22 22:03:49.998 ERROR [farmer-service,c78354e5c5fb38d7,64ea05fe] [farmer-sync-5] com.example.farmer.FarmerSyncService - Sync failed for batch 8141: could not acquire a database connection
java.sql.SQLTransientConnectionException: HikariPool-1 - Connection is not available, request timed out after 30001ms (total=10, active=10, idle=0, waiting=7)
	at com.zaxxer.hikari.pool.HikariPool.createTimeoutException(HikariPool.java:696)
	at com.zaxxer.hikari.pool.HikariPool.getConnection(HikariPool.java:181)
	at com.example.farmer.FarmerSyncService.pushPending(FarmerSyncService.java:36)
	at com.example.farmer.FarmerSyncScheduler.run(FarmerSyncScheduler.java:58)
2026-09-22 22:06:56.362 WARN  [farmer-service,a25cc27a5ba8a0db,a9289451] [farmer-sync-7] com.example.farmer.FarmerController - Request from 192.0.2.220 missing X-Request-Id header, generated one
2026-09-22 22:18:37.833 INFO  [farmer-service,4c3f1ed3e06b15b4,c07abf39] [farmer-sync-8] com.example.farmer.CardRenderJob - Rendered 32 cards in 1172ms
2026-09-22 22:23:02.245 INFO  [farmer-service,93e761035055a2f7,a7d1547d] [http-nio-8080-exec-6] com.example.farmer.FarmerSyncScheduler - Sync batch 8821 queued, 61 pending records
2026-09-22 22:29:29.191 INFO  [farmer-service,62d9532783e6aca3,0baf4c61] [farmer-sync-1] com.example.farmer.FarmerController - GET /api/v1/farmers?page=5 200 in 116ms
2026-09-22 22:29:51.761 INFO  [farmer-service,bdfe6bbd6d6509dd,9de9f39c] [farmer-sync-7] com.example.farmer.CardRenderJob - Rendered 58 cards in 2147ms
2026-09-22 22:31:08.829 DEBUG [farmer-service,38c0f858dead0893,c933f8de] [http-nio-8080-exec-4] com.example.farmer.FarmerRepository - select f.* from farmer f where f.region_id = 62
2026-09-22 22:39:26.525 INFO  [farmer-service,3d5bc25b95ac8b65,2be9a00d] [farmer-sync-7] com.example.farmer.FarmerSyncScheduler - Sync batch 8695 queued, 196 pending records
2026-09-22 22:42:15.898 INFO  [farmer-service,902e286170f86d59,9d34125a] [http-nio-8080-exec-9] com.example.farmer.FarmerSyncScheduler - Sync batch 8363 queued, 320 pending records
2026-09-22 22:42:42.293 ERROR [farmer-service,2a6ca3877559eb38,614843ea] [http-nio-8080-exec-5] com.example.farmer.CardRenderJob - Failed to render card label for farmer 68128
java.lang.NullPointerException: Cannot invoke "String.charAt(int)" because "middleName" is null
	at com.example.common.NameFormatter.initials(NameFormatter.java:22)
	at com.example.farmer.FarmerSyncService.cardLabel(FarmerSyncService.java:53)
	at com.example.farmer.CardRenderJob.render(CardRenderJob.java:74)
	at java.base/java.util.concurrent.ThreadPoolExecutor.runWorker(ThreadPoolExecutor.java:1144)
	at java.base/java.lang.Thread.run(Thread.java:1583)
2026-09-22 22:44:15.547 INFO  [farmer-service,1597687b0721635c,9729ff0f] [http-nio-8080-exec-4] com.example.common.AuditPublisher - Published 17 audit events to nightshift.audit
2026-09-22 22:47:56.475 WARN  [farmer-service,7ab953331253fffc,525c43a8] [farmer-sync-8] com.example.farmer.FarmerController - Request from 192.0.2.199 missing X-Request-Id header, generated one
2026-09-22 23:30:59.601 INFO  [farmer-service,1f2b80900d4e6387,7a9bacfa] [farmer-sync-5] com.example.common.AuditPublisher - Published 21 audit events to nightshift.audit
2026-09-22 23:37:12.147 WARN  [farmer-service,6b12a0085fb31f25,0ba0e330] [farmer-sync-4] com.example.farmer.FarmerController - Request from 192.0.2.40 missing X-Request-Id header, generated one
2026-09-22 23:41:53.717 ERROR [farmer-service,b6b24b32cbd6280a,9a552425] [farmer-sync-1] com.example.farmer.FarmerSyncService - Sync failed for batch 8390: could not acquire a database connection
java.sql.SQLTransientConnectionException: HikariPool-1 - Connection is not available, request timed out after 30001ms (total=10, active=10, idle=0, waiting=7)
	at com.zaxxer.hikari.pool.HikariPool.createTimeoutException(HikariPool.java:696)
	at com.zaxxer.hikari.pool.HikariPool.getConnection(HikariPool.java:181)
	at com.example.farmer.FarmerSyncService.pushPending(FarmerSyncService.java:36)
	at com.example.farmer.FarmerSyncScheduler.run(FarmerSyncScheduler.java:58)
2026-09-22 23:44:06.619 INFO  [farmer-service,3228b5f2b0ebe8a3,92d5c1d0] [http-nio-8080-exec-7] com.example.common.AuditPublisher - Published 10 audit events to nightshift.audit
2026-09-22 23:46:14.423 INFO  [farmer-service,84eb8d12d895e133,f94884b5] [http-nio-8080-exec-4] com.example.farmer.CardRenderJob - Rendered 79 cards in 473ms
2026-09-22 23:56:37.821 INFO  [farmer-service,92de4c4f2728279e,8c841077] [farmer-sync-5] com.example.farmer.FarmerSyncScheduler - Sync batch 8223 queued, 105 pending records
2026-09-22 23:58:35.201 INFO  [farmer-service,9bd3ec05a600c58f,beaa0a35] [http-nio-8080-exec-9] com.example.farmer.CardRenderJob - Rendered 15 cards in 1779ms
